phenomenon,subtype,group_id,comparison,condition_type,comparison_type,tense,negation,matrix_subj_category,matrix_subj,matrix_type,verb_target,verb_reference,unique_id,assertion_id,rank,sentence1,sentence2
CP + Q,,GRP001,differences,critical,matrix_verb,present,no,third_person,John,declarative,,,cpq_pres_aff_3p_decl_that_base,0,1,John thinks that it is raining.,John thinks whether it is raining.
CP + Q,,GRP001,differences,critical,matrix_verb,present,no,third_person,John,declarative,,,cpq_pres_aff_3p_decl_that_base,0,2,John knows that it is raining.,John knows whether it is raining.
CP + Q,,GRP001,differences,critical,embedded_type,present,no,third_person,John,declarative,,,cpq_pres_aff_3p_decl_that_base,1,1,John knows whether it is raining.,John thinks whether it is raining.
CP + Q,,GRP001,differences,critical,embedded_type,present,no,third_person,John,declarative,,,cpq_pres_aff_3p_decl_that_base,1,2,John thinks that it is raining.,John knows that it is raining.
CP + Q,,GRP001,differences,control,matrix_verb,present,no,third_person,John,declarative,,,cpq_pres_aff_3p_decl_that_base,2,1,John wonders whether it is raining.,John wonders that it is raining.
CP + Q,,GRP001,differences,control,matrix_verb,present,no,third_person,John,declarative,,,cpq_pres_aff_3p_decl_that_base,2,2,John knows that it is raining.,John knows whether it is raining.
CP + Q,,GRP001,differences,control,embedded_type,present,no,third_person,John,declarative,,,cpq_pres_aff_3p_decl_that_base,3,1,John knows that it is raining.,John wonders that it is raining.
CP + Q,,GRP001,differences,control,embedded_type,present,no,third_person,John,declarative,,,cpq_pres_aff_3p_decl_that_base,3,2,John wonders whether it is raining.,John knows whether it is raining.
CP + Q,,GRP001,differences,critical,matrix_verb,present,no,third_person,Christopher,declarative,,,cpq_pres_aff_3p_decl_that_variant_1,4,1,Christopher thinks that it is raining.,Christopher thinks whether it is raining.
CP + Q,,GRP001,differences,critical,matrix_verb,present,no,third_person,Christopher,declarative,,,cpq_pres_aff_3p_decl_that_variant_1,4,2,Christopher knows that it is raining.,Christopher knows whether it is raining.
CP + Q,,GRP001,differences,critical,embedded_type,present,no,third_person,Christopher,declarative,,,cpq_pres_aff_3p_decl_that_variant_1,5,1,Christopher knows whether it is raining.,Christopher thinks whether it is raining.
CP + Q,,GRP001,differences,critical,embedded_type,present,no,third_person,Christopher,declarative,,,cpq_pres_aff_3p_decl_that_variant_1,5,2,Christopher thinks that it is raining.,Christopher knows that it is raining.
CP + Q,,GRP001,differences,control,matrix_verb,present,no,third_person,Christopher,declarative,,,cpq_pres_aff_3p_decl_that_variant_1,6,1,Christopher wonders whether it is raining.,Christopher wonders that it is raining.
CP + Q,,GRP001,differences,control,matrix_verb,present,no,third_person,Christopher,declarative,,,cpq_pres_aff_3p_decl_that_variant_1,6,2,Christopher knows that it is raining.,Christopher knows whether it is raining.
CP + Q,,GRP001,differences,control,embedded_type,present,no,third_person,Christopher,declarative,,,cpq_pres_aff_3p_decl_that_variant_1,7,1,Christopher knows that it is raining.,Christopher wonders that it is raining.
CP + Q,,GRP001,differences,control,embedded_type,present,no,third_person,Christopher,declarative,,,cpq_pres_aff_3p_decl_that_variant_1,7,2,Christopher wonders whether it is raining.,Christopher knows whether it is raining.
CP + Q,,GRP001,differences,critical,matrix_verb,present,no,third_person,the teacher,declarative,,,cpq_pres_aff_3p_decl_that_variant_2,8,1,The teacher thinks that it is raining.,The teacher thinks whether it is raining.
CP + Q,,GRP001,differences,critical,matrix_verb,present,no,third_person,the teacher,declarative,,,cpq_pres_aff_3p_decl_that_variant_2,8,2,The teacher knows that it is raining.,The teacher knows whether it is raining.
CP + Q,,GRP001,differences,critical,embedded_type,present,no,third_person,the teacher,declarative,,,cpq_pres_aff_3p_decl_that_variant_2,9,1,The teacher knows whether it is raining.,The teacher thinks whether it is raining.
CP + Q,,GRP001,differences,critical,embedded_type,present,no,third_person,the teacher,declarative,,,cpq_pres_aff_3p_decl_that_variant_2,9,2,The teacher thinks that it is raining.,The teacher knows that it is raining.
CP + Q,,GRP001,differences,control,matrix_verb,present,no,third_person,the teacher,declarative,,,cpq_pres_aff_3p_decl_that_variant_2,10,1,The teacher wonders whether it is raining.,The teacher wonders that it is raining.
CP + Q,,GRP001,differences,control,matrix_verb,present,no,third_person,the teacher,declarative,,,cpq_pres_aff_3p_decl_that_variant_2,10,2,The teacher knows that it is raining.,The teacher knows whether it is raining.
CP + Q,,GRP001,differences,control,embedded_type,present,no,third_person,the teacher,declarative,,,cpq_pres_aff_3p_decl_that_variant_2,11,1,The teacher knows that it is raining.,The teacher wonders that it is raining.
CP + Q,,GRP001,differences,control,embedded_type,present,no,third_person,the teacher,declarative,,,cpq_pres_aff_3p_decl_that_variant_2,11,2,The teacher wonders whether it is raining.,The teacher knows whether it is raining.
CP + Q,,GRP001,differences,critical,matrix_verb,present,yes,third_person,John,declarative,,,cpq_pres_neg_3p_decl_that_base,12,1,John doesn't think that it is raining.,John doesn't think whether it is raining.
CP + Q,,GRP001,differences,critical,matrix_verb,present,yes,third_person,John,declarative,,,cpq_pres_neg_3p_decl_that_base,12,2,John doesn't know that it is raining.,John doesn't know whether it is raining.
CP + Q,,GRP001,differences,critical,embedded_type,present,yes,third_person,John,declarative,,,cpq_pres_neg_3p_decl_that_base,13,1,John doesn't know whether it is raining.,John doesn't think whether it is raining.
CP + Q,,GRP001,differences,critical,embedded_type,present,yes,third_person,John,declarative,,,cpq_pres_neg_3p_decl_that_base,13,2,John doesn't think that it is raining.,John doesn't know that it is raining.
CP + Q,,GRP001,differences,control,matrix_verb,present,yes,third_person,John,declarative,,,cpq_pres_neg_3p_decl_that_base,14,1,John doesn't wonder whether it is raining.,John doesn't wonder that it is raining.
CP + Q,,GRP001,differences,control,matrix_verb,present,yes,third_person,John,declarative,,,cpq_pres_neg_3p_decl_that_base,14,2,John doesn't know that it is raining.,John doesn't know whether it is raining.
CP + Q,,GRP001,differences,control,embedded_type,present,yes,third_person,John,declarative,,,cpq_pres_neg_3p_decl_that_base,15,1,John doesn't know that it is raining.,John doesn't wonder that it is raining.
CP + Q,,GRP001,differences,control,embedded_type,present,yes,third_person,John,declarative,,,cpq_pres_neg_3p_decl_that_base,15,2,John doesn't wonder whether it is raining.,John doesn't know whether it is raining.
CP + Q,,GRP001,differences,critical,matrix_verb,present,yes,third_person,they,declarative,,,cpq_pres_neg_3p_decl_that_variant_1,16,1,They don't think that it is snowing.,They don't think whether it is snowing.
CP + Q,,GRP001,differences,critical,matrix_verb,present,yes,third_person,they,declarative,,,cpq_pres_neg_3p_decl_that_variant_1,16,2,They don't know that it is snowing.,They don't know whether it is snowing.
CP + Q,,GRP001,differences,critical,embedded_type,present,yes,third_person,they,declarative,,,cpq_pres_neg_3p_decl_that_variant_1,17,1,They don't know whether it is snowing.,They don't think whether it is snowing.
CP + Q,,GRP001,differences,critical,embedded_type,present,yes,third_person,they,declarative,,,cpq_pres_neg_3p_decl_that_variant_1,17,2,They don't think that it is snowing.,They don't know that it is snowing.
CP + Q,,GRP001,differences,control,matrix_verb,present,yes,third_person,they,declarative,,,cpq_pres_neg_3p_decl_that_variant_1,18,1,They don't wonder whether it is snowing.,They don't wonder that it is snowing.
CP + Q,,GRP001,differences,control,matrix_verb,present,yes,third_person,they,declarative,,,cpq_pres_neg_3p_decl_that_variant_1,18,2,They don't know that it is snowing.,They don't know whether it is snowing.
CP + Q,,GRP001,differences,control,embedded_type,present,yes,third_person,they,declarative,,,cpq_pres_neg_3p_decl_that_variant_1,19,1,They don't know that it is snowing.,They don't wonder that it is snowing.
CP + Q,,GRP001,differences,control,embedded_type,present,yes,third_person,they,declarative,,,cpq_pres_neg_3p_decl_that_variant_1,19,2,They don't wonder whether it is snowing.,They don't know whether it is snowing.
CP + Q,,GRP001,differences,critical,matrix_verb,present,yes,third_person,they,declarative,,,cpq_pres_neg_3p_decl_that_variant_2,20,1,They don't think that the vase broke.,They don't think whether the vase broke.
CP + Q,,GRP001,differences,critical,matrix_verb,present,yes,third_person,they,declarative,,,cpq_pres_neg_3p_decl_that_variant_2,20,2,They don't know that the vase broke.,They don't know whether the vase broke.
CP + Q,,GRP001,differences,critical,embedded_type,present,yes,third_person,they,declarative,,,cpq_pres_neg_3p_decl_that_variant_2,21,1,They don't know whether the vase broke.,They don't think whether the vase broke.
CP + Q,,GRP001,differences,critical,embedded_type,present,yes,third_person,they,declarative,,,cpq_pres_neg_3p_decl_that_variant_2,21,2,They don't think that the vase broke.,They don't know that the vase broke.
CP + Q,,GRP001,differences,control,matrix_verb,present,yes,third_person,they,declarative,,,cpq_pres_neg_3p_decl_that_variant_2,22,1,They don't wonder whether the vase broke.,They don't wonder that the vase broke.
CP + Q,,GRP001,differences,control,matrix_verb,present,yes,third_person,they,declarative,,,cpq_pres_neg_3p_decl_that_variant_2,22,2,They don't know that the vase broke.,They don't know whether the vase broke.
CP + Q,,GRP001,differences,control,embedded_type,present,yes,third_person,they,declarative,,,cpq_pres_neg_3p_decl_that_variant_2,23,1,They don't know that the vase broke.,They don't wonder that the vase broke.
CP + Q,,GRP001,differences,control,embedded_type,present,yes,third_person,they,declarative,,,cpq_pres_neg_3p_decl_that_variant_2,23,2,They don't wonder whether the vase broke.,They don't know whether the vase broke.
CP + Q,,GRP001,differences,critical,matrix_verb,past,no,third_person,John,declarative,,,cpq_past_aff_3p_decl_that_base,24,1,John thought that it was raining.,John thought whether it was raining.
CP + Q,,GRP001,differences,critical,matrix_verb,past,no,third_person,John,declarative,,,cpq_past_aff_3p_decl_that_base,24,2,John knew that it was raining.,John knew whether it was raining.
CP + Q,,GRP001,differences,critical,embedded_type,past,no,third_person,John,declarative,,,cpq_past_aff_3p_decl_that_base,25,1,John knew whether it was raining.,John thought whether it was raining.
CP + Q,,GRP001,differences,critical,embedded_type,past,no,third_person,John,declarative,,,cpq_past_aff_3p_decl_that_base,25,2,John thought that it was raining.,John knew that it was raining.
CP + Q,,GRP001,differences,control,matrix_verb,past,no,third_person,John,declarative,,,cpq_past_aff_3p_decl_that_base,26,1,John wondered whether it was raining.,John wondered that it was raining.
CP + Q,,GRP001,differences,control,matrix_verb,past,no,third_person,John,declarative,,,cpq_past_aff_3p_decl_that_base,26,2,John knew that it was raining.,John knew whether it was raining.
CP + Q,,GRP001,differences,control,embedded_type,past,no,third_person,John,declarative,,,cpq_past_aff_3p_decl_that_base,27,1,John knew that it was raining.,John wondered that it was raining.
CP + Q,,GRP001,differences,control,embedded_type,past,no,third_person,John,declarative,,,cpq_past_aff_3p_decl_that_base,27,2,John wondered whether it was raining.,John knew whether it was raining.
CP + Q,,GRP001,differences,critical,matrix_verb,past,no,third_person,the doctor,declarative,,,cpq_past_aff_3p_decl_that_variant_1,28,1,The doctor thought that the glass broke.,The doctor thought whether the glass broke.
CP + Q,,GRP001,differences,critical,matrix_verb,past,no,third_person,the doctor,declarative,,,cpq_past_aff_3p_decl_that_variant_1,28,2,The doctor knew that the glass broke.,The doctor knew whether the glass broke.
CP + Q,,GRP001,differences,critical,embedded_type,past,no,third_person,the doctor,declarative,,,cpq_past_aff_3p_decl_that_variant_1,29,1,The doctor knew whether the glass broke.,The doctor thought whether the glass broke.
CP + Q,,GRP001,differences,critical,embedded_type,past,no,third_person,the doctor,declarative,,,cpq_past_aff_3p_decl_that_variant_1,29,2,The doctor thought that the glass broke.,The doctor knew that the glass broke.
CP + Q,,GRP001,differences,control,matrix_verb,past,no,third_person,the doctor,declarative,,,cpq_past_aff_3p_decl_that_variant_1,30,1,The doctor wondered whether the glass broke.,The doctor wondered that the glass broke.
CP + Q,,GRP001,differences,control,matrix_verb,past,no,third_person,the doctor,declarative,,,cpq_past_aff_3p_decl_that_variant_1,30,2,The doctor knew that the glass broke.,The doctor knew whether the glass broke.
CP + Q,,GRP001,differences,control,embedded_type,past,no,third_person,the doctor,declarative,,,cpq_past_aff_3p_decl_that_variant_1,31,1,The doctor knew that the glass broke.,The doctor wondered that the glass broke.
CP + Q,,GRP001,differences,control,embedded_type,past,no,third_person,the doctor,declarative,,,cpq_past_aff_3p_decl_that_variant_1,31,2,The doctor wondered whether the glass broke.,The doctor knew whether the glass broke.
CP + Q,,GRP001,differences,critical,matrix_verb,past,no,third_person,he,declarative,,,cpq_past_aff_3p_decl_that_variant_2,32,1,He thought that it was raining.,He thought whether it was raining.
CP + Q,,GRP001,differences,critical,matrix_verb,past,no,third_person,he,declarative,,,cpq_past_aff_3p_decl_that_variant_2,32,2,He knew that it was raining.,He knew whether it was raining.
CP + Q,,GRP001,differences,critical,embedded_type,past,no,third_person,he,declarative,,,cpq_past_aff_3p_decl_that_variant_2,33,1,He knew whether it was raining.,He thought whether it was raining.
CP + Q,,GRP001,differences,critical,embedded_type,past,no,third_person,he,declarative,,,cpq_past_aff_3p_decl_that_variant_2,33,2,He thought that it was raining.,He knew that it was raining.
CP + Q,,GRP001,differences,control,matrix_verb,past,no,third_person,he,declarative,,,cpq_past_aff_3p_decl_that_variant_2,34,1,He wondered whether it was raining.,He wondered that it was raining.
CP + Q,,GRP001,differences,control,matrix_verb,past,no,third_person,he,declarative,,,cpq_past_aff_3p_decl_that_variant_2,34,2,He knew that it was raining.,He knew whether it was raining.
CP + Q,,GRP001,differences,control,embedded_type,past,no,third_person,he,declarative,,,cpq_past_aff_3p_decl_that_variant_2,35,1,He knew that it was raining.,He wondered that it was raining.
CP + Q,,GRP001,differences,control,embedded_type,past,no,third_person,he,declarative,,,cpq_past_aff_3p_decl_that_variant_2,35,2,He wondered whether it was raining.,He knew whether it was raining.
CP + Q,,GRP001,differences,critical,matrix_verb,past,yes,third_person,John,declarative,,,cpq_past_neg_3p_decl_that_base,36,1,John didn't think that it was raining.,John didn't think whether it was raining.
CP + Q,,GRP001,differences,critical,matrix_verb,past,yes,third_person,John,declarative,,,cpq_past_neg_3p_decl_that_base,36,2,John didn't know that it was raining.,John didn't know whether it was raining.
CP + Q,,GRP001,differences,critical,embedded_type,past,yes,third_person,John,declarative,,,cpq_past_neg_3p_decl_that_base,37,1,John didn't know whether it was raining.,John didn't think whether it was raining.
CP + Q,,GRP001,differences,critical,embedded_type,past,yes,third_person,John,declarative,,,cpq_past_neg_3p_decl_that_base,37,2,John didn't think that it was raining.,John didn't know that it was raining.
CP + Q,,GRP001,differences,control,matrix_verb,past,yes,third_person,John,declarative,,,cpq_past_neg_3p_decl_that_base,38,1,John didn't wonder whether it was raining.,John didn't wonder that it was raining.
CP + Q,,GRP001,differences,control,matrix_verb,past,yes,third_person,John,declarative,,,cpq_past_neg_3p_decl_that_base,38,2,John didn't know that it was raining.,John didn't know whether it was raining.
CP + Q,,GRP001,differences,control,embedded_type,past,yes,third_person,John,declarative,,,cpq_past_neg_3p_decl_that_base,39,1,John didn't know that it was raining.,John didn't wonder that it was raining.
CP + Q,,GRP001,differences,control,embedded_type,past,yes,third_person,John,declarative,,,cpq_past_neg_3p_decl_that_base,39,2,John didn't wonder whether it was raining.,John didn't know whether it was raining.
CP + Q,,GRP001,differences,critical,matrix_verb,past,yes,third_person,he,declarative,,,cpq_past_neg_3p_decl_that_variant_1,40,1,He didn't think that it was raining.,He didn't think whether it was raining.
CP + Q,,GRP001,differences,critical,matrix_verb,past,yes,third_person,he,declarative,,,cpq_past_neg_3p_decl_that_variant_1,40,2,He didn't know that it was raining.,He didn't know whether it was raining.
CP + Q,,GRP001,differences,critical,embedded_type,past,yes,third_person,he,declarative,,,cpq_past_neg_3p_decl_that_variant_1,41,1,He didn't know whether it was raining.,He didn't think whether it was raining.
CP + Q,,GRP001,differences,critical,embedded_type,past,yes,third_person,he,declarative,,,cpq_past_neg_3p_decl_that_variant_1,41,2,He didn't think that it was raining.,He didn't know that it was raining.
CP + Q,,GRP001,differences,control,matrix_verb,past,yes,third_person,he,declarative,,,cpq_past_neg_3p_decl_that_variant_1,42,1,He didn't wonder whether it was raining.,He didn't wonder that it was raining.
CP + Q,,GRP001,differences,control,matrix_verb,past,yes,third_person,he,declarative,,,cpq_past_neg_3p_decl_that_variant_1,42,2,He didn't know that it was raining.,He didn't know whether it was raining.
CP + Q,,GRP001,differences,control,embedded_type,past,yes,third_person,he,declarative,,,cpq_past_neg_3p_decl_that_variant_1,43,1,He didn't know that it was raining.,He didn't wonder that it was raining.
CP + Q,,GRP001,differences,control,embedded_type,past,yes,third_person,he,declarative,,,cpq_past_neg_3p_decl_that_variant_1,43,2,He didn't wonder whether it was raining.,He didn't know whether it was raining.
CP + Q,,GRP001,differences,critical,matrix_verb,past,yes,third_person,the woman,declarative,,,cpq_past_neg_3p_decl_that_variant_2,44,1,The woman didn't think that it was sunny.,The woman didn't think whether it was sunny.
CP + Q,,GRP001,differences,critical,matrix_verb,past,yes,third_person,the woman,declarative,,,cpq_past_neg_3p_decl_that_variant_2,44,2,The woman didn't know that it was sunny.,The woman didn't know whether it was sunny.
CP + Q,,GRP001,differences,critical,embedded_type,past,yes,third_person,the woman,declarative,,,cpq_past_neg_3p_decl_that_variant_2,45,1,The woman didn't know whether it was sunny.,The woman didn't think whether it was sunny.
CP + Q,,GRP001,differences,critical,embedded_type,past,yes,third_person,the woman,declarative,,,cpq_past_neg_3p_decl_that_variant_2,45,2,The woman didn't think that it was sunny.,The woman didn't know that it was sunny.
CP + Q,,GRP001,differences,control,matrix_verb,past,yes,third_person,the woman,declarative,,,cpq_past_neg_3p_decl_that_variant_2,46,1,The woman didn't wonder whether it was sunny.,The woman didn't wonder that it was sunny.
CP + Q,,GRP001,differences,control,matrix_verb,past,yes,third_person,the woman,declarative,,,cpq_past_neg_3p_decl_that_variant_2,46,2,The woman didn't know that it was sunny.,The woman didn't know whether it was sunny.
CP + Q,,GRP001,differences,control,embedded_type,past,yes,third_person,the woman,declarative,,,cpq_past_neg_3p_decl_that_variant_2,47,1,The woman didn't know that it was sunny.,The woman didn't wonder that it was sunny.
CP + Q,,GRP001,differences,control,embedded_type,past,yes,third_person,the woman,declarative,,,cpq_past_neg_3p_decl_that_variant_2,47,2,The woman didn't wonder whether it was sunny.,The woman didn't know whether it was sunny.
CP + Q,,GRP001,differences,critical,matrix_verb,present,no,third_person,John,polar_question,,,cpq_pres_aff_3p_pol_that_base,48,1,Does John think that it is raining?,Does John think whether it is raining?
CP + Q,,GRP001,differences,critical,matrix_verb,present,no,third_person,John,polar_question,,,cpq_pres_aff_3p_pol_that_base,48,2,Does John know that it is raining?,Does John know whether it is raining?
CP + Q,,GRP001,differences,critical,embedded_type,present,no,third_person,John,polar_question,,,cpq_pres_aff_3p_pol_that_base,49,1,Does John know whether it is raining?,Does John think whether it is raining?
CP + Q,,GRP001,differences,critical,embedded_type,present,no,third_person,John,polar_question,,,cpq_pres_aff_3p_pol_that_base,49,2,Does John think that it is raining?,Does John know that it is raining?
CP + Q,,GRP001,differences,control,matrix_verb,present,no,third_person,John,polar_question,,,cpq_pres_aff_3p_pol_that_base,50,1,Does John wonder whether it is raining?,Does John wonder that it is raining?
CP + Q,,GRP001,differences,control,matrix_verb,present,no,third_person,John,polar_question,,,cpq_pres_aff_3p_pol_that_base,50,2,Does John know that it is raining?,Does John know whether it is raining?
CP + Q,,GRP001,differences,control,embedded_type,present,no,third_person,John,polar_question,,,cpq_pres_aff_3p_pol_that_base,51,1,Does John know that it is raining?,Does John wonder that it is raining?
CP + Q,,GRP001,differences,control,embedded_type,present,no,third_person,John,polar_question,,,cpq_pres_aff_3p_pol_that_base,51,2,Does John wonder whether it is raining?,Does John know whether it is raining?
CP + Q,,GRP001,differences,critical,matrix_verb,present,no,third_person,John,polar_question,,,cpq_pres_aff_3p_pol_that_variant_1,52,1,Does John think that it is sunny?,Does John think whether it is sunny?
CP + Q,,GRP001,differences,critical,matrix_verb,present,no,third_person,John,polar_question,,,cpq_pres_aff_3p_pol_that_variant_1,52,2,Does John know that it is sunny?,Does John know whether it is sunny?
CP + Q,,GRP001,differences,critical,embedded_type,present,no,third_person,John,polar_question,,,cpq_pres_aff_3p_pol_that_variant_1,53,1,Does John know whether it is sunny?,Does John think whether it is sunny?
CP + Q,,GRP001,differences,critical,embedded_type,present,no,third_person,John,polar_question,,,cpq_pres_aff_3p_pol_that_variant_1,53,2,Does John think that it is sunny?,Does John know that it is sunny?
CP + Q,,GRP001,differences,control,matrix_verb,present,no,third_person,John,polar_question,,,cpq_pres_aff_3p_pol_that_variant_1,54,1,Does John wonder whether it is sunny?,Does John wonder that it is sunny?
CP + Q,,GRP001,differences,control,matrix_verb,present,no,third_person,John,polar_question,,,cpq_pres_aff_3p_pol_that_variant_1,54,2,Does John know that it is sunny?,Does John know whether it is sunny?
CP + Q,,GRP001,differences,control,embedded_type,present,no,third_person,John,polar_question,,,cpq_pres_aff_3p_pol_that_variant_1,55,1,Does John know that it is sunny?,Does John wonder that it is sunny?
CP + Q,,GRP001,differences,control,embedded_type,present,no,third_person,John,polar_question,,,cpq_pres_aff_3p_pol_that_variant_1,55,2,Does John wonder whether it is sunny?,Does John know whether it is sunny?
CP + Q,,GRP001,differences,critical,matrix_verb,present,no,third_person,John,polar_question,,,cpq_pres_aff_3p_pol_that_variant_2,56,1,Does John think that it is snowing?,Does John think whether it is snowing?
CP + Q,,GRP001,differences,critical,matrix_verb,present,no,third_person,John,polar_question,,,cpq_pres_aff_3p_pol_that_variant_2,56,2,Does John know that it is snowing?,Does John know whether it is snowing?
CP + Q,,GRP001,differences,critical,embedded_type,present,no,third_person,John,polar_question,,,cpq_pres_aff_3p_pol_that_variant_2,57,1,Does John know whether it is snowing?,Does John think whether it is snowing?
CP + Q,,GRP001,differences,critical,embedded_type,present,no,third_person,John,polar_question,,,cpq_pres_aff_3p_pol_that_variant_2,57,2,Does John think that it is snowing?,Does John know that it is snowing?
CP + Q,,GRP001,differences,control,matrix_verb,present,no,third_person,John,polar_question,,,cpq_pres_aff_3p_pol_that_variant_2,58,1,Does John wonder whether it is snowing?,Does John wonder that it is snowing?
CP + Q,,GRP001,differences,control,matrix_verb,present,no,third_person,John,polar_question,,,cpq_pres_aff_3p_pol_that_variant_2,58,2,Does John know that it is snowing?,Does John know whether it is snowing?
CP + Q,,GRP001,differences,control,embedded_type,present,no,third_person,John,polar_question,,,cpq_pres_aff_3p_pol_that_variant_2,59,1,Does John know that it is snowing?,Does John wonder that it is snowing?
CP + Q,,GRP001,differences,control,embedded_type,present,no,third_person,John,polar_question,,,cpq_pres_aff_3p_pol_that_variant_2,59,2,Does John wonder whether it is snowing?,Does John know whether it is snowing?
CP + Q,,GRP001,differences,critical,matrix_verb,past,no,third_person,John,polar_question,,,cpq_past_aff_3p_pol_that_base,60,1,Did John think that it was raining?,Did John think whether it was raining?
CP + Q,,GRP001,differences,critical,matrix_verb,past,no,third_person,John,polar_question,,,cpq_past_aff_3p_pol_that_base,60,2,Did John know that it was raining?,Did John know whether it was raining?
CP + Q,,GRP001,differences,critical,embedded_type,past,no,third_person,John,polar_question,,,cpq_past_aff_3p_pol_that_base,61,1,Did John know whether it was raining?,Did John think whether it was raining?
CP + Q,,GRP001,differences,critical,embedded_type,past,no,third_person,John,polar_question,,,cpq_past_aff_3p_pol_that_base,61,2,Did John think that it was raining?,Did John know that it was raining?
CP + Q,,GRP001,differences,control,matrix_verb,past,no,third_person,John,polar_question,,,cpq_past_aff_3p_pol_that_base,62,1,Did John wonder whether it was raining?,Did John wonder that it was raining?
CP + Q,,GRP001,differences,control,matrix_verb,past,no,third_person,John,polar_question,,,cpq_past_aff_3p_pol_that_base,62,2,Did John know that it was raining?,Did John know whether it was raining?
CP + Q,,GRP001,differences,control,embedded_type,past,no,third_person,John,polar_question,,,cpq_past_aff_3p_pol_that_base,63,1,Did John know that it was raining?,Did John wonder that it was raining?
CP + Q,,GRP001,differences,control,embedded_type,past,no,third_person,John,polar_question,,,cpq_past_aff_3p_pol_that_base,63,2,Did John wonder whether it was raining?,Did John know whether it was raining?
CP + Q,,GRP001,differences,critical,matrix_verb,past,no,third_person,he,polar_question,,,cpq_past_aff_3p_pol_that_variant_1,64,1,Did he think that it was raining?,Did he think whether it was raining?
CP + Q,,GRP001,differences,critical,matrix_verb,past,no,third_person,he,polar_question,,,cpq_past_aff_3p_pol_that_variant_1,64,2,Did he know that it was raining?,Did he know whether it was raining?
CP + Q,,GRP001,differences,critical,embedded_type,past,no,third_person,he,polar_question,,,cpq_past_aff_3p_pol_that_variant_1,65,1,Did he know whether it was raining?,Did he think whether it was raining?
CP + Q,,GRP001,differences,critical,embedded_type,past,no,third_person,he,polar_question,,,cpq_past_aff_3p_pol_that_variant_1,65,2,Did he think that it was raining?,Did he know that it was raining?
CP + Q,,GRP001,differences,control,matrix_verb,past,no,third_person,he,polar_question,,,cpq_past_aff_3p_pol_that_variant_1,66,1,Did he wonder whether it was raining?,Did he wonder that it was raining?
CP + Q,,GRP001,differences,control,matrix_verb,past,no,third_person,he,polar_question,,,cpq_past_aff_3p_pol_that_variant_1,66,2,Did he know that it was raining?,Did he know whether it was raining?
CP + Q,,GRP001,differences,control,embedded_type,past,no,third_person,he,polar_question,,,cpq_past_aff_3p_pol_that_variant_1,67,1,Did he know that it was raining?,Did he wonder that it was raining?
CP + Q,,GRP001,differences,control,embedded_type,past,no,third_person,he,polar_question,,,cpq_past_aff_3p_pol_that_variant_1,67,2,Did he wonder whether it was raining?,Did he know whether it was raining?
CP + Q,,GRP001,differences,critical,matrix_verb,past,no,third_person,Mary,polar_question,,,cpq_past_aff_3p_pol_that_variant_2,68,1,Did Mary think that it was raining?,Did Mary think whether it was raining?
CP + Q,,GRP001,differences,critical,matrix_verb,past,no,third_person,Mary,polar_question,,,cpq_past_aff_3p_pol_that_variant_2,68,2,Did Mary know that it was raining?,Did Mary know whether it was raining?
CP + Q,,GRP001,differences,critical,embedded_type,past,no,third_person,Mary,polar_question,,,cpq_past_aff_3p_pol_that_variant_2,69,1,Did Mary know whether it was raining?,Did Mary think whether it was raining?
CP + Q,,GRP001,differences,critical,embedded_type,past,no,third_person,Mary,polar_question,,,cpq_past_aff_3p_pol_that_variant_2,69,2,Did Mary think that it was raining?,Did Mary know that it was raining?
CP + Q,,GRP001,differences,control,matrix_verb,past,no,third_person,Mary,polar_question,,,cpq_past_aff_3p_pol_that_variant_2,70,1,Did Mary wonder whether it was raining?,Did Mary wonder that it was raining?
CP + Q,,GRP001,differences,control,matrix_verb,past,no,third_person,Mary,polar_question,,,cpq_past_aff_3p_pol_that_variant_2,70,2,Did Mary know that it was raining?,Did Mary know whether it was raining?
CP + Q,,GRP001,differences,control,embedded_type,past,no,third_person,Mary,polar_question,,,cpq_past_aff_3p_pol_that_variant_2,71,1,Did Mary know that it was raining?,Did Mary wonder that it was raining?
CP + Q,,GRP001,differences,control,embedded_type,past,no,third_person,Mary,polar_question,,,cpq_past_aff_3p_pol_that_variant_2,71,2,Did Mary wonder whether it was raining?,Did Mary know whether it was raining?
CP + Q,,GRP001,differences,critical,matrix_verb,present,no,first_person,I,declarative,,,cpq_pres_aff_1p_decl_that_base,72,1,I think that it is raining.,I think whether it is raining.
CP + Q,,GRP001,differences,critical,matrix_verb,present,no,first_person,I,declarative,,,cpq_pres_aff_1p_decl_that_base,72,2,I know that it is raining.,I know whether it is raining.
CP + Q,,GRP001,differences,critical,embedded_type,present,no,first_person,I,declarative,,,cpq_pres_aff_1p_decl_that_base,73,1,I know whether it is raining.,I think whether it is raining.
CP + Q,,GRP001,differences,critical,embedded_type,present,no,first_person,I,declarative,,,cpq_pres_aff_1p_decl_that_base,73,2,I think that it is raining.,I know that it is raining.
CP + Q,,GRP001,differences,control,matrix_verb,present,no,first_person,I,declarative,,,cpq_pres_aff_1p_decl_that_base,74,1,I wonder whether it is raining.,I wonder that it is raining.
CP + Q,,GRP001,differences,control,matrix_verb,present,no,first_person,I,declarative,,,cpq_pres_aff_1p_decl_that_base,74,2,I know that it is raining.,I know whether it is raining.
CP + Q,,GRP001,differences,control,embedded_type,present,no,first_person,I,declarative,,,cpq_pres_aff_1p_decl_that_base,75,1,I know that it is raining.,I wonder that it is raining.
CP + Q,,GRP001,differences,control,embedded_type,present,no,first_person,I,declarative,,,cpq_pres_aff_1p_decl_that_base,75,2,I wonder whether it is raining.,I know whether it is raining.
CP + Q,,GRP001,differences,critical,matrix_verb,present,no,first_person,I,declarative,,,cpq_pres_aff_1p_decl_that_variant_1,76,1,I think that it is sunny.,I think whether it is sunny.
CP + Q,,GRP001,differences,critical,matrix_verb,present,no,first_person,I,declarative,,,cpq_pres_aff_1p_decl_that_variant_1,76,2,I know that it is sunny.,I know whether it is sunny.
CP + Q,,GRP001,differences,critical,embedded_type,present,no,first_person,I,declarative,,,cpq_pres_aff_1p_decl_that_variant_1,77,1,I know whether it is sunny.,I think whether it is sunny.
CP + Q,,GRP001,differences,critical,embedded_type,present,no,first_person,I,declarative,,,cpq_pres_aff_1p_decl_that_variant_1,77,2,I think that it is sunny.,I know that it is sunny.
CP + Q,,GRP001,differences,control,matrix_verb,present,no,first_person,I,declarative,,,cpq_pres_aff_1p_decl_that_variant_1,78,1,I wonder whether it is sunny.,I wonder that it is sunny.
CP + Q,,GRP001,differences,control,matrix_verb,present,no,first_person,I,declarative,,,cpq_pres_aff_1p_decl_that_variant_1,78,2,I know that it is sunny.,I know whether it is sunny.
CP + Q,,GRP001,differences,control,embedded_type,present,no,first_person,I,declarative,,,cpq_pres_aff_1p_decl_that_variant_1,79,1,I know that it is sunny.,I wonder that it is sunny.
CP + Q,,GRP001,differences,control,embedded_type,present,no,first_person,I,declarative,,,cpq_pres_aff_1p_decl_that_variant_1,79,2,I wonder whether it is sunny.,I know whether it is sunny.
CP + Q,,GRP001,differences,critical,matrix_verb,present,no,first_person,I,declarative,,,cpq_pres_aff_1p_decl_that_variant_2,80,1,I think that the rumor is bad.,I think whether the rumor is bad.
CP + Q,,GRP001,differences,critical,matrix_verb,present,no,first_person,I,declarative,,,cpq_pres_aff_1p_decl_that_variant_2,80,2,I know that the rumor is bad.,I know whether the rumor is bad.
CP + Q,,GRP001,differences,critical,embedded_type,present,no,first_person,I,declarative,,,cpq_pres_aff_1p_decl_that_variant_2,81,1,I know whether the rumor is bad.,I think whether the rumor is bad.
CP + Q,,GRP001,differences,critical,embedded_type,present,no,first_person,I,declarative,,,cpq_pres_aff_1p_decl_that_variant_2,81,2,I think that the rumor is bad.,I know that the rumor is bad.
CP + Q,,GRP001,differences,control,matrix_verb,present,no,first_person,I,declarative,,,cpq_pres_aff_1p_decl_that_variant_2,82,1,I wonder whether the rumor is bad.,I wonder that the rumor is bad.
CP + Q,,GRP001,differences,control,matrix_verb,present,no,first_person,I,declarative,,,cpq_pres_aff_1p_decl_that_variant_2,82,2,I know that the rumor is bad.,I know whether the rumor is bad.
CP + Q,,GRP001,differences,control,embedded_type,present,no,first_person,I,declarative,,,cpq_pres_aff_1p_decl_that_variant_2,83,1,I know that the rumor is bad.,I wonder that the rumor is bad.
CP + Q,,GRP001,differences,control,embedded_type,present,no,first_person,I,declarative,,,cpq_pres_aff_1p_decl_that_variant_2,83,2,I wonder whether the rumor is bad.,I know whether the rumor is bad.
CP + Q,,GRP001,differences,critical,matrix_verb,present,yes,first_person,I,declarative,,,cpq_pres_neg_1p_decl_that_base,84,1,I don't think that it is raining.,I don't think whether it is raining.
CP + Q,,GRP001,differences,critical,matrix_verb,present,yes,first_person,I,declarative,,,cpq_pres_neg_1p_decl_that_base,84,2,I don't know that it is raining.,I don't know whether it is raining.
CP + Q,,GRP001,differences,critical,embedded_type,present,yes,first_person,I,declarative,,,cpq_pres_neg_1p_decl_that_base,85,1,I don't know whether it is raining.,I don't think whether it is raining.
CP + Q,,GRP001,differences,critical,embedded_type,present,yes,first_person,I,declarative,,,cpq_pres_neg_1p_decl_that_base,85,2,I don't think that it is raining.,I don't know that it is raining.
CP + Q,,GRP001,differences,control,matrix_verb,present,yes,first_person,I,declarative,,,cpq_pres_neg_1p_decl_that_base,86,1,I don't wonder whether it is raining.,I don't wonder that it is raining.
CP + Q,,GRP001,differences,control,matrix_verb,present,yes,first_person,I,declarative,,,cpq_pres_neg_1p_decl_that_base,86,2,I don't know that it is raining.,I don't know whether it is raining.
CP + Q,,GRP001,differences,control,embedded_type,present,yes,first_person,I,declarative,,,cpq_pres_neg_1p_decl_that_base,87,1,I don't know that it is raining.,I don't wonder that it is raining.
CP + Q,,GRP001,differences,control,embedded_type,present,yes,first_person,I,declarative,,,cpq_pres_neg_1p_decl_that_base,87,2,I don't wonder whether it is raining.,I don't know whether it is raining.
CP + Q,,GRP001,differences,critical,matrix_verb,present,yes,first_person,I,declarative,,,cpq_pres_neg_1p_decl_that_variant_1,88,1,I don't think that it is sunny.,I don't think whether it is sunny.
CP + Q,,GRP001,differences,critical,matrix_verb,present,yes,first_person,I,declarative,,,cpq_pres_neg_1p_decl_that_variant_1,88,2,I don't know that it is sunny.,I don't know whether it is sunny.
CP + Q,,GRP001,differences,critical,embedded_type,present,yes,first_person,I,declarative,,,cpq_pres_neg_1p_decl_that_variant_1,89,1,I don't know whether it is sunny.,I don't think whether it is sunny.
CP + Q,,GRP001,differences,critical,embedded_type,present,yes,first_person,I,declarative,,,cpq_pres_neg_1p_decl_that_variant_1,89,2,I don't think that it is sunny.,I don't know that it is sunny.
CP + Q,,GRP001,differences,control,matrix_verb,present,yes,first_person,I,declarative,,,cpq_pres_neg_1p_decl_that_variant_1,90,1,I don't wonder whether it is sunny.,I don't wonder that it is sunny.
CP + Q,,GRP001,differences,control,matrix_verb,present,yes,first_person,I,declarative,,,cpq_pres_neg_1p_decl_that_variant_1,90,2,I don't know that it is sunny.,I don't know whether it is sunny.
CP + Q,,GRP001,differences,control,embedded_type,present,yes,first_person,I,declarative,,,cpq_pres_neg_1p_decl_that_variant_1,91,1,I don't know that it is sunny.,I don't wonder that it is sunny.
CP + Q,,GRP001,differences,control,embedded_type,present,yes,first_person,I,declarative,,,cpq_pres_neg_1p_decl_that_variant_1,91,2,I don't wonder whether it is sunny.,I don't know whether it is sunny.
CP + Q,,GRP001,differences,critical,matrix_verb,present,yes,first_person,I,declarative,,,cpq_pres_neg_1p_decl_that_variant_2,92,1,I don't think that the vase shattered.,I don't think whether the vase shattered.
CP + Q,,GRP001,differences,critical,matrix_verb,present,yes,first_person,I,declarative,,,cpq_pres_neg_1p_decl_that_variant_2,92,2,I don't know that the vase shattered.,I don't know whether the vase shattered.
CP + Q,,GRP001,differences,critical,embedded_type,present,yes,first_person,I,declarative,,,cpq_pres_neg_1p_decl_that_variant_2,93,1,I don't know whether the vase shattered.,I don't think whether the vase shattered.
CP + Q,,GRP001,differences,critical,embedded_type,present,yes,first_person,I,declarative,,,cpq_pres_neg_1p_decl_that_variant_2,93,2,I don't think that the vase shattered.,I don't know that the vase shattered.
CP + Q,,GRP001,differences,control,matrix_verb,present,yes,first_person,I,declarative,,,cpq_pres_neg_1p_decl_that_variant_2,94,1,I don't wonder whether the vase shattered.,I don't wonder that the vase shattered.
CP + Q,,GRP001,differences,control,matrix_verb,present,yes,first_person,I,declarative,,,cpq_pres_neg_1p_decl_that_variant_2,94,2,I don't know that the vase shattered.,I don't know whether the vase shattered.
CP + Q,,GRP001,differences,control,embedded_type,present,yes,first_person,I,declarative,,,cpq_pres_neg_1p_decl_that_variant_2,95,1,I don't know that the vase shattered.,I don't wonder that the vase shattered.
CP + Q,,GRP001,differences,control,embedded_type,present,yes,first_person,I,declarative,,,cpq_pres_neg_1p_decl_that_variant_2,95,2,I don't wonder whether the vase shattered.,I don't know whether the vase shattered.
CP + Q,,GRP001,differences,critical,matrix_verb,past,no,first_person,I,declarative,,,cpq_past_aff_1p_decl_that_base,96,1,I thought that it was raining.,I thought whether it was raining.
CP + Q,,GRP001,differences,critical,matrix_verb,past,no,first_person,I,declarative,,,cpq_past_aff_1p_decl_that_base,96,2,I knew that it was raining.,I knew whether it was raining.
CP + Q,,GRP001,differences,critical,embedded_type,past,no,first_person,I,declarative,,,cpq_past_aff_1p_decl_that_base,97,1,I knew whether it was raining.,I thought whether it was raining.
CP + Q,,GRP001,differences,critical,embedded_type,past,no,first_person,I,declarative,,,cpq_past_aff_1p_decl_that_base,97,2,I thought that it was raining.,I knew that it was raining.
CP + Q,,GRP001,differences,control,matrix_verb,past,no,first_person,I,declarative,,,cpq_past_aff_1p_decl_that_base,98,1,I wondered whether it was raining.,I wondered that it was raining.
CP + Q,,GRP001,differences,control,matrix_verb,past,no,first_person,I,declarative,,,cpq_past_aff_1p_decl_that_base,98,2,I knew that it was raining.,I knew whether it was raining.
CP + Q,,GRP001,differences,control,embedded_type,past,no,first_person,I,declarative,,,cpq_past_aff_1p_decl_that_base,99,1,I knew that it was raining.,I wondered that it was raining.
CP + Q,,GRP001,differences,control,embedded_type,past,no,first_person,I,declarative,,,cpq_past_aff_1p_decl_that_base,99,2,I wondered whether it was raining.,I knew whether it was raining.
CP + Q,,GRP001,differences,critical,matrix_verb,past,no,first_person,I,declarative,,,cpq_past_aff_1p_decl_that_variant_1,100,1,I thought that it was snowing.,I thought whether it was snowing.
CP + Q,,GRP001,differences,critical,matrix_verb,past,no,first_person,I,declarative,,,cpq_past_aff_1p_decl_that_variant_1,100,2,I knew that it was snowing.,I knew whether it was snowing.
CP + Q,,GRP001,differences,critical,embedded_type,past,no,first_person,I,declarative,,,cpq_past_aff_1p_decl_that_variant_1,101,1,I knew whether it was snowing.,I thought whether it was snowing.
CP + Q,,GRP001,differences,critical,embedded_type,past,no,first_person,I,declarative,,,cpq_past_aff_1p_decl_that_variant_1,101,2,I thought that it was snowing.,I knew that it was snowing.
CP + Q,,GRP001,differences,control,matrix_verb,past,no,first_person,I,declarative,,,cpq_past_aff_1p_decl_that_variant_1,102,1,I wondered whether it was snowing.,I wondered that it was snowing.
CP + Q,,GRP001,differences,control,matrix_verb,past,no,first_person,I,declarative,,,cpq_past_aff_1p_decl_that_variant_1,102,2,I knew that it was snowing.,I knew whether it was snowing.
CP + Q,,GRP001,differences,control,embedded_type,past,no,first_person,I,declarative,,,cpq_past_aff_1p_decl_that_variant_1,103,1,I knew that it was snowing.,I wondered that it was snowing.
CP + Q,,GRP001,differences,control,embedded_type,past,no,first_person,I,declarative,,,cpq_past_aff_1p_decl_that_variant_1,103,2,I wondered whether it was snowing.,I knew whether it was snowing.
CP + Q,,GRP001,differences,critical,matrix_verb,past,no,first_person,I,declarative,,,cpq_past_aff_1p_decl_that_variant_2,104,1,I thought that it was sunny.,I thought whether it was sunny.
CP + Q,,GRP001,differences,critical,matrix_verb,past,no,first_person,I,declarative,,,cpq_past_aff_1p_decl_that_variant_2,104,2,I knew that it was sunny.,I knew whether it was sunny.
CP + Q,,GRP001,differences,critical,embedded_type,past,no,first_person,I,declarative,,,cpq_past_aff_1p_decl_that_variant_2,105,1,I knew whether it was sunny.,I thought whether it was sunny.
CP + Q,,GRP001,differences,critical,embedded_type,past,no,first_person,I,declarative,,,cpq_past_aff_1p_decl_that_variant_2,105,2,I thought that it was sunny.,I knew that it was sunny.
CP + Q,,GRP001,differences,control,matrix_verb,past,no,first_person,I,declarative,,,cpq_past_aff_1p_decl_that_variant_2,106,1,I wondered whether it was sunny.,I wondered that it was sunny.
CP + Q,,GRP001,differences,control,matrix_verb,past,no,first_person,I,declarative,,,cpq_past_aff_1p_decl_that_variant_2,106,2,I knew that it was sunny.,I knew whether it was sunny.
CP + Q,,GRP001,differences,control,embedded_type,past,no,first_person,I,declarative,,,cpq_past_aff_1p_decl_that_variant_2,107,1,I knew that it was sunny.,I wondered that it was sunny.
CP + Q,,GRP001,differences,control,embedded_type,past,no,first_person,I,declarative,,,cpq_past_aff_1p_decl_that_variant_2,107,2,I wondered whether it was sunny.,I knew whether it was sunny.
CP + Q,,GRP001,differences,critical,matrix_verb,past,yes,first_person,I,declarative,,,cpq_past_neg_1p_decl_that_base,108,1,I didn't think that it was raining.,I didn't think whether it was raining.
CP + Q,,GRP001,differences,critical,matrix_verb,past,yes,first_person,I,declarative,,,cpq_past_neg_1p_decl_that_base,108,2,I didn't know that it was raining.,I didn't know whether it was raining.
CP + Q,,GRP001,differences,critical,embedded_type,past,yes,first_person,I,declarative,,,cpq_past_neg_1p_decl_that_base,109,1,I didn't know whether it was raining.,I didn't think whether it was raining.
CP + Q,,GRP001,differences,critical,embedded_type,past,yes,first_person,I,declarative,,,cpq_past_neg_1p_decl_that_base,109,2,I didn't think that it was raining.,I didn't know that it was raining.
CP + Q,,GRP001,differences,control,matrix_verb,past,yes,first_person,I,declarative,,,cpq_past_neg_1p_decl_that_base,110,1,I didn't wonder whether it was raining.,I didn't wonder that it was raining.
CP + Q,,GRP001,differences,control,matrix_verb,past,yes,first_person,I,declarative,,,cpq_past_neg_1p_decl_that_base,110,2,I didn't know that it was raining.,I didn't know whether it was raining.
CP + Q,,GRP001,differences,control,embedded_type,past,yes,first_person,I,declarative,,,cpq_past_neg_1p_decl_that_base,111,1,I didn't know that it was raining.,I didn't wonder that it was raining.
CP + Q,,GRP001,differences,control,embedded_type,past,yes,first_person,I,declarative,,,cpq_past_neg_1p_decl_that_base,111,2,I didn't wonder whether it was raining.,I didn't know whether it was raining.
CP + Q,,GRP001,differences,critical,matrix_verb,past,yes,first_person,I,declarative,,,cpq_past_neg_1p_decl_that_variant_1,112,1,I didn't think that it was snowing.,I didn't think whether it was snowing.
CP + Q,,GRP001,differences,critical,matrix_verb,past,yes,first_person,I,declarative,,,cpq_past_neg_1p_decl_that_variant_1,112,2,I didn't know that it was snowing.,I didn't know whether it was snowing.
CP + Q,,GRP001,differences,critical,embedded_type,past,yes,first_person,I,declarative,,,cpq_past_neg_1p_decl_that_variant_1,113,1,I didn't know whether it was snowing.,I didn't think whether it was snowing.
CP + Q,,GRP001,differences,critical,embedded_type,past,yes,first_person,I,declarative,,,cpq_past_neg_1p_decl_that_variant_1,113,2,I didn't think that it was snowing.,I didn't know that it was snowing.
CP + Q,,GRP001,differences,control,matrix_verb,past,yes,first_person,I,declarative,,,cpq_past_neg_1p_decl_that_variant_1,114,1,I didn't wonder whether it was snowing.,I didn't wonder that it was snowing.
CP + Q,,GRP001,differences,control,matrix_verb,past,yes,first_person,I,declarative,,,cpq_past_neg_1p_decl_that_variant_1,114,2,I didn't know that it was snowing.,I didn't know whether it was snowing.
CP + Q,,GRP001,differences,control,embedded_type,past,yes,first_person,I,declarative,,,cpq_past_neg_1p_decl_that_variant_1,115,1,I didn't know that it was snowing.,I didn't wonder that it was snowing.
CP + Q,,GRP001,differences,control,embedded_type,past,yes,first_person,I,declarative,,,cpq_past_neg_1p_decl_that_variant_1,115,2,I didn't wonder whether it was snowing.,I didn't know whether it was snowing.
CP + Q,,GRP001,differences,critical,matrix_verb,past,yes,first_person,I,declarative,,,cpq_past_neg_1p_decl_that_variant_2,116,1,I didn't think that it was sunny.,I didn't think whether it was sunny.
CP + Q,,GRP001,differences,critical,matrix_verb,past,yes,first_person,I,declarative,,,cpq_past_neg_1p_decl_that_variant_2,116,2,I didn't know that it was sunny.,I didn't know whether it was sunny.
CP + Q,,GRP001,differences,critical,embedded_type,past,yes,first_person,I,declarative,,,cpq_past_neg_1p_decl_that_variant_2,117,1,I didn't know whether it was sunny.,I didn't think whether it was sunny.
CP + Q,,GRP001,differences,critical,embedded_type,past,yes,first_person,I,declarative,,,cpq_past_neg_1p_decl_that_variant_2,117,2,I didn't think that it was sunny.,I didn't know that it was sunny.
CP + Q,,GRP001,differences,control,matrix_verb,past,yes,first_person,I,declarative,,,cpq_past_neg_1p_decl_that_variant_2,118,1,I didn't wonder whether it was sunny.,I didn't wonder that it was sunny.
CP + Q,,GRP001,differences,control,matrix_verb,past,yes,first_person,I,declarative,,,cpq_past_neg_1p_decl_that_variant_2,118,2,I didn't know that it was sunny.,I didn't know whether it was sunny.
CP + Q,,GRP001,differences,control,embedded_type,past,yes,first_person,I,declarative,,,cpq_past_neg_1p_decl_that_variant_2,119,1,I didn't know that it was sunny.,I didn't wonder that it was sunny.
CP + Q,,GRP001,differences,control,embedded_type,past,yes,first_person,I,declarative,,,cpq_past_neg_1p_decl_that_variant_2,119,2,I didn't wonder whether it was sunny.,I didn't know whether it was sunny.
CP + Q,,GRP001,differences,critical,matrix_verb,present,no,first_person,I,polar_question,,,cpq_pres_aff_1p_pol_that_base,120,1,Do I think that it is raining?,Do I think whether it is raining?
CP + Q,,GRP001,differences,critical,matrix_verb,present,no,first_person,I,polar_question,,,cpq_pres_aff_1p_pol_that_base,120,2,Do I know that it is raining?,Do I know whether it is raining?
CP + Q,,GRP001,differences,critical,embedded_type,present,no,first_person,I,polar_question,,,cpq_pres_aff_1p_pol_that_base,121,1,Do I know whether it is raining?,Do I think whether it is raining?
CP + Q,,GRP001,differences,critical,embedded_type,present,no,first_person,I,polar_question,,,cpq_pres_aff_1p_pol_that_base,121,2,Do I think that it is raining?,Do I know that it is raining?
CP + Q,,GRP001,differences,control,matrix_verb,present,no,first_person,I,polar_question,,,cpq_pres_aff_1p_pol_that_base,122,1,Do I wonder whether it is raining?,Do I wonder that it is raining?
CP + Q,,GRP001,differences,control,matrix_verb,present,no,first_person,I,polar_question,,,cpq_pres_aff_1p_pol_that_base,122,2,Do I know that it is raining?,Do I know whether it is raining?
CP + Q,,GRP001,differences,control,embedded_type,present,no,first_person,I,polar_question,,,cpq_pres_aff_1p_pol_that_base,123,1,Do I know that it is raining?,Do I wonder that it is raining?
CP + Q,,GRP001,differences,control,embedded_type,present,no,first_person,I,polar_question,,,cpq_pres_aff_1p_pol_that_base,123,2,Do I wonder whether it is raining?,Do I know whether it is raining?
CP + Q,,GRP001,differences,critical,matrix_verb,present,no,first_person,I,polar_question,,,cpq_pres_aff_1p_pol_that_variant_1,124,1,Do I think that the rumor is bad?,Do I think whether the rumor is bad?
CP + Q,,GRP001,differences,critical,matrix_verb,present,no,first_person,I,polar_question,,,cpq_pres_aff_1p_pol_that_variant_1,124,2,Do I know that the rumor is bad?,Do I know whether the rumor is bad?
CP + Q,,GRP001,differences,critical,embedded_type,present,no,first_person,I,polar_question,,,cpq_pres_aff_1p_pol_that_variant_1,125,1,Do I know whether the rumor is bad?,Do I think whether the rumor is bad?
CP + Q,,GRP001,differences,critical,embedded_type,present,no,first_person,I,polar_question,,,cpq_pres_aff_1p_pol_that_variant_1,125,2,Do I think that the rumor is bad?,Do I know that the rumor is bad?
CP + Q,,GRP001,differences,control,matrix_verb,present,no,first_person,I,polar_question,,,cpq_pres_aff_1p_pol_that_variant_1,126,1,Do I wonder whether the rumor is bad?,Do I wonder that the rumor is bad?
CP + Q,,GRP001,differences,control,matrix_verb,present,no,first_person,I,polar_question,,,cpq_pres_aff_1p_pol_that_variant_1,126,2,Do I know that the rumor is bad?,Do I know whether the rumor is bad?
CP + Q,,GRP001,differences,control,embedded_type,present,no,first_person,I,polar_question,,,cpq_pres_aff_1p_pol_that_variant_1,127,1,Do I know that the rumor is bad?,Do I wonder that the rumor is bad?
CP + Q,,GRP001,differences,control,embedded_type,present,no,first_person,I,polar_question,,,cpq_pres_aff_1p_pol_that_variant_1,127,2,Do I wonder whether the rumor is bad?,Do I know whether the rumor is bad?
CP + Q,,GRP001,differences,critical,matrix_verb,present,no,first_person,I,polar_question,,,cpq_pres_aff_1p_pol_that_variant_2,128,1,Do I think that it is snowing?,Do I think whether it is snowing?
CP + Q,,GRP001,differences,critical,matrix_verb,present,no,first_person,I,polar_question,,,cpq_pres_aff_1p_pol_that_variant_2,128,2,Do I know that it is snowing?,Do I know whether it is snowing?
CP + Q,,GRP001,differences,critical,embedded_type,present,no,first_person,I,polar_question,,,cpq_pres_aff_1p_pol_that_variant_2,129,1,Do I know whether it is snowing?,Do I think whether it is snowing?
CP + Q,,GRP001,differences,critical,embedded_type,present,no,first_person,I,polar_question,,,cpq_pres_aff_1p_pol_that_variant_2,129,2,Do I think that it is snowing?,Do I know that it is snowing?
CP + Q,,GRP001,differences,control,matrix_verb,present,no,first_person,I,polar_question,,,cpq_pres_aff_1p_pol_that_variant_2,130,1,Do I wonder whether it is snowing?,Do I wonder that it is snowing?
CP + Q,,GRP001,differences,control,matrix_verb,present,no,first_person,I,polar_question,,,cpq_pres_aff_1p_pol_that_variant_2,130,2,Do I know that it is snowing?,Do I know whether it is snowing?
CP + Q,,GRP001,differences,control,embedded_type,present,no,first_person,I,polar_question,,,cpq_pres_aff_1p_pol_that_variant_2,131,1,Do I know that it is snowing?,Do I wonder that it is snowing?
CP + Q,,GRP001,differences,control,embedded_type,present,no,first_person,I,polar_question,,,cpq_pres_aff_1p_pol_that_variant_2,131,2,Do I wonder whether it is snowing?,Do I know whether it is snowing?
CP + Q,,GRP001,differences,critical,matrix_verb,past,no,first_person,I,polar_question,,,cpq_past_aff_1p_pol_that_base,132,1,Did I think that it was raining?,Did I think whether it was raining?
CP + Q,,GRP001,differences,critical,matrix_verb,past,no,first_person,I,polar_question,,,cpq_past_aff_1p_pol_that_base,132,2,Did I know that it was raining?,Did I know whether it was raining?
CP + Q,,GRP001,differences,critical,embedded_type,past,no,first_person,I,polar_question,,,cpq_past_aff_1p_pol_that_base,133,1,Did I know whether it was raining?,Did I think whether it was raining?
CP + Q,,GRP001,differences,critical,embedded_type,past,no,first_person,I,polar_question,,,cpq_past_aff_1p_pol_that_base,133,2,Did I think that it was raining?,Did I know that it was raining?
CP + Q,,GRP001,differences,control,matrix_verb,past,no,first_person,I,polar_question,,,cpq_past_aff_1p_pol_that_base,134,1,Did I wonder whether it was raining?,Did I wonder that it was raining?
CP + Q,,GRP001,differences,control,matrix_verb,past,no,first_person,I,polar_question,,,cpq_past_aff_1p_pol_that_base,134,2,Did I know that it was raining?,Did I know whether it was raining?
CP + Q,,GRP001,differences,control,embedded_type,past,no,first_person,I,polar_question,,,cpq_past_aff_1p_pol_that_base,135,1,Did I know that it was raining?,Did I wonder that it was raining?
CP + Q,,GRP001,differences,control,embedded_type,past,no,first_person,I,polar_question,,,cpq_past_aff_1p_pol_that_base,135,2,Did I wonder whether it was raining?,Did I know whether it was raining?
CP + Q,,GRP001,differences,critical,matrix_verb,past,no,first_person,I,polar_question,,,cpq_past_aff_1p_pol_that_variant_1,136,1,Did I think that the rumor was bad?,Did I think whether the rumor was bad?
CP + Q,,GRP001,differences,critical,matrix_verb,past,no,first_person,I,polar_question,,,cpq_past_aff_1p_pol_that_variant_1,136,2,Did I know that the rumor was bad?,Did I know whether the rumor was bad?
CP + Q,,GRP001,differences,critical,embedded_type,past,no,first_person,I,polar_question,,,cpq_past_aff_1p_pol_that_variant_1,137,1,Did I know whether the rumor was bad?,Did I think whether the rumor was bad?
CP + Q,,GRP001,differences,critical,embedded_type,past,no,first_person,I,polar_question,,,cpq_past_aff_1p_pol_that_variant_1,137,2,Did I think that the rumor was bad?,Did I know that the rumor was bad?
CP + Q,,GRP001,differences,control,matrix_verb,past,no,first_person,I,polar_question,,,cpq_past_aff_1p_pol_that_variant_1,138,1,Did I wonder whether the rumor was bad?,Did I wonder that the rumor was bad?
CP + Q,,GRP001,differences,control,matrix_verb,past,no,first_person,I,polar_question,,,cpq_past_aff_1p_pol_that_variant_1,138,2,Did I know that the rumor was bad?,Did I know whether the rumor was bad?
CP + Q,,GRP001,differences,control,embedded_type,past,no,first_person,I,polar_question,,,cpq_past_aff_1p_pol_that_variant_1,139,1,Did I know that the rumor was bad?,Did I wonder that the rumor was bad?
CP + Q,,GRP001,differences,control,embedded_type,past,no,first_person,I,polar_question,,,cpq_past_aff_1p_pol_that_variant_1,139,2,Did I wonder whether the rumor was bad?,Did I know whether the rumor was bad?
CP + Q,,GRP001,differences,critical,matrix_verb,past,no,first_person,I,polar_question,,,cpq_past_aff_1p_pol_that_variant_2,140,1,Did I think that it was sunny?,Did I think whether it was sunny?
CP + Q,,GRP001,differences,critical,matrix_verb,past,no,first_person,I,polar_question,,,cpq_past_aff_1p_pol_that_variant_2,140,2,Did I know that it was sunny?,Did I know whether it was sunny?
CP + Q,,GRP001,differences,critical,embedded_type,past,no,first_person,I,polar_question,,,cpq_past_aff_1p_pol_that_variant_2,141,1,Did I know whether it was sunny?,Did I think whether it was sunny?
CP + Q,,GRP001,differences,critical,embedded_type,past,no,first_person,I,polar_question,,,cpq_past_aff_1p_pol_that_variant_2,141,2,Did I think that it was sunny?,Did I know that it was sunny?
CP + Q,,GRP001,differences,control,matrix_verb,past,no,first_person,I,polar_question,,,cpq_past_aff_1p_pol_that_variant_2,142,1,Did I wonder whether it was sunny?,Did I wonder that it was sunny?
CP + Q,,GRP001,differences,control,matrix_verb,past,no,first_person,I,polar_question,,,cpq_past_aff_1p_pol_that_variant_2,142,2,Did I know that it was sunny?,Did I know whether it was sunny?
CP + Q,,GRP001,differences,control,embedded_type,past,no,first_person,I,polar_question,,,cpq_past_aff_1p_pol_that_variant_2,143,1,Did I know that it was sunny?,Did I wonder that it was sunny?
CP + Q,,GRP001,differences,control,embedded_type,past,no,first_person,I,polar_question,,,cpq_past_aff_1p_pol_that_variant_2,143,2,Did I wonder whether it was sunny?,Did I know whether it was sunny?
CP + Q,,GRP001,differences,critical,matrix_verb,present,no,third_person,John,declarative,,,cpq_pres_aff_3p_decl_none_base,144,1,John thinks it is raining.,John thinks whether it is raining.
CP + Q,,GRP001,differences,critical,matrix_verb,present,no,third_person,John,declarative,,,cpq_pres_aff_3p_decl_none_base,144,2,John knows it is raining.,John knows whether it is raining.
CP + Q,,GRP001,differences,critical,embedded_type,present,no,third_person,John,declarative,,,cpq_pres_aff_3p_decl_none_base,145,1,John knows whether it is raining.,John thinks whether it is raining.
CP + Q,,GRP001,differences,critical,embedded_type,present,no,third_person,John,declarative,,,cpq_pres_aff_3p_decl_none_base,145,2,John thinks it is raining.,John knows it is raining.
CP + Q,,GRP001,differences,control,matrix_verb,present,no,third_person,John,declarative,,,cpq_pres_aff_3p_decl_none_base,146,1,John wonders whether it is raining.,John wonders it is raining.
CP + Q,,GRP001,differences,control,matrix_verb,present,no,third_person,John,declarative,,,cpq_pres_aff_3p_decl_none_base,146,2,John knows it is raining.,John knows whether it is raining.
CP + Q,,GRP001,differences,control,embedded_type,present,no,third_person,John,declarative,,,cpq_pres_aff_3p_decl_none_base,147,1,John knows it is raining.,John wonders it is raining.
CP + Q,,GRP001,differences,control,embedded_type,present,no,third_person,John,declarative,,,cpq_pres_aff_3p_decl_none_base,147,2,John wonders whether it is raining.,John knows whether it is raining.
CP + Q,,GRP001,differences,critical,matrix_verb,present,no,third_person,the woman,declarative,,,cpq_pres_aff_3p_decl_none_variant_1,148,1,The woman thinks it is snowing.,The woman thinks whether it is snowing.
CP + Q,,GRP001,differences,critical,matrix_verb,present,no,third_person,the woman,declarative,,,cpq_pres_aff_3p_decl_none_variant_1,148,2,The woman knows it is snowing.,The woman knows whether it is snowing.
CP + Q,,GRP001,differences,critical,embedded_type,present,no,third_person,the woman,declarative,,,cpq_pres_aff_3p_decl_none_variant_1,149,1,The woman knows whether it is snowing.,The woman thinks whether it is snowing.
CP + Q,,GRP001,differences,critical,embedded_type,present,no,third_person,the woman,declarative,,,cpq_pres_aff_3p_decl_none_variant_1,149,2,The woman thinks it is snowing.,The woman knows it is snowing.
CP + Q,,GRP001,differences,control,matrix_verb,present,no,third_person,the woman,declarative,,,cpq_pres_aff_3p_decl_none_variant_1,150,1,The woman wonders whether it is snowing.,The woman wonders it is snowing.
CP + Q,,GRP001,differences,control,matrix_verb,present,no,third_person,the woman,declarative,,,cpq_pres_aff_3p_decl_none_variant_1,150,2,The woman knows it is snowing.,The woman knows whether it is snowing.
CP + Q,,GRP001,differences,control,embedded_type,present,no,third_person,the woman,declarative,,,cpq_pres_aff_3p_decl_none_variant_1,151,1,The woman knows it is snowing.,The woman wonders it is snowing.
CP + Q,,GRP001,differences,control,embedded_type,present,no,third_person,the woman,declarative,,,cpq_pres_aff_3p_decl_none_variant_1,151,2,The woman wonders whether it is snowing.,The woman knows whether it is snowing.
CP + Q,,GRP001,differences,critical,matrix_verb,present,no,third_person,the student,declarative,,,cpq_pres_aff_3p_decl_none_variant_2,152,1,The student thinks the rumor is false.,The student thinks whether the rumor is false.
CP + Q,,GRP001,differences,critical,matrix_verb,present,no,third_person,the student,declarative,,,cpq_pres_aff_3p_decl_none_variant_2,152,2,The student knows the rumor is false.,The student knows whether the rumor is false.
CP + Q,,GRP001,differences,critical,embedded_type,present,no,third_person,the student,declarative,,,cpq_pres_aff_3p_decl_none_variant_2,153,1,The student knows whether the rumor is false.,The student thinks whether the rumor is false.
CP + Q,,GRP001,differences,critical,embedded_type,present,no,third_person,the student,declarative,,,cpq_pres_aff_3p_decl_none_variant_2,153,2,The student thinks the rumor is false.,The student knows the rumor is false.
CP + Q,,GRP001,differences,control,matrix_verb,present,no,third_person,the student,declarative,,,cpq_pres_aff_3p_decl_none_variant_2,154,1,The student wonders whether the rumor is false.,The student wonders the rumor is false.
CP + Q,,GRP001,differences,control,matrix_verb,present,no,third_person,the student,declarative,,,cpq_pres_aff_3p_decl_none_variant_2,154,2,The student knows the rumor is false.,The student knows whether the rumor is false.
CP + Q,,GRP001,differences,control,embedded_type,present,no,third_person,the student,declarative,,,cpq_pres_aff_3p_decl_none_variant_2,155,1,The student knows the rumor is false.,The student wonders the rumor is false.
CP + Q,,GRP001,differences,control,embedded_type,present,no,third_person,the student,declarative,,,cpq_pres_aff_3p_decl_none_variant_2,155,2,The student wonders whether the rumor is false.,The student knows whether the rumor is false.
CP + Q,,GRP001,differences,critical,matrix_verb,present,yes,third_person,John,declarative,,,cpq_pres_neg_3p_decl_none_base,156,1,John doesn't think it is raining.,John doesn't think whether it is raining.
CP + Q,,GRP001,differences,critical,matrix_verb,present,yes,third_person,John,declarative,,,cpq_pres_neg_3p_decl_none_base,156,2,John doesn't know it is raining.,John doesn't know whether it is raining.
CP + Q,,GRP001,differences,critical,embedded_type,present,yes,third_person,John,declarative,,,cpq_pres_neg_3p_decl_none_base,157,1,John doesn't know whether it is raining.,John doesn't think whether it is raining.
CP + Q,,GRP001,differences,critical,embedded_type,present,yes,third_person,John,declarative,,,cpq_pres_neg_3p_decl_none_base,157,2,John doesn't think it is raining.,John doesn't know it is raining.
CP + Q,,GRP001,differences,control,matrix_verb,present,yes,third_person,John,declarative,,,cpq_pres_neg_3p_decl_none_base,158,1,John doesn't wonder whether it is raining.,John doesn't wonder it is raining.
CP + Q,,GRP001,differences,control,matrix_verb,present,yes,third_person,John,declarative,,,cpq_pres_neg_3p_decl_none_base,158,2,John doesn't know it is raining.,John doesn't know whether it is raining.
CP + Q,,GRP001,differences,control,embedded_type,present,yes,third_person,John,declarative,,,cpq_pres_neg_3p_decl_none_base,159,1,John doesn't know it is raining.,John doesn't wonder it is raining.
CP + Q,,GRP001,differences,control,embedded_type,present,yes,third_person,John,declarative,,,cpq_pres_neg_3p_decl_none_base,159,2,John doesn't wonder whether it is raining.,John doesn't know whether it is raining.
CP + Q,,GRP001,differences,critical,matrix_verb,present,yes,third_person,they,declarative,,,cpq_pres_neg_3p_decl_none_variant_1,160,1,They don't think it is snowing.,They don't think whether it is snowing.
CP + Q,,GRP001,differences,critical,matrix_verb,present,yes,third_person,they,declarative,,,cpq_pres_neg_3p_decl_none_variant_1,160,2,They don't know it is snowing.,They don't know whether it is snowing.
CP + Q,,GRP001,differences,critical,embedded_type,present,yes,third_person,they,declarative,,,cpq_pres_neg_3p_decl_none_variant_1,161,1,They don't know whether it is snowing.,They don't think whether it is snowing.
CP + Q,,GRP001,differences,critical,embedded_type,present,yes,third_person,they,declarative,,,cpq_pres_neg_3p_decl_none_variant_1,161,2,They don't think it is snowing.,They don't know it is snowing.
CP + Q,,GRP001,differences,control,matrix_verb,present,yes,third_person,they,declarative,,,cpq_pres_neg_3p_decl_none_variant_1,162,1,They don't wonder whether it is snowing.,They don't wonder it is snowing.
CP + Q,,GRP001,differences,control,matrix_verb,present,yes,third_person,they,declarative,,,cpq_pres_neg_3p_decl_none_variant_1,162,2,They don't know it is snowing.,They don't know whether it is snowing.
CP + Q,,GRP001,differences,control,embedded_type,present,yes,third_person,they,declarative,,,cpq_pres_neg_3p_decl_none_variant_1,163,1,They don't know it is snowing.,They don't wonder it is snowing.
CP + Q,,GRP001,differences,control,embedded_type,present,yes,third_person,they,declarative,,,cpq_pres_neg_3p_decl_none_variant_1,163,2,They don't wonder whether it is snowing.,They don't know whether it is snowing.
CP + Q,,GRP001,differences,critical,matrix_verb,present,yes,third_person,he,declarative,,,cpq_pres_neg_3p_decl_none_variant_2,164,1,He doesn't think the rumor is true.,He doesn't think whether the rumor is true.
CP + Q,,GRP001,differences,critical,matrix_verb,present,yes,third_person,he,declarative,,,cpq_pres_neg_3p_decl_none_variant_2,164,2,He doesn't know the rumor is true.,He doesn't know whether the rumor is true.
CP + Q,,GRP001,differences,critical,embedded_type,present,yes,third_person,he,declarative,,,cpq_pres_neg_3p_decl_none_variant_2,165,1,He doesn't know whether the rumor is true.,He doesn't think whether the rumor is true.
CP + Q,,GRP001,differences,critical,embedded_type,present,yes,third_person,he,declarative,,,cpq_pres_neg_3p_decl_none_variant_2,165,2,He doesn't think the rumor is true.,He doesn't know the rumor is true.
CP + Q,,GRP001,differences,control,matrix_verb,present,yes,third_person,he,declarative,,,cpq_pres_neg_3p_decl_none_variant_2,166,1,He doesn't wonder whether the rumor is true.,He doesn't wonder the rumor is true.
CP + Q,,GRP001,differences,control,matrix_verb,present,yes,third_person,he,declarative,,,cpq_pres_neg_3p_decl_none_variant_2,166,2,He doesn't know the rumor is true.,He doesn't know whether the rumor is true.
CP + Q,,GRP001,differences,control,embedded_type,present,yes,third_person,he,declarative,,,cpq_pres_neg_3p_decl_none_variant_2,167,1,He doesn't know the rumor is true.,He doesn't wonder the rumor is true.
CP + Q,,GRP001,differences,control,embedded_type,present,yes,third_person,he,declarative,,,cpq_pres_neg_3p_decl_none_variant_2,167,2,He doesn't wonder whether the rumor is true.,He doesn't know whether the rumor is true.
CP + Q,,GRP001,differences,critical,matrix_verb,past,no,third_person,John,declarative,,,cpq_past_aff_3p_decl_none_base,168,1,John thought it was raining.,John thought whether it was raining.
CP + Q,,GRP001,differences,critical,matrix_verb,past,no,third_person,John,declarative,,,cpq_past_aff_3p_decl_none_base,168,2,John knew it was raining.,John knew whether it was raining.
CP + Q,,GRP001,differences,critical,embedded_type,past,no,third_person,John,declarative,,,cpq_past_aff_3p_decl_none_base,169,1,John knew whether it was raining.,John thought whether it was raining.
CP + Q,,GRP001,differences,critical,embedded_type,past,no,third_person,John,declarative,,,cpq_past_aff_3p_decl_none_base,169,2,John thought it was raining.,John knew it was raining.
CP + Q,,GRP001,differences,control,matrix_verb,past,no,third_person,John,declarative,,,cpq_past_aff_3p_decl_none_base,170,1,John wondered whether it was raining.,John wondered it was raining.
CP + Q,,GRP001,differences,control,matrix_verb,past,no,third_person,John,declarative,,,cpq_past_aff_3p_decl_none_base,170,2,John knew it was raining.,John knew whether it was raining.
CP + Q,,GRP001,differences,control,embedded_type,past,no,third_person,John,declarative,,,cpq_past_aff_3p_decl_none_base,171,1,John knew it was raining.,John wondered it was raining.
CP + Q,,GRP001,differences,control,embedded_type,past,no,third_person,John,declarative,,,cpq_past_aff_3p_decl_none_base,171,2,John wondered whether it was raining.,John knew whether it was raining.
CP + Q,,GRP001,differences,critical,matrix_verb,past,no,third_person,he,declarative,,,cpq_past_aff_3p_decl_none_variant_1,172,1,He thought it was snowing.,He thought whether it was snowing.
CP + Q,,GRP001,differences,critical,matrix_verb,past,no,third_person,he,declarative,,,cpq_past_aff_3p_decl_none_variant_1,172,2,He knew it was snowing.,He knew whether it was snowing.
CP + Q,,GRP001,differences,critical,embedded_type,past,no,third_person,he,declarative,,,cpq_past_aff_3p_decl_none_variant_1,173,1,He knew whether it was snowing.,He thought whether it was snowing.
CP + Q,,GRP001,differences,critical,embedded_type,past,no,third_person,he,declarative,,,cpq_past_aff_3p_decl_none_variant_1,173,2,He thought it was snowing.,He knew it was snowing.
CP + Q,,GRP001,differences,control,matrix_verb,past,no,third_person,he,declarative,,,cpq_past_aff_3p_decl_none_variant_1,174,1,He wondered whether it was snowing.,He wondered it was snowing.
CP + Q,,GRP001,differences,control,matrix_verb,past,no,third_person,he,declarative,,,cpq_past_aff_3p_decl_none_variant_1,174,2,He knew it was snowing.,He knew whether it was snowing.
CP + Q,,GRP001,differences,control,embedded_type,past,no,third_person,he,declarative,,,cpq_past_aff_3p_decl_none_variant_1,175,1,He knew it was snowing.,He wondered it was snowing.
CP + Q,,GRP001,differences,control,embedded_type,past,no,third_person,he,declarative,,,cpq_past_aff_3p_decl_none_variant_1,175,2,He wondered whether it was snowing.,He knew whether it was snowing.
CP + Q,,GRP001,differences,critical,matrix_verb,past,no,third_person,she,declarative,,,cpq_past_aff_3p_decl_none_variant_2,176,1,She thought the glass shattered.,She thought whether the glass shattered.
CP + Q,,GRP001,differences,critical,matrix_verb,past,no,third_person,she,declarative,,,cpq_past_aff_3p_decl_none_variant_2,176,2,She knew the glass shattered.,She knew whether the glass shattered.
CP + Q,,GRP001,differences,critical,embedded_type,past,no,third_person,she,declarative,,,cpq_past_aff_3p_decl_none_variant_2,177,1,She knew whether the glass shattered.,She thought whether the glass shattered.
CP + Q,,GRP001,differences,critical,embedded_type,past,no,third_person,she,declarative,,,cpq_past_aff_3p_decl_none_variant_2,177,2,She thought the glass shattered.,She knew the glass shattered.
CP + Q,,GRP001,differences,control,matrix_verb,past,no,third_person,she,declarative,,,cpq_past_aff_3p_decl_none_variant_2,178,1,She wondered whether the glass shattered.,She wondered the glass shattered.
CP + Q,,GRP001,differences,control,matrix_verb,past,no,third_person,she,declarative,,,cpq_past_aff_3p_decl_none_variant_2,178,2,She knew the glass shattered.,She knew whether the glass shattered.
CP + Q,,GRP001,differences,control,embedded_type,past,no,third_person,she,declarative,,,cpq_past_aff_3p_decl_none_variant_2,179,1,She knew the glass shattered.,She wondered the glass shattered.
CP + Q,,GRP001,differences,control,embedded_type,past,no,third_person,she,declarative,,,cpq_past_aff_3p_decl_none_variant_2,179,2,She wondered whether the glass shattered.,She knew whether the glass shattered.
CP + Q,,GRP001,differences,critical,matrix_verb,past,yes,third_person,John,declarative,,,cpq_past_neg_3p_decl_none_base,180,1,John didn't think it was raining.,John didn't think whether it was raining.
CP + Q,,GRP001,differences,critical,matrix_verb,past,yes,third_person,John,declarative,,,cpq_past_neg_3p_decl_none_base,180,2,John didn't know it was raining.,John didn't know whether it was raining.
CP + Q,,GRP001,differences,critical,embedded_type,past,yes,third_person,John,declarative,,,cpq_past_neg_3p_decl_none_base,181,1,John didn't know whether it was raining.,John didn't think whether it was raining.
CP + Q,,GRP001,differences,critical,embedded_type,past,yes,third_person,John,declarative,,,cpq_past_neg_3p_decl_none_base,181,2,John didn't think it was raining.,John didn't know it was raining.
CP + Q,,GRP001,differences,control,matrix_verb,past,yes,third_person,John,declarative,,,cpq_past_neg_3p_decl_none_base,182,1,John didn't wonder whether it was raining.,John didn't wonder it was raining.
CP + Q,,GRP001,differences,control,matrix_verb,past,yes,third_person,John,declarative,,,cpq_past_neg_3p_decl_none_base,182,2,John didn't know it was raining.,John didn't know whether it was raining.
CP + Q,,GRP001,differences,control,embedded_type,past,yes,third_person,John,declarative,,,cpq_past_neg_3p_decl_none_base,183,1,John didn't know it was raining.,John didn't wonder it was raining.
CP + Q,,GRP001,differences,control,embedded_type,past,yes,third_person,John,declarative,,,cpq_past_neg_3p_decl_none_base,183,2,John didn't wonder whether it was raining.,John didn't know whether it was raining.
CP + Q,,GRP001,differences,critical,matrix_verb,past,yes,third_person,he,declarative,,,cpq_past_neg_3p_decl_none_variant_1,184,1,He didn't think it was raining.,He didn't think whether it was raining.
CP + Q,,GRP001,differences,critical,matrix_verb,past,yes,third_person,he,declarative,,,cpq_past_neg_3p_decl_none_variant_1,184,2,He didn't know it was raining.,He didn't know whether it was raining.
CP + Q,,GRP001,differences,critical,embedded_type,past,yes,third_person,he,declarative,,,cpq_past_neg_3p_decl_none_variant_1,185,1,He didn't know whether it was raining.,He didn't think whether it was raining.
CP + Q,,GRP001,differences,critical,embedded_type,past,yes,third_person,he,declarative,,,cpq_past_neg_3p_decl_none_variant_1,185,2,He didn't think it was raining.,He didn't know it was raining.
CP + Q,,GRP001,differences,control,matrix_verb,past,yes,third_person,he,declarative,,,cpq_past_neg_3p_decl_none_variant_1,186,1,He didn't wonder whether it was raining.,He didn't wonder it was raining.
CP + Q,,GRP001,differences,control,matrix_verb,past,yes,third_person,he,declarative,,,cpq_past_neg_3p_decl_none_variant_1,186,2,He didn't know it was raining.,He didn't know whether it was raining.
CP + Q,,GRP001,differences,control,embedded_type,past,yes,third_person,he,declarative,,,cpq_past_neg_3p_decl_none_variant_1,187,1,He didn't know it was raining.,He didn't wonder it was raining.
CP + Q,,GRP001,differences,control,embedded_type,past,yes,third_person,he,declarative,,,cpq_past_neg_3p_decl_none_variant_1,187,2,He didn't wonder whether it was raining.,He didn't know whether it was raining.
CP + Q,,GRP001,differences,critical,matrix_verb,past,yes,third_person,John,declarative,,,cpq_past_neg_3p_decl_none_variant_2,188,1,John didn't think it was snowing.,John didn't think whether it was snowing.
CP + Q,,GRP001,differences,critical,matrix_verb,past,yes,third_person,John,declarative,,,cpq_past_neg_3p_decl_none_variant_2,188,2,John didn't know it was snowing.,John didn't know whether it was snowing.
CP + Q,,GRP001,differences,critical,embedded_type,past,yes,third_person,John,declarative,,,cpq_past_neg_3p_decl_none_variant_2,189,1,John didn't know whether it was snowing.,John didn't think whether it was snowing.
CP + Q,,GRP001,differences,critical,embedded_type,past,yes,third_person,John,declarative,,,cpq_past_neg_3p_decl_none_variant_2,189,2,John didn't think it was snowing.,John didn't know it was snowing.
CP + Q,,GRP001,differences,control,matrix_verb,past,yes,third_person,John,declarative,,,cpq_past_neg_3p_decl_none_variant_2,190,1,John didn't wonder whether it was snowing.,John didn't wonder it was snowing.
CP + Q,,GRP001,differences,control,matrix_verb,past,yes,third_person,John,declarative,,,cpq_past_neg_3p_decl_none_variant_2,190,2,John didn't know it was snowing.,John didn't know whether it was snowing.
CP + Q,,GRP001,differences,control,embedded_type,past,yes,third_person,John,declarative,,,cpq_past_neg_3p_decl_none_variant_2,191,1,John didn't know it was snowing.,John didn't wonder it was snowing.
CP + Q,,GRP001,differences,control,embedded_type,past,yes,third_person,John,declarative,,,cpq_past_neg_3p_decl_none_variant_2,191,2,John didn't wonder whether it was snowing.,John didn't know whether it was snowing.
CP + Q,,GRP001,differences,critical,matrix_verb,present,no,third_person,John,polar_question,,,cpq_pres_aff_3p_pol_none_base,192,1,Does John think it is raining?,Does John think whether it is raining?
CP + Q,,GRP001,differences,critical,matrix_verb,present,no,third_person,John,polar_question,,,cpq_pres_aff_3p_pol_none_base,192,2,Does John know it is raining?,Does John know whether it is raining?
CP + Q,,GRP001,differences,critical,embedded_type,present,no,third_person,John,polar_question,,,cpq_pres_aff_3p_pol_none_base,193,1,Does John know whether it is raining?,Does John think whether it is raining?
CP + Q,,GRP001,differences,critical,embedded_type,present,no,third_person,John,polar_question,,,cpq_pres_aff_3p_pol_none_base,193,2,Does John think it is raining?,Does John know it is raining?
CP + Q,,GRP001,differences,control,matrix_verb,present,no,third_person,John,polar_question,,,cpq_pres_aff_3p_pol_none_base,194,1,Does John wonder whether it is raining?,Does John wonder it is raining?
CP + Q,,GRP001,differences,control,matrix_verb,present,no,third_person,John,polar_question,,,cpq_pres_aff_3p_pol_none_base,194,2,Does John know it is raining?,Does John know whether it is raining?
CP + Q,,GRP001,differences,control,embedded_type,present,no,third_person,John,polar_question,,,cpq_pres_aff_3p_pol_none_base,195,1,Does John know it is raining?,Does John wonder it is raining?
CP + Q,,GRP001,differences,control,embedded_type,present,no,third_person,John,polar_question,,,cpq_pres_aff_3p_pol_none_base,195,2,Does John wonder whether it is raining?,Does John know whether it is raining?
CP + Q,,GRP001,differences,critical,matrix_verb,present,no,third_person,John,polar_question,,,cpq_pres_aff_3p_pol_none_variant_1,196,1,Does John think the vase shattered?,Does John think whether the vase shattered?
CP + Q,,GRP001,differences,critical,matrix_verb,present,no,third_person,John,polar_question,,,cpq_pres_aff_3p_pol_none_variant_1,196,2,Does John know the vase shattered?,Does John know whether the vase shattered?
CP + Q,,GRP001,differences,critical,embedded_type,present,no,third_person,John,polar_question,,,cpq_pres_aff_3p_pol_none_variant_1,197,1,Does John know whether the vase shattered?,Does John think whether the vase shattered?
CP + Q,,GRP001,differences,critical,embedded_type,present,no,third_person,John,polar_question,,,cpq_pres_aff_3p_pol_none_variant_1,197,2,Does John think the vase shattered?,Does John know the vase shattered?
CP + Q,,GRP001,differences,control,matrix_verb,present,no,third_person,John,polar_question,,,cpq_pres_aff_3p_pol_none_variant_1,198,1,Does John wonder whether the vase shattered?,Does John wonder the vase shattered?
CP + Q,,GRP001,differences,control,matrix_verb,present,no,third_person,John,polar_question,,,cpq_pres_aff_3p_pol_none_variant_1,198,2,Does John know the vase shattered?,Does John know whether the vase shattered?
CP + Q,,GRP001,differences,control,embedded_type,present,no,third_person,John,polar_question,,,cpq_pres_aff_3p_pol_none_variant_1,199,1,Does John know the vase shattered?,Does John wonder the vase shattered?
CP + Q,,GRP001,differences,control,embedded_type,present,no,third_person,John,polar_question,,,cpq_pres_aff_3p_pol_none_variant_1,199,2,Does John wonder whether the vase shattered?,Does John know whether the vase shattered?
CP + Q,,GRP001,differences,critical,matrix_verb,present,no,third_person,Theresa,polar_question,,,cpq_pres_aff_3p_pol_none_variant_2,200,1,Does Theresa think the rumor is true?,Does Theresa think whether the rumor is true?
CP + Q,,GRP001,differences,critical,matrix_verb,present,no,third_person,Theresa,polar_question,,,cpq_pres_aff_3p_pol_none_variant_2,200,2,Does Theresa know the rumor is true?,Does Theresa know whether the rumor is true?
CP + Q,,GRP001,differences,critical,embedded_type,present,no,third_person,Theresa,polar_question,,,cpq_pres_aff_3p_pol_none_variant_2,201,1,Does Theresa know whether the rumor is true?,Does Theresa think whether the rumor is true?
CP + Q,,GRP001,differences,critical,embedded_type,present,no,third_person,Theresa,polar_question,,,cpq_pres_aff_3p_pol_none_variant_2,201,2,Does Theresa think the rumor is true?,Does Theresa know the rumor is true?
CP + Q,,GRP001,differences,control,matrix_verb,present,no,third_person,Theresa,polar_question,,,cpq_pres_aff_3p_pol_none_variant_2,202,1,Does Theresa wonder whether the rumor is true?,Does Theresa wonder the rumor is true?
CP + Q,,GRP001,differences,control,matrix_verb,present,no,third_person,Theresa,polar_question,,,cpq_pres_aff_3p_pol_none_variant_2,202,2,Does Theresa know the rumor is true?,Does Theresa know whether the rumor is true?
CP + Q,,GRP001,differences,control,embedded_type,present,no,third_person,Theresa,polar_question,,,cpq_pres_aff_3p_pol_none_variant_2,203,1,Does Theresa know the rumor is true?,Does Theresa wonder the rumor is true?
CP + Q,,GRP001,differences,control,embedded_type,present,no,third_person,Theresa,polar_question,,,cpq_pres_aff_3p_pol_none_variant_2,203,2,Does Theresa wonder whether the rumor is true?,Does Theresa know whether the rumor is true?
CP + Q,,GRP001,differences,critical,matrix_verb,past,no,third_person,John,polar_question,,,cpq_past_aff_3p_pol_none_base,204,1,Did John think it was raining?,Did John think whether it was raining?
CP + Q,,GRP001,differences,critical,matrix_verb,past,no,third_person,John,polar_question,,,cpq_past_aff_3p_pol_none_base,204,2,Did John know it was raining?,Did John know whether it was raining?
CP + Q,,GRP001,differences,critical,embedded_type,past,no,third_person,John,polar_question,,,cpq_past_aff_3p_pol_none_base,205,1,Did John know whether it was raining?,Did John think whether it was raining?
CP + Q,,GRP001,differences,critical,embedded_type,past,no,third_person,John,polar_question,,,cpq_past_aff_3p_pol_none_base,205,2,Did John think it was raining?,Did John know it was raining?
CP + Q,,GRP001,differences,control,matrix_verb,past,no,third_person,John,polar_question,,,cpq_past_aff_3p_pol_none_base,206,1,Did John wonder whether it was raining?,Did John wonder it was raining?
CP + Q,,GRP001,differences,control,matrix_verb,past,no,third_person,John,polar_question,,,cpq_past_aff_3p_pol_none_base,206,2,Did John know it was raining?,Did John know whether it was raining?
CP + Q,,GRP001,differences,control,embedded_type,past,no,third_person,John,polar_question,,,cpq_past_aff_3p_pol_none_base,207,1,Did John know it was raining?,Did John wonder it was raining?
CP + Q,,GRP001,differences,control,embedded_type,past,no,third_person,John,polar_question,,,cpq_past_aff_3p_pol_none_base,207,2,Did John wonder whether it was raining?,Did John know whether it was raining?
CP + Q,,GRP001,differences,critical,matrix_verb,past,no,third_person,they,polar_question,,,cpq_past_aff_3p_pol_none_variant_1,208,1,Did they think it was raining?,Did they think whether it was raining?
CP + Q,,GRP001,differences,critical,matrix_verb,past,no,third_person,they,polar_question,,,cpq_past_aff_3p_pol_none_variant_1,208,2,Did they know it was raining?,Did they know whether it was raining?
CP + Q,,GRP001,differences,critical,embedded_type,past,no,third_person,they,polar_question,,,cpq_past_aff_3p_pol_none_variant_1,209,1,Did they know whether it was raining?,Did they think whether it was raining?
CP + Q,,GRP001,differences,critical,embedded_type,past,no,third_person,they,polar_question,,,cpq_past_aff_3p_pol_none_variant_1,209,2,Did they think it was raining?,Did they know it was raining?
CP + Q,,GRP001,differences,control,matrix_verb,past,no,third_person,they,polar_question,,,cpq_past_aff_3p_pol_none_variant_1,210,1,Did they wonder whether it was raining?,Did they wonder it was raining?
CP + Q,,GRP001,differences,control,matrix_verb,past,no,third_person,they,polar_question,,,cpq_past_aff_3p_pol_none_variant_1,210,2,Did they know it was raining?,Did they know whether it was raining?
CP + Q,,GRP001,differences,control,embedded_type,past,no,third_person,they,polar_question,,,cpq_past_aff_3p_pol_none_variant_1,211,1,Did they know it was raining?,Did they wonder it was raining?
CP + Q,,GRP001,differences,control,embedded_type,past,no,third_person,they,polar_question,,,cpq_past_aff_3p_pol_none_variant_1,211,2,Did they wonder whether it was raining?,Did they know whether it was raining?
CP + Q,,GRP001,differences,critical,matrix_verb,past,no,third_person,John,polar_question,,,cpq_past_aff_3p_pol_none_variant_2,212,1,Did John think the vase shattered?,Did John think whether the vase shattered?
CP + Q,,GRP001,differences,critical,matrix_verb,past,no,third_person,John,polar_question,,,cpq_past_aff_3p_pol_none_variant_2,212,2,Did John know the vase shattered?,Did John know whether the vase shattered?
CP + Q,,GRP001,differences,critical,embedded_type,past,no,third_person,John,polar_question,,,cpq_past_aff_3p_pol_none_variant_2,213,1,Did John know whether the vase shattered?,Did John think whether the vase shattered?
CP + Q,,GRP001,differences,critical,embedded_type,past,no,third_person,John,polar_question,,,cpq_past_aff_3p_pol_none_variant_2,213,2,Did John think the vase shattered?,Did John know the vase shattered?
CP + Q,,GRP001,differences,control,matrix_verb,past,no,third_person,John,polar_question,,,cpq_past_aff_3p_pol_none_variant_2,214,1,Did John wonder whether the vase shattered?,Did John wonder the vase shattered?
CP + Q,,GRP001,differences,control,matrix_verb,past,no,third_person,John,polar_question,,,cpq_past_aff_3p_pol_none_variant_2,214,2,Did John know the vase shattered?,Did John know whether the vase shattered?
CP + Q,,GRP001,differences,control,embedded_type,past,no,third_person,John,polar_question,,,cpq_past_aff_3p_pol_none_variant_2,215,1,Did John know the vase shattered?,Did John wonder the vase shattered?
CP + Q,,GRP001,differences,control,embedded_type,past,no,third_person,John,polar_question,,,cpq_past_aff_3p_pol_none_variant_2,215,2,Did John wonder whether the vase shattered?,Did John know whether the vase shattered?
CP + Q,,GRP001,differences,critical,matrix_verb,present,no,first_person,I,declarative,,,cpq_pres_aff_1p_decl_none_base,216,1,I think it is raining.,I think whether it is raining.
CP + Q,,GRP001,differences,critical,matrix_verb,present,no,first_person,I,declarative,,,cpq_pres_aff_1p_decl_none_base,216,2,I know it is raining.,I know whether it is raining.
CP + Q,,GRP001,differences,critical,embedded_type,present,no,first_person,I,declarative,,,cpq_pres_aff_1p_decl_none_base,217,1,I know whether it is raining.,I think whether it is raining.
CP + Q,,GRP001,differences,critical,embedded_type,present,no,first_person,I,declarative,,,cpq_pres_aff_1p_decl_none_base,217,2,I think it is raining.,I know it is raining.
CP + Q,,GRP001,differences,control,matrix_verb,present,no,first_person,I,declarative,,,cpq_pres_aff_1p_decl_none_base,218,1,I wonder whether it is raining.,I wonder it is raining.
CP + Q,,GRP001,differences,control,matrix_verb,present,no,first_person,I,declarative,,,cpq_pres_aff_1p_decl_none_base,218,2,I know it is raining.,I know whether it is raining.
CP + Q,,GRP001,differences,control,embedded_type,present,no,first_person,I,declarative,,,cpq_pres_aff_1p_decl_none_base,219,1,I know it is raining.,I wonder it is raining.
CP + Q,,GRP001,differences,control,embedded_type,present,no,first_person,I,declarative,,,cpq_pres_aff_1p_decl_none_base,219,2,I wonder whether it is raining.,I know whether it is raining.
CP + Q,,GRP001,differences,critical,matrix_verb,present,no,first_person,I,declarative,,,cpq_pres_aff_1p_decl_none_variant_1,220,1,I think the rumor is bad.,I think whether the rumor is bad.
CP + Q,,GRP001,differences,critical,matrix_verb,present,no,first_person,I,declarative,,,cpq_pres_aff_1p_decl_none_variant_1,220,2,I know the rumor is bad.,I know whether the rumor is bad.
CP + Q,,GRP001,differences,critical,embedded_type,present,no,first_person,I,declarative,,,cpq_pres_aff_1p_decl_none_variant_1,221,1,I know whether the rumor is bad.,I think whether the rumor is bad.
CP + Q,,GRP001,differences,critical,embedded_type,present,no,first_person,I,declarative,,,cpq_pres_aff_1p_decl_none_variant_1,221,2,I think the rumor is bad.,I know the rumor is bad.
CP + Q,,GRP001,differences,control,matrix_verb,present,no,first_person,I,declarative,,,cpq_pres_aff_1p_decl_none_variant_1,222,1,I wonder whether the rumor is bad.,I wonder the rumor is bad.
CP + Q,,GRP001,differences,control,matrix_verb,present,no,first_person,I,declarative,,,cpq_pres_aff_1p_decl_none_variant_1,222,2,I know the rumor is bad.,I know whether the rumor is bad.
CP + Q,,GRP001,differences,control,embedded_type,present,no,first_person,I,declarative,,,cpq_pres_aff_1p_decl_none_variant_1,223,1,I know the rumor is bad.,I wonder the rumor is bad.
CP + Q,,GRP001,differences,control,embedded_type,present,no,first_person,I,declarative,,,cpq_pres_aff_1p_decl_none_variant_1,223,2,I wonder whether the rumor is bad.,I know whether the rumor is bad.
CP + Q,,GRP001,differences,critical,matrix_verb,present,no,first_person,I,declarative,,,cpq_pres_aff_1p_decl_none_variant_2,224,1,I think it is snowing.,I think whether it is snowing.
CP + Q,,GRP001,differences,critical,matrix_verb,present,no,first_person,I,declarative,,,cpq_pres_aff_1p_decl_none_variant_2,224,2,I know it is snowing.,I know whether it is snowing.
CP + Q,,GRP001,differences,critical,embedded_type,present,no,first_person,I,declarative,,,cpq_pres_aff_1p_decl_none_variant_2,225,1,I know whether it is snowing.,I think whether it is snowing.
CP + Q,,GRP001,differences,critical,embedded_type,present,no,first_person,I,declarative,,,cpq_pres_aff_1p_decl_none_variant_2,225,2,I think it is snowing.,I know it is snowing.
CP + Q,,GRP001,differences,control,matrix_verb,present,no,first_person,I,declarative,,,cpq_pres_aff_1p_decl_none_variant_2,226,1,I wonder whether it is snowing.,I wonder it is snowing.
CP + Q,,GRP001,differences,control,matrix_verb,present,no,first_person,I,declarative,,,cpq_pres_aff_1p_decl_none_variant_2,226,2,I know it is snowing.,I know whether it is snowing.
CP + Q,,GRP001,differences,control,embedded_type,present,no,first_person,I,declarative,,,cpq_pres_aff_1p_decl_none_variant_2,227,1,I know it is snowing.,I wonder it is snowing.
CP + Q,,GRP001,differences,control,embedded_type,present,no,first_person,I,declarative,,,cpq_pres_aff_1p_decl_none_variant_2,227,2,I wonder whether it is snowing.,I know whether it is snowing.
CP + Q,,GRP001,differences,critical,matrix_verb,present,yes,first_person,I,declarative,,,cpq_pres_neg_1p_decl_none_base,228,1,I don't think it is raining.,I don't think whether it is raining.
CP + Q,,GRP001,differences,critical,matrix_verb,present,yes,first_person,I,declarative,,,cpq_pres_neg_1p_decl_none_base,228,2,I don't know it is raining.,I don't know whether it is raining.
CP + Q,,GRP001,differences,critical,embedded_type,present,yes,first_person,I,declarative,,,cpq_pres_neg_1p_decl_none_base,229,1,I don't know whether it is raining.,I don't think whether it is raining.
CP + Q,,GRP001,differences,critical,embedded_type,present,yes,first_person,I,declarative,,,cpq_pres_neg_1p_decl_none_base,229,2,I don't think it is raining.,I don't know it is raining.
CP + Q,,GRP001,differences,control,matrix_verb,present,yes,first_person,I,declarative,,,cpq_pres_neg_1p_decl_none_base,230,1,I don't wonder whether it is raining.,I don't wonder it is raining.
CP + Q,,GRP001,differences,control,matrix_verb,present,yes,first_person,I,declarative,,,cpq_pres_neg_1p_decl_none_base,230,2,I don't know it is raining.,I don't know whether it is raining.
CP + Q,,GRP001,differences,control,embedded_type,present,yes,first_person,I,declarative,,,cpq_pres_neg_1p_decl_none_base,231,1,I don't know it is raining.,I don't wonder it is raining.
CP + Q,,GRP001,differences,control,embedded_type,present,yes,first_person,I,declarative,,,cpq_pres_neg_1p_decl_none_base,231,2,I don't wonder whether it is raining.,I don't know whether it is raining.
CP + Q,,GRP001,differences,critical,matrix_verb,present,yes,first_person,I,declarative,,,cpq_pres_neg_1p_decl_none_variant_1,232,1,I don't think the vase shattered.,I don't think whether the vase shattered.
CP + Q,,GRP001,differences,critical,matrix_verb,present,yes,first_person,I,declarative,,,cpq_pres_neg_1p_decl_none_variant_1,232,2,I don't know the vase shattered.,I don't know whether the vase shattered.
CP + Q,,GRP001,differences,critical,embedded_type,present,yes,first_person,I,declarative,,,cpq_pres_neg_1p_decl_none_variant_1,233,1,I don't know whether the vase shattered.,I don't think whether the vase shattered.
CP + Q,,GRP001,differences,critical,embedded_type,present,yes,first_person,I,declarative,,,cpq_pres_neg_1p_decl_none_variant_1,233,2,I don't think the vase shattered.,I don't know the vase shattered.
CP + Q,,GRP001,differences,control,matrix_verb,present,yes,first_person,I,declarative,,,cpq_pres_neg_1p_decl_none_variant_1,234,1,I don't wonder whether the vase shattered.,I don't wonder the vase shattered.
CP + Q,,GRP001,differences,control,matrix_verb,present,yes,first_person,I,declarative,,,cpq_pres_neg_1p_decl_none_variant_1,234,2,I don't know the vase shattered.,I don't know whether the vase shattered.
CP + Q,,GRP001,differences,control,embedded_type,present,yes,first_person,I,declarative,,,cpq_pres_neg_1p_decl_none_variant_1,235,1,I don't know the vase shattered.,I don't wonder the vase shattered.
CP + Q,,GRP001,differences,control,embedded_type,present,yes,first_person,I,declarative,,,cpq_pres_neg_1p_decl_none_variant_1,235,2,I don't wonder whether the vase shattered.,I don't know whether the vase shattered.
CP + Q,,GRP001,differences,critical,matrix_verb,present,yes,first_person,I,declarative,,,cpq_pres_neg_1p_decl_none_variant_2,236,1,I don't think the glass broke.,I don't think whether the glass broke.
CP + Q,,GRP001,differences,critical,matrix_verb,present,yes,first_person,I,declarative,,,cpq_pres_neg_1p_decl_none_variant_2,236,2,I don't know the glass broke.,I don't know whether the glass broke.
CP + Q,,GRP001,differences,critical,embedded_type,present,yes,first_person,I,declarative,,,cpq_pres_neg_1p_decl_none_variant_2,237,1,I don't know whether the glass broke.,I don't think whether the glass broke.
CP + Q,,GRP001,differences,critical,embedded_type,present,yes,first_person,I,declarative,,,cpq_pres_neg_1p_decl_none_variant_2,237,2,I don't think the glass broke.,I don't know the glass broke.
CP + Q,,GRP001,differences,control,matrix_verb,present,yes,first_person,I,declarative,,,cpq_pres_neg_1p_decl_none_variant_2,238,1,I don't wonder whether the glass broke.,I don't wonder the glass broke.
CP + Q,,GRP001,differences,control,matrix_verb,present,yes,first_person,I,declarative,,,cpq_pres_neg_1p_decl_none_variant_2,238,2,I don't know the glass broke.,I don't know whether the glass broke.
CP + Q,,GRP001,differences,control,embedded_type,present,yes,first_person,I,declarative,,,cpq_pres_neg_1p_decl_none_variant_2,239,1,I don't know the glass broke.,I don't wonder the glass broke.
CP + Q,,GRP001,differences,control,embedded_type,present,yes,first_person,I,declarative,,,cpq_pres_neg_1p_decl_none_variant_2,239,2,I don't wonder whether the glass broke.,I don't know whether the glass broke.
CP + Q,,GRP001,differences,critical,matrix_verb,past,no,first_person,I,declarative,,,cpq_past_aff_1p_decl_none_base,240,1,I thought it was raining.,I thought whether it was raining.
CP + Q,,GRP001,differences,critical,matrix_verb,past,no,first_person,I,declarative,,,cpq_past_aff_1p_decl_none_base,240,2,I knew it was raining.,I knew whether it was raining.
CP + Q,,GRP001,differences,critical,embedded_type,past,no,first_person,I,declarative,,,cpq_past_aff_1p_decl_none_base,241,1,I knew whether it was raining.,I thought whether it was raining.
CP + Q,,GRP001,differences,critical,embedded_type,past,no,first_person,I,declarative,,,cpq_past_aff_1p_decl_none_base,241,2,I thought it was raining.,I knew it was raining.
CP + Q,,GRP001,differences,control,matrix_verb,past,no,first_person,I,declarative,,,cpq_past_aff_1p_decl_none_base,242,1,I wondered whether it was raining.,I wondered it was raining.
CP + Q,,GRP001,differences,control,matrix_verb,past,no,first_person,I,declarative,,,cpq_past_aff_1p_decl_none_base,242,2,I knew it was raining.,I knew whether it was raining.
CP + Q,,GRP001,differences,control,embedded_type,past,no,first_person,I,declarative,,,cpq_past_aff_1p_decl_none_base,243,1,I knew it was raining.,I wondered it was raining.
CP + Q,,GRP001,differences,control,embedded_type,past,no,first_person,I,declarative,,,cpq_past_aff_1p_decl_none_base,243,2,I wondered whether it was raining.,I knew whether it was raining.
CP + Q,,GRP001,differences,critical,matrix_verb,past,no,first_person,I,declarative,,,cpq_past_aff_1p_decl_none_variant_1,244,1,I thought it was sunny.,I thought whether it was sunny.
CP + Q,,GRP001,differences,critical,matrix_verb,past,no,first_person,I,declarative,,,cpq_past_aff_1p_decl_none_variant_1,244,2,I knew it was sunny.,I knew whether it was sunny.
CP + Q,,GRP001,differences,critical,embedded_type,past,no,first_person,I,declarative,,,cpq_past_aff_1p_decl_none_variant_1,245,1,I knew whether it was sunny.,I thought whether it was sunny.
CP + Q,,GRP001,differences,critical,embedded_type,past,no,first_person,I,declarative,,,cpq_past_aff_1p_decl_none_variant_1,245,2,I thought it was sunny.,I knew it was sunny.
CP + Q,,GRP001,differences,control,matrix_verb,past,no,first_person,I,declarative,,,cpq_past_aff_1p_decl_none_variant_1,246,1,I wondered whether it was sunny.,I wondered it was sunny.
CP + Q,,GRP001,differences,control,matrix_verb,past,no,first_person,I,declarative,,,cpq_past_aff_1p_decl_none_variant_1,246,2,I knew it was sunny.,I knew whether it was sunny.
CP + Q,,GRP001,differences,control,embedded_type,past,no,first_person,I,declarative,,,cpq_past_aff_1p_decl_none_variant_1,247,1,I knew it was sunny.,I wondered it was sunny.
CP + Q,,GRP001,differences,control,embedded_type,past,no,first_person,I,declarative,,,cpq_past_aff_1p_decl_none_variant_1,247,2,I wondered whether it was sunny.,I knew whether it was sunny.
CP + Q,,GRP001,differences,critical,matrix_verb,past,no,first_person,I,declarative,,,cpq_past_aff_1p_decl_none_variant_2,248,1,I thought the vase broke.,I thought whether the vase broke.
CP + Q,,GRP001,differences,critical,matrix_verb,past,no,first_person,I,declarative,,,cpq_past_aff_1p_decl_none_variant_2,248,2,I knew the vase broke.,I knew whether the vase broke.
CP + Q,,GRP001,differences,critical,embedded_type,past,no,first_person,I,declarative,,,cpq_past_aff_1p_decl_none_variant_2,249,1,I knew whether the vase broke.,I thought whether the vase broke.
CP + Q,,GRP001,differences,critical,embedded_type,past,no,first_person,I,declarative,,,cpq_past_aff_1p_decl_none_variant_2,249,2,I thought the vase broke.,I knew the vase broke.
CP + Q,,GRP001,differences,control,matrix_verb,past,no,first_person,I,declarative,,,cpq_past_aff_1p_decl_none_variant_2,250,1,I wondered whether the vase broke.,I wondered the vase broke.
CP + Q,,GRP001,differences,control,matrix_verb,past,no,first_person,I,declarative,,,cpq_past_aff_1p_decl_none_variant_2,250,2,I knew the vase broke.,I knew whether the vase broke.
CP + Q,,GRP001,differences,control,embedded_type,past,no,first_person,I,declarative,,,cpq_past_aff_1p_decl_none_variant_2,251,1,I knew the vase broke.,I wondered the vase broke.
CP + Q,,GRP001,differences,control,embedded_type,past,no,first_person,I,declarative,,,cpq_past_aff_1p_decl_none_variant_2,251,2,I wondered whether the vase broke.,I knew whether the vase broke.
CP + Q,,GRP001,differences,critical,matrix_verb,past,yes,first_person,I,declarative,,,cpq_past_neg_1p_decl_none_base,252,1,I didn't think it was raining.,I didn't think whether it was raining.
CP + Q,,GRP001,differences,critical,matrix_verb,past,yes,first_person,I,declarative,,,cpq_past_neg_1p_decl_none_base,252,2,I didn't know it was raining.,I didn't know whether it was raining.
CP + Q,,GRP001,differences,critical,embedded_type,past,yes,first_person,I,declarative,,,cpq_past_neg_1p_decl_none_base,253,1,I didn't know whether it was raining.,I didn't think whether it was raining.
CP + Q,,GRP001,differences,critical,embedded_type,past,yes,first_person,I,declarative,,,cpq_past_neg_1p_decl_none_base,253,2,I didn't think it was raining.,I didn't know it was raining.
CP + Q,,GRP001,differences,control,matrix_verb,past,yes,first_person,I,declarative,,,cpq_past_neg_1p_decl_none_base,254,1,I didn't wonder whether it was raining.,I didn't wonder it was raining.
CP + Q,,GRP001,differences,control,matrix_verb,past,yes,first_person,I,declarative,,,cpq_past_neg_1p_decl_none_base,254,2,I didn't know it was raining.,I didn't know whether it was raining.
CP + Q,,GRP001,differences,control,embedded_type,past,yes,first_person,I,declarative,,,cpq_past_neg_1p_decl_none_base,255,1,I didn't know it was raining.,I didn't wonder it was raining.
CP + Q,,GRP001,differences,control,embedded_type,past,yes,first_person,I,declarative,,,cpq_past_neg_1p_decl_none_base,255,2,I didn't wonder whether it was raining.,I didn't know whether it was raining.
CP + Q,,GRP001,differences,critical,matrix_verb,past,yes,first_person,I,declarative,,,cpq_past_neg_1p_decl_none_variant_1,256,1,I didn't think it was sunny.,I didn't think whether it was sunny.
CP + Q,,GRP001,differences,critical,matrix_verb,past,yes,first_person,I,declarative,,,cpq_past_neg_1p_decl_none_variant_1,256,2,I didn't know it was sunny.,I didn't know whether it was sunny.
CP + Q,,GRP001,differences,critical,embedded_type,past,yes,first_person,I,declarative,,,cpq_past_neg_1p_decl_none_variant_1,257,1,I didn't know whether it was sunny.,I didn't think whether it was sunny.
CP + Q,,GRP001,differences,critical,embedded_type,past,yes,first_person,I,declarative,,,cpq_past_neg_1p_decl_none_variant_1,257,2,I didn't think it was sunny.,I didn't know it was sunny.
CP + Q,,GRP001,differences,control,matrix_verb,past,yes,first_person,I,declarative,,,cpq_past_neg_1p_decl_none_variant_1,258,1,I didn't wonder whether it was sunny.,I didn't wonder it was sunny.
CP + Q,,GRP001,differences,control,matrix_verb,past,yes,first_person,I,declarative,,,cpq_past_neg_1p_decl_none_variant_1,258,2,I didn't know it was sunny.,I didn't know whether it was sunny.
CP + Q,,GRP001,differences,control,embedded_type,past,yes,first_person,I,declarative,,,cpq_past_neg_1p_decl_none_variant_1,259,1,I didn't know it was sunny.,I didn't wonder it was sunny.
CP + Q,,GRP001,differences,control,embedded_type,past,yes,first_person,I,declarative,,,cpq_past_neg_1p_decl_none_variant_1,259,2,I didn't wonder whether it was sunny.,I didn't know whether it was sunny.
CP + Q,,GRP001,differences,critical,matrix_verb,past,yes,first_person,I,declarative,,,cpq_past_neg_1p_decl_none_variant_2,260,1,I didn't think it was snowing.,I didn't think whether it was snowing.
CP + Q,,GRP001,differences,critical,matrix_verb,past,yes,first_person,I,declarative,,,cpq_past_neg_1p_decl_none_variant_2,260,2,I didn't know it was snowing.,I didn't know whether it was snowing.
CP + Q,,GRP001,differences,critical,embedded_type,past,yes,first_person,I,declarative,,,cpq_past_neg_1p_decl_none_variant_2,261,1,I didn't know whether it was snowing.,I didn't think whether it was snowing.
CP + Q,,GRP001,differences,critical,embedded_type,past,yes,first_person,I,declarative,,,cpq_past_neg_1p_decl_none_variant_2,261,2,I didn't think it was snowing.,I didn't know it was snowing.
CP + Q,,GRP001,differences,control,matrix_verb,past,yes,first_person,I,declarative,,,cpq_past_neg_1p_decl_none_variant_2,262,1,I didn't wonder whether it was snowing.,I didn't wonder it was snowing.
CP + Q,,GRP001,differences,control,matrix_verb,past,yes,first_person,I,declarative,,,cpq_past_neg_1p_decl_none_variant_2,262,2,I didn't know it was snowing.,I didn't know whether it was snowing.
CP + Q,,GRP001,differences,control,embedded_type,past,yes,first_person,I,declarative,,,cpq_past_neg_1p_decl_none_variant_2,263,1,I didn't know it was snowing.,I didn't wonder it was snowing.
CP + Q,,GRP001,differences,control,embedded_type,past,yes,first_person,I,declarative,,,cpq_past_neg_1p_decl_none_variant_2,263,2,I didn't wonder whether it was snowing.,I didn't know whether it was snowing.
CP + Q,,GRP001,differences,critical,matrix_verb,present,no,first_person,I,polar_question,,,cpq_pres_aff_1p_pol_none_base,264,1,Do I think it is raining?,Do I think whether it is raining?
CP + Q,,GRP001,differences,critical,matrix_verb,present,no,first_person,I,polar_question,,,cpq_pres_aff_1p_pol_none_base,264,2,Do I know it is raining?,Do I know whether it is raining?
CP + Q,,GRP001,differences,critical,embedded_type,present,no,first_person,I,polar_question,,,cpq_pres_aff_1p_pol_none_base,265,1,Do I know whether it is raining?,Do I think whether it is raining?
CP + Q,,GRP001,differences,critical,embedded_type,present,no,first_person,I,polar_question,,,cpq_pres_aff_1p_pol_none_base,265,2,Do I think it is raining?,Do I know it is raining?
CP + Q,,GRP001,differences,control,matrix_verb,present,no,first_person,I,polar_question,,,cpq_pres_aff_1p_pol_none_base,266,1,Do I wonder whether it is raining?,Do I wonder it is raining?
CP + Q,,GRP001,differences,control,matrix_verb,present,no,first_person,I,polar_question,,,cpq_pres_aff_1p_pol_none_base,266,2,Do I know it is raining?,Do I know whether it is raining?
CP + Q,,GRP001,differences,control,embedded_type,present,no,first_person,I,polar_question,,,cpq_pres_aff_1p_pol_none_base,267,1,Do I know it is raining?,Do I wonder it is raining?
CP + Q,,GRP001,differences,control,embedded_type,present,no,first_person,I,polar_question,,,cpq_pres_aff_1p_pol_none_base,267,2,Do I wonder whether it is raining?,Do I know whether it is raining?
CP + Q,,GRP001,differences,critical,matrix_verb,present,no,first_person,I,polar_question,,,cpq_pres_aff_1p_pol_none_variant_1,268,1,Do I think it is sunny?,Do I think whether it is sunny?
CP + Q,,GRP001,differences,critical,matrix_verb,present,no,first_person,I,polar_question,,,cpq_pres_aff_1p_pol_none_variant_1,268,2,Do I know it is sunny?,Do I know whether it is sunny?
CP + Q,,GRP001,differences,critical,embedded_type,present,no,first_person,I,polar_question,,,cpq_pres_aff_1p_pol_none_variant_1,269,1,Do I know whether it is sunny?,Do I think whether it is sunny?
CP + Q,,GRP001,differences,critical,embedded_type,present,no,first_person,I,polar_question,,,cpq_pres_aff_1p_pol_none_variant_1,269,2,Do I think it is sunny?,Do I know it is sunny?
CP + Q,,GRP001,differences,control,matrix_verb,present,no,first_person,I,polar_question,,,cpq_pres_aff_1p_pol_none_variant_1,270,1,Do I wonder whether it is sunny?,Do I wonder it is sunny?
CP + Q,,GRP001,differences,control,matrix_verb,present,no,first_person,I,polar_question,,,cpq_pres_aff_1p_pol_none_variant_1,270,2,Do I know it is sunny?,Do I know whether it is sunny?
CP + Q,,GRP001,differences,control,embedded_type,present,no,first_person,I,polar_question,,,cpq_pres_aff_1p_pol_none_variant_1,271,1,Do I know it is sunny?,Do I wonder it is sunny?
CP + Q,,GRP001,differences,control,embedded_type,present,no,first_person,I,polar_question,,,cpq_pres_aff_1p_pol_none_variant_1,271,2,Do I wonder whether it is sunny?,Do I know whether it is sunny?
CP + Q,,GRP001,differences,critical,matrix_verb,present,no,first_person,I,polar_question,,,cpq_pres_aff_1p_pol_none_variant_2,272,1,Do I think it is snowing?,Do I think whether it is snowing?
CP + Q,,GRP001,differences,critical,matrix_verb,present,no,first_person,I,polar_question,,,cpq_pres_aff_1p_pol_none_variant_2,272,2,Do I know it is snowing?,Do I know whether it is snowing?
CP + Q,,GRP001,differences,critical,embedded_type,present,no,first_person,I,polar_question,,,cpq_pres_aff_1p_pol_none_variant_2,273,1,Do I know whether it is snowing?,Do I think whether it is snowing?
CP + Q,,GRP001,differences,critical,embedded_type,present,no,first_person,I,polar_question,,,cpq_pres_aff_1p_pol_none_variant_2,273,2,Do I think it is snowing?,Do I know it is snowing?
CP + Q,,GRP001,differences,control,matrix_verb,present,no,first_person,I,polar_question,,,cpq_pres_aff_1p_pol_none_variant_2,274,1,Do I wonder whether it is snowing?,Do I wonder it is snowing?
CP + Q,,GRP001,differences,control,matrix_verb,present,no,first_person,I,polar_question,,,cpq_pres_aff_1p_pol_none_variant_2,274,2,Do I know it is snowing?,Do I know whether it is snowing?
CP + Q,,GRP001,differences,control,embedded_type,present,no,first_person,I,polar_question,,,cpq_pres_aff_1p_pol_none_variant_2,275,1,Do I know it is snowing?,Do I wonder it is snowing?
CP + Q,,GRP001,differences,control,embedded_type,present,no,first_person,I,polar_question,,,cpq_pres_aff_1p_pol_none_variant_2,275,2,Do I wonder whether it is snowing?,Do I know whether it is snowing?
CP + Q,,GRP001,differences,critical,matrix_verb,past,no,first_person,I,polar_question,,,cpq_past_aff_1p_pol_none_base,276,1,Did I think it was raining?,Did I think whether it was raining?
CP + Q,,GRP001,differences,critical,matrix_verb,past,no,first_person,I,polar_question,,,cpq_past_aff_1p_pol_none_base,276,2,Did I know it was raining?,Did I know whether it was raining?
CP + Q,,GRP001,differences,critical,embedded_type,past,no,first_person,I,polar_question,,,cpq_past_aff_1p_pol_none_base,277,1,Did I know whether it was raining?,Did I think whether it was raining?
CP + Q,,GRP001,differences,critical,embedded_type,past,no,first_person,I,polar_question,,,cpq_past_aff_1p_pol_none_base,277,2,Did I think it was raining?,Did I know it was raining?
CP + Q,,GRP001,differences,control,matrix_verb,past,no,first_person,I,polar_question,,,cpq_past_aff_1p_pol_none_base,278,1,Did I wonder whether it was raining?,Did I wonder it was raining?
CP + Q,,GRP001,differences,control,matrix_verb,past,no,first_person,I,polar_question,,,cpq_past_aff_1p_pol_none_base,278,2,Did I know it was raining?,Did I know whether it was raining?
CP + Q,,GRP001,differences,control,embedded_type,past,no,first_person,I,polar_question,,,cpq_past_aff_1p_pol_none_base,279,1,Did I know it was raining?,Did I wonder it was raining?
CP + Q,,GRP001,differences,control,embedded_type,past,no,first_person,I,polar_question,,,cpq_past_aff_1p_pol_none_base,279,2,Did I wonder whether it was raining?,Did I know whether it was raining?
CP + Q,,GRP001,differences,critical,matrix_verb,past,no,first_person,I,polar_question,,,cpq_past_aff_1p_pol_none_variant_1,280,1,Did I think the rumor was good?,Did I think whether the rumor was good?
CP + Q,,GRP001,differences,critical,matrix_verb,past,no,first_person,I,polar_question,,,cpq_past_aff_1p_pol_none_variant_1,280,2,Did I know the rumor was good?,Did I know whether the rumor was good?
CP + Q,,GRP001,differences,critical,embedded_type,past,no,first_person,I,polar_question,,,cpq_past_aff_1p_pol_none_variant_1,281,1,Did I know whether the rumor was good?,Did I think whether the rumor was good?
CP + Q,,GRP001,differences,critical,embedded_type,past,no,first_person,I,polar_question,,,cpq_past_aff_1p_pol_none_variant_1,281,2,Did I think the rumor was good?,Did I know the rumor was good?
CP + Q,,GRP001,differences,control,matrix_verb,past,no,first_person,I,polar_question,,,cpq_past_aff_1p_pol_none_variant_1,282,1,Did I wonder whether the rumor was good?,Did I wonder the rumor was good?
CP + Q,,GRP001,differences,control,matrix_verb,past,no,first_person,I,polar_question,,,cpq_past_aff_1p_pol_none_variant_1,282,2,Did I know the rumor was good?,Did I know whether the rumor was good?
CP + Q,,GRP001,differences,control,embedded_type,past,no,first_person,I,polar_question,,,cpq_past_aff_1p_pol_none_variant_1,283,1,Did I know the rumor was good?,Did I wonder the rumor was good?
CP + Q,,GRP001,differences,control,embedded_type,past,no,first_person,I,polar_question,,,cpq_past_aff_1p_pol_none_variant_1,283,2,Did I wonder whether the rumor was good?,Did I know whether the rumor was good?
CP + Q,,GRP001,differences,critical,matrix_verb,past,no,first_person,I,polar_question,,,cpq_past_aff_1p_pol_none_variant_2,284,1,Did I think the vase shattered?,Did I think whether the vase shattered?
CP + Q,,GRP001,differences,critical,matrix_verb,past,no,first_person,I,polar_question,,,cpq_past_aff_1p_pol_none_variant_2,284,2,Did I know the vase shattered?,Did I know whether the vase shattered?
CP + Q,,GRP001,differences,critical,embedded_type,past,no,first_person,I,polar_question,,,cpq_past_aff_1p_pol_none_variant_2,285,1,Did I know whether the vase shattered?,Did I think whether the vase shattered?
CP + Q,,GRP001,differences,critical,embedded_type,past,no,first_person,I,polar_question,,,cpq_past_aff_1p_pol_none_variant_2,285,2,Did I think the vase shattered?,Did I know the vase shattered?
CP + Q,,GRP001,differences,control,matrix_verb,past,no,first_person,I,polar_question,,,cpq_past_aff_1p_pol_none_variant_2,286,1,Did I wonder whether the vase shattered?,Did I wonder the vase shattered?
CP + Q,,GRP001,differences,control,matrix_verb,past,no,first_person,I,polar_question,,,cpq_past_aff_1p_pol_none_variant_2,286,2,Did I know the vase shattered?,Did I know whether the vase shattered?
CP + Q,,GRP001,differences,control,embedded_type,past,no,first_person,I,polar_question,,,cpq_past_aff_1p_pol_none_variant_2,287,1,Did I know the vase shattered?,Did I wonder the vase shattered?
CP + Q,,GRP001,differences,control,embedded_type,past,no,first_person,I,polar_question,,,cpq_past_aff_1p_pol_none_variant_2,287,2,Did I wonder whether the vase shattered?,Did I know whether the vase shattered?
NP complement,NP vs CP copula deletion,GRP002,differences,critical,matrix_verb,present,no,third_person,John,declarative,,,npcop_pres_aff_3p_base,288,1,John thinks the rumor is about Mary.,John thinks the rumor about Mary.
NP complement,NP vs CP copula deletion,GRP002,differences,critical,matrix_verb,present,no,third_person,John,declarative,,,npcop_pres_aff_3p_base,288,2,John knows the rumor is about Mary.,John knows the rumor about Mary.
NP complement,NP vs CP copula deletion,GRP002,differences,critical,embedded_type,present,no,third_person,John,declarative,,,npcop_pres_aff_3p_base,289,1,John knows the rumor about Mary.,John thinks the rumor about Mary.
NP complement,NP vs CP copula deletion,GRP002,differences,critical,embedded_type,present,no,third_person,John,declarative,,,npcop_pres_aff_3p_base,289,2,John thinks the rumor is about Mary.,John knows the rumor is about Mary.
NP complement,NP vs CP copula deletion,GRP002,differences,control,matrix_verb,present,no,third_person,John,declarative,,,npcop_pres_aff_3p_base,290,1,John starts the rumor about Mary.,John starts the rumor is about Mary.
NP complement,NP vs CP copula deletion,GRP002,differences,control,matrix_verb,present,no,third_person,John,declarative,,,npcop_pres_aff_3p_base,290,2,John knows the rumor is about Mary.,John knows the rumor about Mary.
NP complement,NP vs CP copula deletion,GRP002,differences,control,embedded_type,present,no,third_person,John,declarative,,,npcop_pres_aff_3p_base,291,1,John knows the rumor is about Mary.,John starts the rumor is about Mary.
NP complement,NP vs CP copula deletion,GRP002,differences,control,embedded_type,present,no,third_person,John,declarative,,,npcop_pres_aff_3p_base,291,2,John starts the rumor about Mary.,John knows the rumor about Mary.
NP complement,NP vs CP copula deletion,GRP002,differences,critical,matrix_verb,present,no,third_person,the woman,declarative,,,npcop_pres_aff_3p_variant_1,292,1,The woman thinks the rumor is about the man.,The woman thinks the rumor about the man.
NP complement,NP vs CP copula deletion,GRP002,differences,critical,matrix_verb,present,no,third_person,the woman,declarative,,,npcop_pres_aff_3p_variant_1,292,2,The woman knows the rumor is about the man.,The woman knows the rumor about the man.
NP complement,NP vs CP copula deletion,GRP002,differences,critical,embedded_type,present,no,third_person,the woman,declarative,,,npcop_pres_aff_3p_variant_1,293,1,The woman knows the rumor about the man.,The woman thinks the rumor about the man.
NP complement,NP vs CP copula deletion,GRP002,differences,critical,embedded_type,present,no,third_person,the woman,declarative,,,npcop_pres_aff_3p_variant_1,293,2,The woman thinks the rumor is about the man.,The woman knows the rumor is about the man.
NP complement,NP vs CP copula deletion,GRP002,differences,control,matrix_verb,present,no,third_person,the woman,declarative,,,npcop_pres_aff_3p_variant_1,294,1,The woman starts the rumor about the man.,The woman starts the rumor is about the man.
NP complement,NP vs CP copula deletion,GRP002,differences,control,matrix_verb,present,no,third_person,the woman,declarative,,,npcop_pres_aff_3p_variant_1,294,2,The woman knows the rumor is about the man.,The woman knows the rumor about the man.
NP complement,NP vs CP copula deletion,GRP002,differences,control,embedded_type,present,no,third_person,the woman,declarative,,,npcop_pres_aff_3p_variant_1,295,1,The woman knows the rumor is about the man.,The woman starts the rumor is about the man.
NP complement,NP vs CP copula deletion,GRP002,differences,control,embedded_type,present,no,third_person,the woman,declarative,,,npcop_pres_aff_3p_variant_1,295,2,The woman starts the rumor about the man.,The woman knows the rumor about the man.
NP complement,NP vs CP copula deletion,GRP002,differences,critical,matrix_verb,present,no,third_person,they,declarative,,,npcop_pres_aff_3p_variant_2,296,1,They think the rumor is about the woman.,They think the rumor about the woman.
NP complement,NP vs CP copula deletion,GRP002,differences,critical,matrix_verb,present,no,third_person,they,declarative,,,npcop_pres_aff_3p_variant_2,296,2,They know the rumor is about the woman.,They know the rumor about the woman.
NP complement,NP vs CP copula deletion,GRP002,differences,critical,embedded_type,present,no,third_person,they,declarative,,,npcop_pres_aff_3p_variant_2,297,1,They know the rumor about the woman.,They think the rumor about the woman.
NP complement,NP vs CP copula deletion,GRP002,differences,critical,embedded_type,present,no,third_person,they,declarative,,,npcop_pres_aff_3p_variant_2,297,2,They think the rumor is about the woman.,They know the rumor is about the woman.
NP complement,NP vs CP copula deletion,GRP002,differences,control,matrix_verb,present,no,third_person,they,declarative,,,npcop_pres_aff_3p_variant_2,298,1,They start the rumor about the woman.,They start the rumor is about the woman.
NP complement,NP vs CP copula deletion,GRP002,differences,control,matrix_verb,present,no,third_person,they,declarative,,,npcop_pres_aff_3p_variant_2,298,2,They know the rumor is about the woman.,They know the rumor about the woman.
NP complement,NP vs CP copula deletion,GRP002,differences,control,embedded_type,present,no,third_person,they,declarative,,,npcop_pres_aff_3p_variant_2,299,1,They know the rumor is about the woman.,They start the rumor is about the woman.
NP complement,NP vs CP copula deletion,GRP002,differences,control,embedded_type,present,no,third_person,they,declarative,,,npcop_pres_aff_3p_variant_2,299,2,They start the rumor about the woman.,They know the rumor about the woman.
NP complement,NP vs CP copula deletion,GRP002,differences,critical,matrix_verb,present,yes,third_person,John,declarative,,,npcop_pres_neg_3p_base,300,1,John doesn't think the rumor is about Mary.,John doesn't think the rumor about Mary.
NP complement,NP vs CP copula deletion,GRP002,differences,critical,matrix_verb,present,yes,third_person,John,declarative,,,npcop_pres_neg_3p_base,300,2,John doesn't know the rumor is about Mary.,John doesn't know the rumor about Mary.
NP complement,NP vs CP copula deletion,GRP002,differences,critical,embedded_type,present,yes,third_person,John,declarative,,,npcop_pres_neg_3p_base,301,1,John doesn't know the rumor about Mary.,John doesn't think the rumor about Mary.
NP complement,NP vs CP copula deletion,GRP002,differences,critical,embedded_type,present,yes,third_person,John,declarative,,,npcop_pres_neg_3p_base,301,2,John doesn't think the rumor is about Mary.,John doesn't know the rumor is about Mary.
NP complement,NP vs CP copula deletion,GRP002,differences,control,matrix_verb,present,yes,third_person,John,declarative,,,npcop_pres_neg_3p_base,302,1,John doesn't start the rumor about Mary.,John doesn't start the rumor is about Mary.
NP complement,NP vs CP copula deletion,GRP002,differences,control,matrix_verb,present,yes,third_person,John,declarative,,,npcop_pres_neg_3p_base,302,2,John doesn't know the rumor is about Mary.,John doesn't know the rumor about Mary.
NP complement,NP vs CP copula deletion,GRP002,differences,control,embedded_type,present,yes,third_person,John,declarative,,,npcop_pres_neg_3p_base,303,1,John doesn't know the rumor is about Mary.,John doesn't start the rumor is about Mary.
NP complement,NP vs CP copula deletion,GRP002,differences,control,embedded_type,present,yes,third_person,John,declarative,,,npcop_pres_neg_3p_base,303,2,John doesn't start the rumor about Mary.,John doesn't know the rumor about Mary.
NP complement,NP vs CP copula deletion,GRP002,differences,critical,matrix_verb,present,yes,third_person,the doctor,declarative,,,npcop_pres_neg_3p_variant_1,304,1,The doctor doesn't think the rumor is about Jane.,The doctor doesn't think the rumor about Jane.
NP complement,NP vs CP copula deletion,GRP002,differences,critical,matrix_verb,present,yes,third_person,the doctor,declarative,,,npcop_pres_neg_3p_variant_1,304,2,The doctor doesn't know the rumor is about Jane.,The doctor doesn't know the rumor about Jane.
NP complement,NP vs CP copula deletion,GRP002,differences,critical,embedded_type,present,yes,third_person,the doctor,declarative,,,npcop_pres_neg_3p_variant_1,305,1,The doctor doesn't know the rumor about Jane.,The doctor doesn't think the rumor about Jane.
NP complement,NP vs CP copula deletion,GRP002,differences,critical,embedded_type,present,yes,third_person,the doctor,declarative,,,npcop_pres_neg_3p_variant_1,305,2,The doctor doesn't think the rumor is about Jane.,The doctor doesn't know the rumor is about Jane.
NP complement,NP vs CP copula deletion,GRP002,differences,control,matrix_verb,present,yes,third_person,the doctor,declarative,,,npcop_pres_neg_3p_variant_1,306,1,The doctor doesn't start the rumor about Jane.,The doctor doesn't start the rumor is about Jane.
NP complement,NP vs CP copula deletion,GRP002,differences,control,matrix_verb,present,yes,third_person,the doctor,declarative,,,npcop_pres_neg_3p_variant_1,306,2,The doctor doesn't know the rumor is about Jane.,The doctor doesn't know the rumor about Jane.
NP complement,NP vs CP copula deletion,GRP002,differences,control,embedded_type,present,yes,third_person,the doctor,declarative,,,npcop_pres_neg_3p_variant_1,307,1,The doctor doesn't know the rumor is about Jane.,The doctor doesn't start the rumor is about Jane.
NP complement,NP vs CP copula deletion,GRP002,differences,control,embedded_type,present,yes,third_person,the doctor,declarative,,,npcop_pres_neg_3p_variant_1,307,2,The doctor doesn't start the rumor about Jane.,The doctor doesn't know the rumor about Jane.
NP complement,NP vs CP copula deletion,GRP002,differences,critical,matrix_verb,present,yes,third_person,Christopher,declarative,,,npcop_pres_neg_3p_variant_2,308,1,Christopher doesn't think the rumor is about Jane.,Christopher doesn't think the rumor about Jane.
NP complement,NP vs CP copula deletion,GRP002,differences,critical,matrix_verb,present,yes,third_person,Christopher,declarative,,,npcop_pres_neg_3p_variant_2,308,2,Christopher doesn't know the rumor is about Jane.,Christopher doesn't know the rumor about Jane.
NP complement,NP vs CP copula deletion,GRP002,differences,critical,embedded_type,present,yes,third_person,Christopher,declarative,,,npcop_pres_neg_3p_variant_2,309,1,Christopher doesn't know the rumor about Jane.,Christopher doesn't think the rumor about Jane.
NP complement,NP vs CP copula deletion,GRP002,differences,critical,embedded_type,present,yes,third_person,Christopher,declarative,,,npcop_pres_neg_3p_variant_2,309,2,Christopher doesn't think the rumor is about Jane.,Christopher doesn't know the rumor is about Jane.
NP complement,NP vs CP copula deletion,GRP002,differences,control,matrix_verb,present,yes,third_person,Christopher,declarative,,,npcop_pres_neg_3p_variant_2,310,1,Christopher doesn't start the rumor about Jane.,Christopher doesn't start the rumor is about Jane.
NP complement,NP vs CP copula deletion,GRP002,differences,control,matrix_verb,present,yes,third_person,Christopher,declarative,,,npcop_pres_neg_3p_variant_2,310,2,Christopher doesn't know the rumor is about Jane.,Christopher doesn't know the rumor about Jane.
NP complement,NP vs CP copula deletion,GRP002,differences,control,embedded_type,present,yes,third_person,Christopher,declarative,,,npcop_pres_neg_3p_variant_2,311,1,Christopher doesn't know the rumor is about Jane.,Christopher doesn't start the rumor is about Jane.
NP complement,NP vs CP copula deletion,GRP002,differences,control,embedded_type,present,yes,third_person,Christopher,declarative,,,npcop_pres_neg_3p_variant_2,311,2,Christopher doesn't start the rumor about Jane.,Christopher doesn't know the rumor about Jane.
NP complement,NP vs CP copula deletion,GRP002,differences,critical,matrix_verb,past,no,third_person,John,declarative,,,npcop_past_aff_3p_base,312,1,John thought the rumor was about Mary.,John thought the rumor about Mary.
NP complement,NP vs CP copula deletion,GRP002,differences,critical,matrix_verb,past,no,third_person,John,declarative,,,npcop_past_aff_3p_base,312,2,John knew the rumor was about Mary.,John knew the rumor about Mary.
NP complement,NP vs CP copula deletion,GRP002,differences,critical,embedded_type,past,no,third_person,John,declarative,,,npcop_past_aff_3p_base,313,1,John knew the rumor about Mary.,John thought the rumor about Mary.
NP complement,NP vs CP copula deletion,GRP002,differences,critical,embedded_type,past,no,third_person,John,declarative,,,npcop_past_aff_3p_base,313,2,John thought the rumor was about Mary.,John knew the rumor was about Mary.
NP complement,NP vs CP copula deletion,GRP002,differences,control,matrix_verb,past,no,third_person,John,declarative,,,npcop_past_aff_3p_base,314,1,John started the rumor about Mary.,John started the rumor was about Mary.
NP complement,NP vs CP copula deletion,GRP002,differences,control,matrix_verb,past,no,third_person,John,declarative,,,npcop_past_aff_3p_base,314,2,John knew the rumor was about Mary.,John knew the rumor about Mary.
NP complement,NP vs CP copula deletion,GRP002,differences,control,embedded_type,past,no,third_person,John,declarative,,,npcop_past_aff_3p_base,315,1,John knew the rumor was about Mary.,John started the rumor was about Mary.
NP complement,NP vs CP copula deletion,GRP002,differences,control,embedded_type,past,no,third_person,John,declarative,,,npcop_past_aff_3p_base,315,2,John started the rumor about Mary.,John knew the rumor about Mary.
NP complement,NP vs CP copula deletion,GRP002,differences,critical,matrix_verb,past,no,third_person,she,declarative,,,npcop_past_aff_3p_variant_1,316,1,She thought the rumor was about the student.,She thought the rumor about the student.
NP complement,NP vs CP copula deletion,GRP002,differences,critical,matrix_verb,past,no,third_person,she,declarative,,,npcop_past_aff_3p_variant_1,316,2,She knew the rumor was about the student.,She knew the rumor about the student.
NP complement,NP vs CP copula deletion,GRP002,differences,critical,embedded_type,past,no,third_person,she,declarative,,,npcop_past_aff_3p_variant_1,317,1,She knew the rumor about the student.,She thought the rumor about the student.
NP complement,NP vs CP copula deletion,GRP002,differences,critical,embedded_type,past,no,third_person,she,declarative,,,npcop_past_aff_3p_variant_1,317,2,She thought the rumor was about the student.,She knew the rumor was about the student.
NP complement,NP vs CP copula deletion,GRP002,differences,control,matrix_verb,past,no,third_person,she,declarative,,,npcop_past_aff_3p_variant_1,318,1,She started the rumor about the student.,She started the rumor was about the student.
NP complement,NP vs CP copula deletion,GRP002,differences,control,matrix_verb,past,no,third_person,she,declarative,,,npcop_past_aff_3p_variant_1,318,2,She knew the rumor was about the student.,She knew the rumor about the student.
NP complement,NP vs CP copula deletion,GRP002,differences,control,embedded_type,past,no,third_person,she,declarative,,,npcop_past_aff_3p_variant_1,319,1,She knew the rumor was about the student.,She started the rumor was about the student.
NP complement,NP vs CP copula deletion,GRP002,differences,control,embedded_type,past,no,third_person,she,declarative,,,npcop_past_aff_3p_variant_1,319,2,She started the rumor about the student.,She knew the rumor about the student.
NP complement,NP vs CP copula deletion,GRP002,differences,critical,matrix_verb,past,no,third_person,Bob,declarative,,,npcop_past_aff_3p_variant_2,320,1,Bob thought the rumor was about the teacher.,Bob thought the rumor about the teacher.
NP complement,NP vs CP copula deletion,GRP002,differences,critical,matrix_verb,past,no,third_person,Bob,declarative,,,npcop_past_aff_3p_variant_2,320,2,Bob knew the rumor was about the teacher.,Bob knew the rumor about the teacher.
NP complement,NP vs CP copula deletion,GRP002,differences,critical,embedded_type,past,no,third_person,Bob,declarative,,,npcop_past_aff_3p_variant_2,321,1,Bob knew the rumor about the teacher.,Bob thought the rumor about the teacher.
NP complement,NP vs CP copula deletion,GRP002,differences,critical,embedded_type,past,no,third_person,Bob,declarative,,,npcop_past_aff_3p_variant_2,321,2,Bob thought the rumor was about the teacher.,Bob knew the rumor was about the teacher.
NP complement,NP vs CP copula deletion,GRP002,differences,control,matrix_verb,past,no,third_person,Bob,declarative,,,npcop_past_aff_3p_variant_2,322,1,Bob started the rumor about the teacher.,Bob started the rumor was about the teacher.
NP complement,NP vs CP copula deletion,GRP002,differences,control,matrix_verb,past,no,third_person,Bob,declarative,,,npcop_past_aff_3p_variant_2,322,2,Bob knew the rumor was about the teacher.,Bob knew the rumor about the teacher.
NP complement,NP vs CP copula deletion,GRP002,differences,control,embedded_type,past,no,third_person,Bob,declarative,,,npcop_past_aff_3p_variant_2,323,1,Bob knew the rumor was about the teacher.,Bob started the rumor was about the teacher.
NP complement,NP vs CP copula deletion,GRP002,differences,control,embedded_type,past,no,third_person,Bob,declarative,,,npcop_past_aff_3p_variant_2,323,2,Bob started the rumor about the teacher.,Bob knew the rumor about the teacher.
NP complement,NP vs CP copula deletion,GRP002,differences,critical,matrix_verb,past,yes,third_person,John,declarative,,,npcop_past_neg_3p_base,324,1,John didn't think the rumor was about Mary.,John didn't think the rumor about Mary.
NP complement,NP vs CP copula deletion,GRP002,differences,critical,matrix_verb,past,yes,third_person,John,declarative,,,npcop_past_neg_3p_base,324,2,John didn't know the rumor was about Mary.,John didn't know the rumor about Mary.
NP complement,NP vs CP copula deletion,GRP002,differences,critical,embedded_type,past,yes,third_person,John,declarative,,,npcop_past_neg_3p_base,325,1,John didn't know the rumor about Mary.,John didn't think the rumor about Mary.
NP complement,NP vs CP copula deletion,GRP002,differences,critical,embedded_type,past,yes,third_person,John,declarative,,,npcop_past_neg_3p_base,325,2,John didn't think the rumor was about Mary.,John didn't know the rumor was about Mary.
NP complement,NP vs CP copula deletion,GRP002,differences,control,matrix_verb,past,yes,third_person,John,declarative,,,npcop_past_neg_3p_base,326,1,John didn't start the rumor about Mary.,John didn't start the rumor was about Mary.
NP complement,NP vs CP copula deletion,GRP002,differences,control,matrix_verb,past,yes,third_person,John,declarative,,,npcop_past_neg_3p_base,326,2,John didn't know the rumor was about Mary.,John didn't know the rumor about Mary.
NP complement,NP vs CP copula deletion,GRP002,differences,control,embedded_type,past,yes,third_person,John,declarative,,,npcop_past_neg_3p_base,327,1,John didn't know the rumor was about Mary.,John didn't start the rumor was about Mary.
NP complement,NP vs CP copula deletion,GRP002,differences,control,embedded_type,past,yes,third_person,John,declarative,,,npcop_past_neg_3p_base,327,2,John didn't start the rumor about Mary.,John didn't know the rumor about Mary.
NP complement,NP vs CP copula deletion,GRP002,differences,critical,matrix_verb,past,yes,third_person,Christopher,declarative,,,npcop_past_neg_3p_variant_1,328,1,Christopher didn't think the rumor was about Sarah.,Christopher didn't think the rumor about Sarah.
NP complement,NP vs CP copula deletion,GRP002,differences,critical,matrix_verb,past,yes,third_person,Christopher,declarative,,,npcop_past_neg_3p_variant_1,328,2,Christopher didn't know the rumor was about Sarah.,Christopher didn't know the rumor about Sarah.
NP complement,NP vs CP copula deletion,GRP002,differences,critical,embedded_type,past,yes,third_person,Christopher,declarative,,,npcop_past_neg_3p_variant_1,329,1,Christopher didn't know the rumor about Sarah.,Christopher didn't think the rumor about Sarah.
NP complement,NP vs CP copula deletion,GRP002,differences,critical,embedded_type,past,yes,third_person,Christopher,declarative,,,npcop_past_neg_3p_variant_1,329,2,Christopher didn't think the rumor was about Sarah.,Christopher didn't know the rumor was about Sarah.
NP complement,NP vs CP copula deletion,GRP002,differences,control,matrix_verb,past,yes,third_person,Christopher,declarative,,,npcop_past_neg_3p_variant_1,330,1,Christopher didn't start the rumor about Sarah.,Christopher didn't start the rumor was about Sarah.
NP complement,NP vs CP copula deletion,GRP002,differences,control,matrix_verb,past,yes,third_person,Christopher,declarative,,,npcop_past_neg_3p_variant_1,330,2,Christopher didn't know the rumor was about Sarah.,Christopher didn't know the rumor about Sarah.
NP complement,NP vs CP copula deletion,GRP002,differences,control,embedded_type,past,yes,third_person,Christopher,declarative,,,npcop_past_neg_3p_variant_1,331,1,Christopher didn't know the rumor was about Sarah.,Christopher didn't start the rumor was about Sarah.
NP complement,NP vs CP copula deletion,GRP002,differences,control,embedded_type,past,yes,third_person,Christopher,declarative,,,npcop_past_neg_3p_variant_1,331,2,Christopher didn't start the rumor about Sarah.,Christopher didn't know the rumor about Sarah.
NP complement,NP vs CP copula deletion,GRP002,differences,critical,matrix_verb,past,yes,third_person,the doctor,declarative,,,npcop_past_neg_3p_variant_2,332,1,The doctor didn't think the rumor was about the woman.,The doctor didn't think the rumor about the woman.
NP complement,NP vs CP copula deletion,GRP002,differences,critical,matrix_verb,past,yes,third_person,the doctor,declarative,,,npcop_past_neg_3p_variant_2,332,2,The doctor didn't know the rumor was about the woman.,The doctor didn't know the rumor about the woman.
NP complement,NP vs CP copula deletion,GRP002,differences,critical,embedded_type,past,yes,third_person,the doctor,declarative,,,npcop_past_neg_3p_variant_2,333,1,The doctor didn't know the rumor about the woman.,The doctor didn't think the rumor about the woman.
NP complement,NP vs CP copula deletion,GRP002,differences,critical,embedded_type,past,yes,third_person,the doctor,declarative,,,npcop_past_neg_3p_variant_2,333,2,The doctor didn't think the rumor was about the woman.,The doctor didn't know the rumor was about the woman.
NP complement,NP vs CP copula deletion,GRP002,differences,control,matrix_verb,past,yes,third_person,the doctor,declarative,,,npcop_past_neg_3p_variant_2,334,1,The doctor didn't start the rumor about the woman.,The doctor didn't start the rumor was about the woman.
NP complement,NP vs CP copula deletion,GRP002,differences,control,matrix_verb,past,yes,third_person,the doctor,declarative,,,npcop_past_neg_3p_variant_2,334,2,The doctor didn't know the rumor was about the woman.,The doctor didn't know the rumor about the woman.
NP complement,NP vs CP copula deletion,GRP002,differences,control,embedded_type,past,yes,third_person,the doctor,declarative,,,npcop_past_neg_3p_variant_2,335,1,The doctor didn't know the rumor was about the woman.,The doctor didn't start the rumor was about the woman.
NP complement,NP vs CP copula deletion,GRP002,differences,control,embedded_type,past,yes,third_person,the doctor,declarative,,,npcop_past_neg_3p_variant_2,335,2,The doctor didn't start the rumor about the woman.,The doctor didn't know the rumor about the woman.
NP complement,NP vs CP copula deletion,GRP002,differences,critical,matrix_verb,present,no,first_person,I,declarative,,,npcop_pres_aff_1p_base,336,1,I think the rumor is about Mary.,I think the rumor about Mary.
NP complement,NP vs CP copula deletion,GRP002,differences,critical,matrix_verb,present,no,first_person,I,declarative,,,npcop_pres_aff_1p_base,336,2,I know the rumor is about Mary.,I know the rumor about Mary.
NP complement,NP vs CP copula deletion,GRP002,differences,critical,embedded_type,present,no,first_person,I,declarative,,,npcop_pres_aff_1p_base,337,1,I know the rumor about Mary.,I think the rumor about Mary.
NP complement,NP vs CP copula deletion,GRP002,differences,critical,embedded_type,present,no,first_person,I,declarative,,,npcop_pres_aff_1p_base,337,2,I think the rumor is about Mary.,I know the rumor is about Mary.
NP complement,NP vs CP copula deletion,GRP002,differences,control,matrix_verb,present,no,first_person,I,declarative,,,npcop_pres_aff_1p_base,338,1,I start the rumor about Mary.,I start the rumor is about Mary.
NP complement,NP vs CP copula deletion,GRP002,differences,control,matrix_verb,present,no,first_person,I,declarative,,,npcop_pres_aff_1p_base,338,2,I know the rumor is about Mary.,I know the rumor about Mary.
NP complement,NP vs CP copula deletion,GRP002,differences,control,embedded_type,present,no,first_person,I,declarative,,,npcop_pres_aff_1p_base,339,1,I know the rumor is about Mary.,I start the rumor is about Mary.
NP complement,NP vs CP copula deletion,GRP002,differences,control,embedded_type,present,no,first_person,I,declarative,,,npcop_pres_aff_1p_base,339,2,I start the rumor about Mary.,I know the rumor about Mary.
NP complement,NP vs CP copula deletion,GRP002,differences,critical,matrix_verb,present,no,first_person,I,declarative,,,npcop_pres_aff_1p_variant_1,340,1,I think the rumor is about the student.,I think the rumor about the student.
NP complement,NP vs CP copula deletion,GRP002,differences,critical,matrix_verb,present,no,first_person,I,declarative,,,npcop_pres_aff_1p_variant_1,340,2,I know the rumor is about the student.,I know the rumor about the student.
NP complement,NP vs CP copula deletion,GRP002,differences,critical,embedded_type,present,no,first_person,I,declarative,,,npcop_pres_aff_1p_variant_1,341,1,I know the rumor about the student.,I think the rumor about the student.
NP complement,NP vs CP copula deletion,GRP002,differences,critical,embedded_type,present,no,first_person,I,declarative,,,npcop_pres_aff_1p_variant_1,341,2,I think the rumor is about the student.,I know the rumor is about the student.
NP complement,NP vs CP copula deletion,GRP002,differences,control,matrix_verb,present,no,first_person,I,declarative,,,npcop_pres_aff_1p_variant_1,342,1,I start the rumor about the student.,I start the rumor is about the student.
NP complement,NP vs CP copula deletion,GRP002,differences,control,matrix_verb,present,no,first_person,I,declarative,,,npcop_pres_aff_1p_variant_1,342,2,I know the rumor is about the student.,I know the rumor about the student.
NP complement,NP vs CP copula deletion,GRP002,differences,control,embedded_type,present,no,first_person,I,declarative,,,npcop_pres_aff_1p_variant_1,343,1,I know the rumor is about the student.,I start the rumor is about the student.
NP complement,NP vs CP copula deletion,GRP002,differences,control,embedded_type,present,no,first_person,I,declarative,,,npcop_pres_aff_1p_variant_1,343,2,I start the rumor about the student.,I know the rumor about the student.
NP complement,NP vs CP copula deletion,GRP002,differences,critical,matrix_verb,present,no,first_person,I,declarative,,,npcop_pres_aff_1p_variant_2,344,1,I think the rumor is about the cashier.,I think the rumor about the cashier.
NP complement,NP vs CP copula deletion,GRP002,differences,critical,matrix_verb,present,no,first_person,I,declarative,,,npcop_pres_aff_1p_variant_2,344,2,I know the rumor is about the cashier.,I know the rumor about the cashier.
NP complement,NP vs CP copula deletion,GRP002,differences,critical,embedded_type,present,no,first_person,I,declarative,,,npcop_pres_aff_1p_variant_2,345,1,I know the rumor about the cashier.,I think the rumor about the cashier.
NP complement,NP vs CP copula deletion,GRP002,differences,critical,embedded_type,present,no,first_person,I,declarative,,,npcop_pres_aff_1p_variant_2,345,2,I think the rumor is about the cashier.,I know the rumor is about the cashier.
NP complement,NP vs CP copula deletion,GRP002,differences,control,matrix_verb,present,no,first_person,I,declarative,,,npcop_pres_aff_1p_variant_2,346,1,I start the rumor about the cashier.,I start the rumor is about the cashier.
NP complement,NP vs CP copula deletion,GRP002,differences,control,matrix_verb,present,no,first_person,I,declarative,,,npcop_pres_aff_1p_variant_2,346,2,I know the rumor is about the cashier.,I know the rumor about the cashier.
NP complement,NP vs CP copula deletion,GRP002,differences,control,embedded_type,present,no,first_person,I,declarative,,,npcop_pres_aff_1p_variant_2,347,1,I know the rumor is about the cashier.,I start the rumor is about the cashier.
NP complement,NP vs CP copula deletion,GRP002,differences,control,embedded_type,present,no,first_person,I,declarative,,,npcop_pres_aff_1p_variant_2,347,2,I start the rumor about the cashier.,I know the rumor about the cashier.
NP complement,NP vs CP copula deletion,GRP002,differences,critical,matrix_verb,past,no,first_person,I,declarative,,,npcop_past_aff_1p_base,348,1,I thought the rumor was about Mary.,I thought the rumor about Mary.
NP complement,NP vs CP copula deletion,GRP002,differences,critical,matrix_verb,past,no,first_person,I,declarative,,,npcop_past_aff_1p_base,348,2,I knew the rumor was about Mary.,I knew the rumor about Mary.
NP complement,NP vs CP copula deletion,GRP002,differences,critical,embedded_type,past,no,first_person,I,declarative,,,npcop_past_aff_1p_base,349,1,I knew the rumor about Mary.,I thought the rumor about Mary.
NP complement,NP vs CP copula deletion,GRP002,differences,critical,embedded_type,past,no,first_person,I,declarative,,,npcop_past_aff_1p_base,349,2,I thought the rumor was about Mary.,I knew the rumor was about Mary.
NP complement,NP vs CP copula deletion,GRP002,differences,control,matrix_verb,past,no,first_person,I,declarative,,,npcop_past_aff_1p_base,350,1,I started the rumor about Mary.,I started the rumor was about Mary.
NP complement,NP vs CP copula deletion,GRP002,differences,control,matrix_verb,past,no,first_person,I,declarative,,,npcop_past_aff_1p_base,350,2,I knew the rumor was about Mary.,I knew the rumor about Mary.
NP complement,NP vs CP copula deletion,GRP002,differences,control,embedded_type,past,no,first_person,I,declarative,,,npcop_past_aff_1p_base,351,1,I knew the rumor was about Mary.,I started the rumor was about Mary.
NP complement,NP vs CP copula deletion,GRP002,differences,control,embedded_type,past,no,first_person,I,declarative,,,npcop_past_aff_1p_base,351,2,I started the rumor about Mary.,I knew the rumor about Mary.
NP complement,NP vs CP copula deletion,GRP002,differences,critical,matrix_verb,past,no,first_person,I,declarative,,,npcop_past_aff_1p_variant_1,352,1,I thought the rumor was about the cashier.,I thought the rumor about the cashier.
NP complement,NP vs CP copula deletion,GRP002,differences,critical,matrix_verb,past,no,first_person,I,declarative,,,npcop_past_aff_1p_variant_1,352,2,I knew the rumor was about the cashier.,I knew the rumor about the cashier.
NP complement,NP vs CP copula deletion,GRP002,differences,critical,embedded_type,past,no,first_person,I,declarative,,,npcop_past_aff_1p_variant_1,353,1,I knew the rumor about the cashier.,I thought the rumor about the cashier.
NP complement,NP vs CP copula deletion,GRP002,differences,critical,embedded_type,past,no,first_person,I,declarative,,,npcop_past_aff_1p_variant_1,353,2,I thought the rumor was about the cashier.,I knew the rumor was about the cashier.
NP complement,NP vs CP copula deletion,GRP002,differences,control,matrix_verb,past,no,first_person,I,declarative,,,npcop_past_aff_1p_variant_1,354,1,I started the rumor about the cashier.,I started the rumor was about the cashier.
NP complement,NP vs CP copula deletion,GRP002,differences,control,matrix_verb,past,no,first_person,I,declarative,,,npcop_past_aff_1p_variant_1,354,2,I knew the rumor was about the cashier.,I knew the rumor about the cashier.
NP complement,NP vs CP copula deletion,GRP002,differences,control,embedded_type,past,no,first_person,I,declarative,,,npcop_past_aff_1p_variant_1,355,1,I knew the rumor was about the cashier.,I started the rumor was about the cashier.
NP complement,NP vs CP copula deletion,GRP002,differences,control,embedded_type,past,no,first_person,I,declarative,,,npcop_past_aff_1p_variant_1,355,2,I started the rumor about the cashier.,I knew the rumor about the cashier.
NP complement,NP vs CP copula deletion,GRP002,differences,critical,matrix_verb,past,no,first_person,I,declarative,,,npcop_past_aff_1p_variant_2,356,1,I thought the rumor was about the doctor.,I thought the rumor about the doctor.
NP complement,NP vs CP copula deletion,GRP002,differences,critical,matrix_verb,past,no,first_person,I,declarative,,,npcop_past_aff_1p_variant_2,356,2,I knew the rumor was about the doctor.,I knew the rumor about the doctor.
NP complement,NP vs CP copula deletion,GRP002,differences,critical,embedded_type,past,no,first_person,I,declarative,,,npcop_past_aff_1p_variant_2,357,1,I knew the rumor about the doctor.,I thought the rumor about the doctor.
NP complement,NP vs CP copula deletion,GRP002,differences,critical,embedded_type,past,no,first_person,I,declarative,,,npcop_past_aff_1p_variant_2,357,2,I thought the rumor was about the doctor.,I knew the rumor was about the doctor.
NP complement,NP vs CP copula deletion,GRP002,differences,control,matrix_verb,past,no,first_person,I,declarative,,,npcop_past_aff_1p_variant_2,358,1,I started the rumor about the doctor.,I started the rumor was about the doctor.
NP complement,NP vs CP copula deletion,GRP002,differences,control,matrix_verb,past,no,first_person,I,declarative,,,npcop_past_aff_1p_variant_2,358,2,I knew the rumor was about the doctor.,I knew the rumor about the doctor.
NP complement,NP vs CP copula deletion,GRP002,differences,control,embedded_type,past,no,first_person,I,declarative,,,npcop_past_aff_1p_variant_2,359,1,I knew the rumor was about the doctor.,I started the rumor was about the doctor.
NP complement,NP vs CP copula deletion,GRP002,differences,control,embedded_type,past,no,first_person,I,declarative,,,npcop_past_aff_1p_variant_2,359,2,I started the rumor about the doctor.,I knew the rumor about the doctor.
NP complement,NP vs CP copula deletion,GRP002,differences,critical,matrix_verb,past,yes,first_person,I,declarative,,,npcop_past_neg_1p_base,360,1,I didn't think the rumor was about Mary.,I didn't think the rumor about Mary.
NP complement,NP vs CP copula deletion,GRP002,differences,critical,matrix_verb,past,yes,first_person,I,declarative,,,npcop_past_neg_1p_base,360,2,I didn't know the rumor was about Mary.,I didn't know the rumor about Mary.
NP complement,NP vs CP copula deletion,GRP002,differences,critical,embedded_type,past,yes,first_person,I,declarative,,,npcop_past_neg_1p_base,361,1,I didn't know the rumor about Mary.,I didn't think the rumor about Mary.
NP complement,NP vs CP copula deletion,GRP002,differences,critical,embedded_type,past,yes,first_person,I,declarative,,,npcop_past_neg_1p_base,361,2,I didn't think the rumor was about Mary.,I didn't know the rumor was about Mary.
NP complement,NP vs CP copula deletion,GRP002,differences,control,matrix_verb,past,yes,first_person,I,declarative,,,npcop_past_neg_1p_base,362,1,I didn't start the rumor about Mary.,I didn't start the rumor was about Mary.
NP complement,NP vs CP copula deletion,GRP002,differences,control,matrix_verb,past,yes,first_person,I,declarative,,,npcop_past_neg_1p_base,362,2,I didn't know the rumor was about Mary.,I didn't know the rumor about Mary.
NP complement,NP vs CP copula deletion,GRP002,differences,control,embedded_type,past,yes,first_person,I,declarative,,,npcop_past_neg_1p_base,363,1,I didn't know the rumor was about Mary.,I didn't start the rumor was about Mary.
NP complement,NP vs CP copula deletion,GRP002,differences,control,embedded_type,past,yes,first_person,I,declarative,,,npcop_past_neg_1p_base,363,2,I didn't start the rumor about Mary.,I didn't know the rumor about Mary.
NP complement,NP vs CP copula deletion,GRP002,differences,critical,matrix_verb,past,yes,first_person,I,declarative,,,npcop_past_neg_1p_variant_1,364,1,I didn't think the rumor was about the woman.,I didn't think the rumor about the woman.
NP complement,NP vs CP copula deletion,GRP002,differences,critical,matrix_verb,past,yes,first_person,I,declarative,,,npcop_past_neg_1p_variant_1,364,2,I didn't know the rumor was about the woman.,I didn't know the rumor about the woman.
NP complement,NP vs CP copula deletion,GRP002,differences,critical,embedded_type,past,yes,first_person,I,declarative,,,npcop_past_neg_1p_variant_1,365,1,I didn't know the rumor about the woman.,I didn't think the rumor about the woman.
NP complement,NP vs CP copula deletion,GRP002,differences,critical,embedded_type,past,yes,first_person,I,declarative,,,npcop_past_neg_1p_variant_1,365,2,I didn't think the rumor was about the woman.,I didn't know the rumor was about the woman.
NP complement,NP vs CP copula deletion,GRP002,differences,control,matrix_verb,past,yes,first_person,I,declarative,,,npcop_past_neg_1p_variant_1,366,1,I didn't start the rumor about the woman.,I didn't start the rumor was about the woman.
NP complement,NP vs CP copula deletion,GRP002,differences,control,matrix_verb,past,yes,first_person,I,declarative,,,npcop_past_neg_1p_variant_1,366,2,I didn't know the rumor was about the woman.,I didn't know the rumor about the woman.
NP complement,NP vs CP copula deletion,GRP002,differences,control,embedded_type,past,yes,first_person,I,declarative,,,npcop_past_neg_1p_variant_1,367,1,I didn't know the rumor was about the woman.,I didn't start the rumor was about the woman.
NP complement,NP vs CP copula deletion,GRP002,differences,control,embedded_type,past,yes,first_person,I,declarative,,,npcop_past_neg_1p_variant_1,367,2,I didn't start the rumor about the woman.,I didn't know the rumor about the woman.
NP complement,NP vs CP copula deletion,GRP002,differences,critical,matrix_verb,past,yes,first_person,I,declarative,,,npcop_past_neg_1p_variant_2,368,1,I didn't think the rumor was about Christopher.,I didn't think the rumor about Christopher.
NP complement,NP vs CP copula deletion,GRP002,differences,critical,matrix_verb,past,yes,first_person,I,declarative,,,npcop_past_neg_1p_variant_2,368,2,I didn't know the rumor was about Christopher.,I didn't know the rumor about Christopher.
NP complement,NP vs CP copula deletion,GRP002,differences,critical,embedded_type,past,yes,first_person,I,declarative,,,npcop_past_neg_1p_variant_2,369,1,I didn't know the rumor about Christopher.,I didn't think the rumor about Christopher.
NP complement,NP vs CP copula deletion,GRP002,differences,critical,embedded_type,past,yes,first_person,I,declarative,,,npcop_past_neg_1p_variant_2,369,2,I didn't think the rumor was about Christopher.,I didn't know the rumor was about Christopher.
NP complement,NP vs CP copula deletion,GRP002,differences,control,matrix_verb,past,yes,first_person,I,declarative,,,npcop_past_neg_1p_variant_2,370,1,I didn't start the rumor about Christopher.,I didn't start the rumor was about Christopher.
NP complement,NP vs CP copula deletion,GRP002,differences,control,matrix_verb,past,yes,first_person,I,declarative,,,npcop_past_neg_1p_variant_2,370,2,I didn't know the rumor was about Christopher.,I didn't know the rumor about Christopher.
NP complement,NP vs CP copula deletion,GRP002,differences,control,embedded_type,past,yes,first_person,I,declarative,,,npcop_past_neg_1p_variant_2,371,1,I didn't know the rumor was about Christopher.,I didn't start the rumor was about Christopher.
NP complement,NP vs CP copula deletion,GRP002,differences,control,embedded_type,past,yes,first_person,I,declarative,,,npcop_past_neg_1p_variant_2,371,2,I didn't start the rumor about Christopher.,I didn't know the rumor about Christopher.
NP complement,NP vs. new sentence,GRP003,differences,critical,matrix_verb,present,no,third_person,John,declarative,,,npnew_pres_aff_3p_base,372,1,John thinks the rumor is false.,John thinks the rumor. It is false.
NP complement,NP vs. new sentence,GRP003,differences,critical,matrix_verb,present,no,third_person,John,declarative,,,npnew_pres_aff_3p_base,372,2,John knows the rumor is false.,John knows the rumor. It is false.
NP complement,NP vs. new sentence,GRP003,differences,critical,embedded_type,present,no,third_person,John,declarative,,,npnew_pres_aff_3p_base,373,1,John knows the rumor. It is false.,John thinks the rumor. It is false.
NP complement,NP vs. new sentence,GRP003,differences,critical,embedded_type,present,no,third_person,John,declarative,,,npnew_pres_aff_3p_base,373,2,John thinks the rumor is false.,John knows the rumor is false.
NP complement,NP vs. new sentence,GRP003,differences,control,matrix_verb,present,no,third_person,John,declarative,,,npnew_pres_aff_3p_base,374,1,John starts the rumor. It is false.,John starts the rumor is false.
NP complement,NP vs. new sentence,GRP003,differences,control,matrix_verb,present,no,third_person,John,declarative,,,npnew_pres_aff_3p_base,374,2,John knows the rumor is false.,John knows the rumor. It is false.
NP complement,NP vs. new sentence,GRP003,differences,control,embedded_type,present,no,third_person,John,declarative,,,npnew_pres_aff_3p_base,375,1,John knows the rumor is false.,John starts the rumor is false.
NP complement,NP vs. new sentence,GRP003,differences,control,embedded_type,present,no,third_person,John,declarative,,,npnew_pres_aff_3p_base,375,2,John starts the rumor. It is false.,John knows the rumor. It is false.
NP complement,NP vs. new sentence,GRP003,differences,critical,matrix_verb,present,no,third_person,she,declarative,,,npnew_pres_aff_3p_variant_1,376,1,She thinks the rumor is good.,She thinks the rumor. It is good.
NP complement,NP vs. new sentence,GRP003,differences,critical,matrix_verb,present,no,third_person,she,declarative,,,npnew_pres_aff_3p_variant_1,376,2,She knows the rumor is good.,She knows the rumor. It is good.
NP complement,NP vs. new sentence,GRP003,differences,critical,embedded_type,present,no,third_person,she,declarative,,,npnew_pres_aff_3p_variant_1,377,1,She knows the rumor. It is good.,She thinks the rumor. It is good.
NP complement,NP vs. new sentence,GRP003,differences,critical,embedded_type,present,no,third_person,she,declarative,,,npnew_pres_aff_3p_variant_1,377,2,She thinks the rumor is good.,She knows the rumor is good.
NP complement,NP vs. new sentence,GRP003,differences,control,matrix_verb,present,no,third_person,she,declarative,,,npnew_pres_aff_3p_variant_1,378,1,She starts the rumor. It is good.,She starts the rumor is good.
NP complement,NP vs. new sentence,GRP003,differences,control,matrix_verb,present,no,third_person,she,declarative,,,npnew_pres_aff_3p_variant_1,378,2,She knows the rumor is good.,She knows the rumor. It is good.
NP complement,NP vs. new sentence,GRP003,differences,control,embedded_type,present,no,third_person,she,declarative,,,npnew_pres_aff_3p_variant_1,379,1,She knows the rumor is good.,She starts the rumor is good.
NP complement,NP vs. new sentence,GRP003,differences,control,embedded_type,present,no,third_person,she,declarative,,,npnew_pres_aff_3p_variant_1,379,2,She starts the rumor. It is good.,She knows the rumor. It is good.
NP complement,NP vs. new sentence,GRP003,differences,critical,matrix_verb,present,no,third_person,she,declarative,,,npnew_pres_aff_3p_variant_2,380,1,She thinks the rumor is bad.,She thinks the rumor. It is bad.
NP complement,NP vs. new sentence,GRP003,differences,critical,matrix_verb,present,no,third_person,she,declarative,,,npnew_pres_aff_3p_variant_2,380,2,She knows the rumor is bad.,She knows the rumor. It is bad.
NP complement,NP vs. new sentence,GRP003,differences,critical,embedded_type,present,no,third_person,she,declarative,,,npnew_pres_aff_3p_variant_2,381,1,She knows the rumor. It is bad.,She thinks the rumor. It is bad.
NP complement,NP vs. new sentence,GRP003,differences,critical,embedded_type,present,no,third_person,she,declarative,,,npnew_pres_aff_3p_variant_2,381,2,She thinks the rumor is bad.,She knows the rumor is bad.
NP complement,NP vs. new sentence,GRP003,differences,control,matrix_verb,present,no,third_person,she,declarative,,,npnew_pres_aff_3p_variant_2,382,1,She starts the rumor. It is bad.,She starts the rumor is bad.
NP complement,NP vs. new sentence,GRP003,differences,control,matrix_verb,present,no,third_person,she,declarative,,,npnew_pres_aff_3p_variant_2,382,2,She knows the rumor is bad.,She knows the rumor. It is bad.
NP complement,NP vs. new sentence,GRP003,differences,control,embedded_type,present,no,third_person,she,declarative,,,npnew_pres_aff_3p_variant_2,383,1,She knows the rumor is bad.,She starts the rumor is bad.
NP complement,NP vs. new sentence,GRP003,differences,control,embedded_type,present,no,third_person,she,declarative,,,npnew_pres_aff_3p_variant_2,383,2,She starts the rumor. It is bad.,She knows the rumor. It is bad.
NP complement,NP vs. new sentence,GRP003,differences,critical,matrix_verb,present,yes,third_person,John,declarative,,,npnew_pres_neg_3p_base,384,1,John doesn't think the rumor is false.,John doesn't think the rumor. It is false.
NP complement,NP vs. new sentence,GRP003,differences,critical,matrix_verb,present,yes,third_person,John,declarative,,,npnew_pres_neg_3p_base,384,2,John doesn't know the rumor is false.,John doesn't know the rumor. It is false.
NP complement,NP vs. new sentence,GRP003,differences,critical,embedded_type,present,yes,third_person,John,declarative,,,npnew_pres_neg_3p_base,385,1,John doesn't know the rumor. It is false.,John doesn't think the rumor. It is false.
NP complement,NP vs. new sentence,GRP003,differences,critical,embedded_type,present,yes,third_person,John,declarative,,,npnew_pres_neg_3p_base,385,2,John doesn't think the rumor is false.,John doesn't know the rumor is false.
NP complement,NP vs. new sentence,GRP003,differences,control,matrix_verb,present,yes,third_person,John,declarative,,,npnew_pres_neg_3p_base,386,1,John doesn't start the rumor. It is false.,John doesn't start the rumor is false.
NP complement,NP vs. new sentence,GRP003,differences,control,matrix_verb,present,yes,third_person,John,declarative,,,npnew_pres_neg_3p_base,386,2,John doesn't know the rumor is false.,John doesn't know the rumor. It is false.
NP complement,NP vs. new sentence,GRP003,differences,control,embedded_type,present,yes,third_person,John,declarative,,,npnew_pres_neg_3p_base,387,1,John doesn't know the rumor is false.,John doesn't start the rumor is false.
NP complement,NP vs. new sentence,GRP003,differences,control,embedded_type,present,yes,third_person,John,declarative,,,npnew_pres_neg_3p_base,387,2,John doesn't start the rumor. It is false.,John doesn't know the rumor. It is false.
NP complement,NP vs. new sentence,GRP003,differences,critical,matrix_verb,present,yes,third_person,she,declarative,,,npnew_pres_neg_3p_variant_1,388,1,She doesn't think the rumor is false.,She doesn't think the rumor. It is false.
NP complement,NP vs. new sentence,GRP003,differences,critical,matrix_verb,present,yes,third_person,she,declarative,,,npnew_pres_neg_3p_variant_1,388,2,She doesn't know the rumor is false.,She doesn't know the rumor. It is false.
NP complement,NP vs. new sentence,GRP003,differences,critical,embedded_type,present,yes,third_person,she,declarative,,,npnew_pres_neg_3p_variant_1,389,1,She doesn't know the rumor. It is false.,She doesn't think the rumor. It is false.
NP complement,NP vs. new sentence,GRP003,differences,critical,embedded_type,present,yes,third_person,she,declarative,,,npnew_pres_neg_3p_variant_1,389,2,She doesn't think the rumor is false.,She doesn't know the rumor is false.
NP complement,NP vs. new sentence,GRP003,differences,control,matrix_verb,present,yes,third_person,she,declarative,,,npnew_pres_neg_3p_variant_1,390,1,She doesn't start the rumor. It is false.,She doesn't start the rumor is false.
NP complement,NP vs. new sentence,GRP003,differences,control,matrix_verb,present,yes,third_person,she,declarative,,,npnew_pres_neg_3p_variant_1,390,2,She doesn't know the rumor is false.,She doesn't know the rumor. It is false.
NP complement,NP vs. new sentence,GRP003,differences,control,embedded_type,present,yes,third_person,she,declarative,,,npnew_pres_neg_3p_variant_1,391,1,She doesn't know the rumor is false.,She doesn't start the rumor is false.
NP complement,NP vs. new sentence,GRP003,differences,control,embedded_type,present,yes,third_person,she,declarative,,,npnew_pres_neg_3p_variant_1,391,2,She doesn't start the rumor. It is false.,She doesn't know the rumor. It is false.
NP complement,NP vs. new sentence,GRP003,differences,critical,matrix_verb,present,yes,third_person,Jane,declarative,,,npnew_pres_neg_3p_variant_2,392,1,Jane doesn't think the rumor is false.,Jane doesn't think the rumor. It is false.
NP complement,NP vs. new sentence,GRP003,differences,critical,matrix_verb,present,yes,third_person,Jane,declarative,,,npnew_pres_neg_3p_variant_2,392,2,Jane doesn't know the rumor is false.,Jane doesn't know the rumor. It is false.
NP complement,NP vs. new sentence,GRP003,differences,critical,embedded_type,present,yes,third_person,Jane,declarative,,,npnew_pres_neg_3p_variant_2,393,1,Jane doesn't know the rumor. It is false.,Jane doesn't think the rumor. It is false.
NP complement,NP vs. new sentence,GRP003,differences,critical,embedded_type,present,yes,third_person,Jane,declarative,,,npnew_pres_neg_3p_variant_2,393,2,Jane doesn't think the rumor is false.,Jane doesn't know the rumor is false.
NP complement,NP vs. new sentence,GRP003,differences,control,matrix_verb,present,yes,third_person,Jane,declarative,,,npnew_pres_neg_3p_variant_2,394,1,Jane doesn't start the rumor. It is false.,Jane doesn't start the rumor is false.
NP complement,NP vs. new sentence,GRP003,differences,control,matrix_verb,present,yes,third_person,Jane,declarative,,,npnew_pres_neg_3p_variant_2,394,2,Jane doesn't know the rumor is false.,Jane doesn't know the rumor. It is false.
NP complement,NP vs. new sentence,GRP003,differences,control,embedded_type,present,yes,third_person,Jane,declarative,,,npnew_pres_neg_3p_variant_2,395,1,Jane doesn't know the rumor is false.,Jane doesn't start the rumor is false.
NP complement,NP vs. new sentence,GRP003,differences,control,embedded_type,present,yes,third_person,Jane,declarative,,,npnew_pres_neg_3p_variant_2,395,2,Jane doesn't start the rumor. It is false.,Jane doesn't know the rumor. It is false.
NP complement,NP vs. new sentence,GRP003,differences,critical,matrix_verb,past,no,third_person,John,declarative,,,npnew_past_aff_3p_base,396,1,John thought the rumor was false.,John thought the rumor. It was false.
NP complement,NP vs. new sentence,GRP003,differences,critical,matrix_verb,past,no,third_person,John,declarative,,,npnew_past_aff_3p_base,396,2,John knew the rumor was false.,John knew the rumor. It was false.
NP complement,NP vs. new sentence,GRP003,differences,critical,embedded_type,past,no,third_person,John,declarative,,,npnew_past_aff_3p_base,397,1,John knew the rumor. It was false.,John thought the rumor. It was false.
NP complement,NP vs. new sentence,GRP003,differences,critical,embedded_type,past,no,third_person,John,declarative,,,npnew_past_aff_3p_base,397,2,John thought the rumor was false.,John knew the rumor was false.
NP complement,NP vs. new sentence,GRP003,differences,control,matrix_verb,past,no,third_person,John,declarative,,,npnew_past_aff_3p_base,398,1,John started the rumor. It was false.,John started the rumor was false.
NP complement,NP vs. new sentence,GRP003,differences,control,matrix_verb,past,no,third_person,John,declarative,,,npnew_past_aff_3p_base,398,2,John knew the rumor was false.,John knew the rumor. It was false.
NP complement,NP vs. new sentence,GRP003,differences,control,embedded_type,past,no,third_person,John,declarative,,,npnew_past_aff_3p_base,399,1,John knew the rumor was false.,John started the rumor was false.
NP complement,NP vs. new sentence,GRP003,differences,control,embedded_type,past,no,third_person,John,declarative,,,npnew_past_aff_3p_base,399,2,John started the rumor. It was false.,John knew the rumor. It was false.
NP complement,NP vs. new sentence,GRP003,differences,critical,matrix_verb,past,no,third_person,they,declarative,,,npnew_past_aff_3p_variant_1,400,1,They thought the rumor was false.,They thought the rumor. It was false.
NP complement,NP vs. new sentence,GRP003,differences,critical,matrix_verb,past,no,third_person,they,declarative,,,npnew_past_aff_3p_variant_1,400,2,They knew the rumor was false.,They knew the rumor. It was false.
NP complement,NP vs. new sentence,GRP003,differences,critical,embedded_type,past,no,third_person,they,declarative,,,npnew_past_aff_3p_variant_1,401,1,They knew the rumor. It was false.,They thought the rumor. It was false.
NP complement,NP vs. new sentence,GRP003,differences,critical,embedded_type,past,no,third_person,they,declarative,,,npnew_past_aff_3p_variant_1,401,2,They thought the rumor was false.,They knew the rumor was false.
NP complement,NP vs. new sentence,GRP003,differences,control,matrix_verb,past,no,third_person,they,declarative,,,npnew_past_aff_3p_variant_1,402,1,They started the rumor. It was false.,They started the rumor was false.
NP complement,NP vs. new sentence,GRP003,differences,control,matrix_verb,past,no,third_person,they,declarative,,,npnew_past_aff_3p_variant_1,402,2,They knew the rumor was false.,They knew the rumor. It was false.
NP complement,NP vs. new sentence,GRP003,differences,control,embedded_type,past,no,third_person,they,declarative,,,npnew_past_aff_3p_variant_1,403,1,They knew the rumor was false.,They started the rumor was false.
NP complement,NP vs. new sentence,GRP003,differences,control,embedded_type,past,no,third_person,they,declarative,,,npnew_past_aff_3p_variant_1,403,2,They started the rumor. It was false.,They knew the rumor. It was false.
NP complement,NP vs. new sentence,GRP003,differences,critical,matrix_verb,past,no,third_person,Bob,declarative,,,npnew_past_aff_3p_variant_2,404,1,Bob thought the rumor was good.,Bob thought the rumor. It was good.
NP complement,NP vs. new sentence,GRP003,differences,critical,matrix_verb,past,no,third_person,Bob,declarative,,,npnew_past_aff_3p_variant_2,404,2,Bob knew the rumor was good.,Bob knew the rumor. It was good.
NP complement,NP vs. new sentence,GRP003,differences,critical,embedded_type,past,no,third_person,Bob,declarative,,,npnew_past_aff_3p_variant_2,405,1,Bob knew the rumor. It was good.,Bob thought the rumor. It was good.
NP complement,NP vs. new sentence,GRP003,differences,critical,embedded_type,past,no,third_person,Bob,declarative,,,npnew_past_aff_3p_variant_2,405,2,Bob thought the rumor was good.,Bob knew the rumor was good.
NP complement,NP vs. new sentence,GRP003,differences,control,matrix_verb,past,no,third_person,Bob,declarative,,,npnew_past_aff_3p_variant_2,406,1,Bob started the rumor. It was good.,Bob started the rumor was good.
NP complement,NP vs. new sentence,GRP003,differences,control,matrix_verb,past,no,third_person,Bob,declarative,,,npnew_past_aff_3p_variant_2,406,2,Bob knew the rumor was good.,Bob knew the rumor. It was good.
NP complement,NP vs. new sentence,GRP003,differences,control,embedded_type,past,no,third_person,Bob,declarative,,,npnew_past_aff_3p_variant_2,407,1,Bob knew the rumor was good.,Bob started the rumor was good.
NP complement,NP vs. new sentence,GRP003,differences,control,embedded_type,past,no,third_person,Bob,declarative,,,npnew_past_aff_3p_variant_2,407,2,Bob started the rumor. It was good.,Bob knew the rumor. It was good.
NP complement,NP vs. new sentence,GRP003,differences,critical,matrix_verb,past,yes,third_person,John,declarative,,,npnew_past_neg_3p_base,408,1,John didn't think the rumor was false.,John didn't think the rumor. It was false.
NP complement,NP vs. new sentence,GRP003,differences,critical,matrix_verb,past,yes,third_person,John,declarative,,,npnew_past_neg_3p_base,408,2,John didn't know the rumor was false.,John didn't know the rumor. It was false.
NP complement,NP vs. new sentence,GRP003,differences,critical,embedded_type,past,yes,third_person,John,declarative,,,npnew_past_neg_3p_base,409,1,John didn't know the rumor. It was false.,John didn't think the rumor. It was false.
NP complement,NP vs. new sentence,GRP003,differences,critical,embedded_type,past,yes,third_person,John,declarative,,,npnew_past_neg_3p_base,409,2,John didn't think the rumor was false.,John didn't know the rumor was false.
NP complement,NP vs. new sentence,GRP003,differences,control,matrix_verb,past,yes,third_person,John,declarative,,,npnew_past_neg_3p_base,410,1,John didn't start the rumor. It was false.,John didn't start the rumor was false.
NP complement,NP vs. new sentence,GRP003,differences,control,matrix_verb,past,yes,third_person,John,declarative,,,npnew_past_neg_3p_base,410,2,John didn't know the rumor was false.,John didn't know the rumor. It was false.
NP complement,NP vs. new sentence,GRP003,differences,control,embedded_type,past,yes,third_person,John,declarative,,,npnew_past_neg_3p_base,411,1,John didn't know the rumor was false.,John didn't start the rumor was false.
NP complement,NP vs. new sentence,GRP003,differences,control,embedded_type,past,yes,third_person,John,declarative,,,npnew_past_neg_3p_base,411,2,John didn't start the rumor. It was false.,John didn't know the rumor. It was false.
NP complement,NP vs. new sentence,GRP003,differences,critical,matrix_verb,past,yes,third_person,they,declarative,,,npnew_past_neg_3p_variant_1,412,1,They didn't think the rumor was true.,They didn't think the rumor. It was true.
NP complement,NP vs. new sentence,GRP003,differences,critical,matrix_verb,past,yes,third_person,they,declarative,,,npnew_past_neg_3p_variant_1,412,2,They didn't know the rumor was true.,They didn't know the rumor. It was true.
NP complement,NP vs. new sentence,GRP003,differences,critical,embedded_type,past,yes,third_person,they,declarative,,,npnew_past_neg_3p_variant_1,413,1,They didn't know the rumor. It was true.,They didn't think the rumor. It was true.
NP complement,NP vs. new sentence,GRP003,differences,critical,embedded_type,past,yes,third_person,they,declarative,,,npnew_past_neg_3p_variant_1,413,2,They didn't think the rumor was true.,They didn't know the rumor was true.
NP complement,NP vs. new sentence,GRP003,differences,control,matrix_verb,past,yes,third_person,they,declarative,,,npnew_past_neg_3p_variant_1,414,1,They didn't start the rumor. It was true.,They didn't start the rumor was true.
NP complement,NP vs. new sentence,GRP003,differences,control,matrix_verb,past,yes,third_person,they,declarative,,,npnew_past_neg_3p_variant_1,414,2,They didn't know the rumor was true.,They didn't know the rumor. It was true.
NP complement,NP vs. new sentence,GRP003,differences,control,embedded_type,past,yes,third_person,they,declarative,,,npnew_past_neg_3p_variant_1,415,1,They didn't know the rumor was true.,They didn't start the rumor was true.
NP complement,NP vs. new sentence,GRP003,differences,control,embedded_type,past,yes,third_person,they,declarative,,,npnew_past_neg_3p_variant_1,415,2,They didn't start the rumor. It was true.,They didn't know the rumor. It was true.
NP complement,NP vs. new sentence,GRP003,differences,critical,matrix_verb,past,yes,third_person,the doctor,declarative,,,npnew_past_neg_3p_variant_2,416,1,The doctor didn't think the rumor was bad.,The doctor didn't think the rumor. It was bad.
NP complement,NP vs. new sentence,GRP003,differences,critical,matrix_verb,past,yes,third_person,the doctor,declarative,,,npnew_past_neg_3p_variant_2,416,2,The doctor didn't know the rumor was bad.,The doctor didn't know the rumor. It was bad.
NP complement,NP vs. new sentence,GRP003,differences,critical,embedded_type,past,yes,third_person,the doctor,declarative,,,npnew_past_neg_3p_variant_2,417,1,The doctor didn't know the rumor. It was bad.,The doctor didn't think the rumor. It was bad.
NP complement,NP vs. new sentence,GRP003,differences,critical,embedded_type,past,yes,third_person,the doctor,declarative,,,npnew_past_neg_3p_variant_2,417,2,The doctor didn't think the rumor was bad.,The doctor didn't know the rumor was bad.
NP complement,NP vs. new sentence,GRP003,differences,control,matrix_verb,past,yes,third_person,the doctor,declarative,,,npnew_past_neg_3p_variant_2,418,1,The doctor didn't start the rumor. It was bad.,The doctor didn't start the rumor was bad.
NP complement,NP vs. new sentence,GRP003,differences,control,matrix_verb,past,yes,third_person,the doctor,declarative,,,npnew_past_neg_3p_variant_2,418,2,The doctor didn't know the rumor was bad.,The doctor didn't know the rumor. It was bad.
NP complement,NP vs. new sentence,GRP003,differences,control,embedded_type,past,yes,third_person,the doctor,declarative,,,npnew_past_neg_3p_variant_2,419,1,The doctor didn't know the rumor was bad.,The doctor didn't start the rumor was bad.
NP complement,NP vs. new sentence,GRP003,differences,control,embedded_type,past,yes,third_person,the doctor,declarative,,,npnew_past_neg_3p_variant_2,419,2,The doctor didn't start the rumor. It was bad.,The doctor didn't know the rumor. It was bad.
NP complement,NP vs. new sentence,GRP003,differences,critical,matrix_verb,present,no,first_person,I,declarative,,,npnew_pres_aff_1p_base,420,1,I think the rumor is false.,I think the rumor. It is false.
NP complement,NP vs. new sentence,GRP003,differences,critical,matrix_verb,present,no,first_person,I,declarative,,,npnew_pres_aff_1p_base,420,2,I know the rumor is false.,I know the rumor. It is false.
NP complement,NP vs. new sentence,GRP003,differences,critical,embedded_type,present,no,first_person,I,declarative,,,npnew_pres_aff_1p_base,421,1,I know the rumor. It is false.,I think the rumor. It is false.
NP complement,NP vs. new sentence,GRP003,differences,critical,embedded_type,present,no,first_person,I,declarative,,,npnew_pres_aff_1p_base,421,2,I think the rumor is false.,I know the rumor is false.
NP complement,NP vs. new sentence,GRP003,differences,control,matrix_verb,present,no,first_person,I,declarative,,,npnew_pres_aff_1p_base,422,1,I start the rumor. It is false.,I start the rumor is false.
NP complement,NP vs. new sentence,GRP003,differences,control,matrix_verb,present,no,first_person,I,declarative,,,npnew_pres_aff_1p_base,422,2,I know the rumor is false.,I know the rumor. It is false.
NP complement,NP vs. new sentence,GRP003,differences,control,embedded_type,present,no,first_person,I,declarative,,,npnew_pres_aff_1p_base,423,1,I know the rumor is false.,I start the rumor is false.
NP complement,NP vs. new sentence,GRP003,differences,control,embedded_type,present,no,first_person,I,declarative,,,npnew_pres_aff_1p_base,423,2,I start the rumor. It is false.,I know the rumor. It is false.
NP complement,NP vs. new sentence,GRP003,differences,critical,matrix_verb,present,no,first_person,I,declarative,,,npnew_pres_aff_1p_variant_1,424,1,I think the rumor is bad.,I think the rumor. It is bad.
NP complement,NP vs. new sentence,GRP003,differences,critical,matrix_verb,present,no,first_person,I,declarative,,,npnew_pres_aff_1p_variant_1,424,2,I know the rumor is bad.,I know the rumor. It is bad.
NP complement,NP vs. new sentence,GRP003,differences,critical,embedded_type,present,no,first_person,I,declarative,,,npnew_pres_aff_1p_variant_1,425,1,I know the rumor. It is bad.,I think the rumor. It is bad.
NP complement,NP vs. new sentence,GRP003,differences,critical,embedded_type,present,no,first_person,I,declarative,,,npnew_pres_aff_1p_variant_1,425,2,I think the rumor is bad.,I know the rumor is bad.
NP complement,NP vs. new sentence,GRP003,differences,control,matrix_verb,present,no,first_person,I,declarative,,,npnew_pres_aff_1p_variant_1,426,1,I start the rumor. It is bad.,I start the rumor is bad.
NP complement,NP vs. new sentence,GRP003,differences,control,matrix_verb,present,no,first_person,I,declarative,,,npnew_pres_aff_1p_variant_1,426,2,I know the rumor is bad.,I know the rumor. It is bad.
NP complement,NP vs. new sentence,GRP003,differences,control,embedded_type,present,no,first_person,I,declarative,,,npnew_pres_aff_1p_variant_1,427,1,I know the rumor is bad.,I start the rumor is bad.
NP complement,NP vs. new sentence,GRP003,differences,control,embedded_type,present,no,first_person,I,declarative,,,npnew_pres_aff_1p_variant_1,427,2,I start the rumor. It is bad.,I know the rumor. It is bad.
NP complement,NP vs. new sentence,GRP003,differences,critical,matrix_verb,present,no,first_person,I,declarative,,,npnew_pres_aff_1p_variant_2,428,1,I think the rumor is good.,I think the rumor. It is good.
NP complement,NP vs. new sentence,GRP003,differences,critical,matrix_verb,present,no,first_person,I,declarative,,,npnew_pres_aff_1p_variant_2,428,2,I know the rumor is good.,I know the rumor. It is good.
NP complement,NP vs. new sentence,GRP003,differences,critical,embedded_type,present,no,first_person,I,declarative,,,npnew_pres_aff_1p_variant_2,429,1,I know the rumor. It is good.,I think the rumor. It is good.
NP complement,NP vs. new sentence,GRP003,differences,critical,embedded_type,present,no,first_person,I,declarative,,,npnew_pres_aff_1p_variant_2,429,2,I think the rumor is good.,I know the rumor is good.
NP complement,NP vs. new sentence,GRP003,differences,control,matrix_verb,present,no,first_person,I,declarative,,,npnew_pres_aff_1p_variant_2,430,1,I start the rumor. It is good.,I start the rumor is good.
NP complement,NP vs. new sentence,GRP003,differences,control,matrix_verb,present,no,first_person,I,declarative,,,npnew_pres_aff_1p_variant_2,430,2,I know the rumor is good.,I know the rumor. It is good.
NP complement,NP vs. new sentence,GRP003,differences,control,embedded_type,present,no,first_person,I,declarative,,,npnew_pres_aff_1p_variant_2,431,1,I know the rumor is good.,I start the rumor is good.
NP complement,NP vs. new sentence,GRP003,differences,control,embedded_type,present,no,first_person,I,declarative,,,npnew_pres_aff_1p_variant_2,431,2,I start the rumor. It is good.,I know the rumor. It is good.
NP complement,NP vs. new sentence,GRP003,differences,critical,matrix_verb,past,no,first_person,I,declarative,,,npnew_past_aff_1p_base,432,1,I thought the rumor was false.,I thought the rumor. It was false.
NP complement,NP vs. new sentence,GRP003,differences,critical,matrix_verb,past,no,first_person,I,declarative,,,npnew_past_aff_1p_base,432,2,I knew the rumor was false.,I knew the rumor. It was false.
NP complement,NP vs. new sentence,GRP003,differences,critical,embedded_type,past,no,first_person,I,declarative,,,npnew_past_aff_1p_base,433,1,I knew the rumor. It was false.,I thought the rumor. It was false.
NP complement,NP vs. new sentence,GRP003,differences,critical,embedded_type,past,no,first_person,I,declarative,,,npnew_past_aff_1p_base,433,2,I thought the rumor was false.,I knew the rumor was false.
NP complement,NP vs. new sentence,GRP003,differences,control,matrix_verb,past,no,first_person,I,declarative,,,npnew_past_aff_1p_base,434,1,I started the rumor. It was false.,I started the rumor was false.
NP complement,NP vs. new sentence,GRP003,differences,control,matrix_verb,past,no,first_person,I,declarative,,,npnew_past_aff_1p_base,434,2,I knew the rumor was false.,I knew the rumor. It was false.
NP complement,NP vs. new sentence,GRP003,differences,control,embedded_type,past,no,first_person,I,declarative,,,npnew_past_aff_1p_base,435,1,I knew the rumor was false.,I started the rumor was false.
NP complement,NP vs. new sentence,GRP003,differences,control,embedded_type,past,no,first_person,I,declarative,,,npnew_past_aff_1p_base,435,2,I started the rumor. It was false.,I knew the rumor. It was false.
NP complement,NP vs. new sentence,GRP003,differences,critical,matrix_verb,past,no,first_person,I,declarative,,,npnew_past_aff_1p_variant_1,436,1,I thought the rumor was true.,I thought the rumor. It was true.
NP complement,NP vs. new sentence,GRP003,differences,critical,matrix_verb,past,no,first_person,I,declarative,,,npnew_past_aff_1p_variant_1,436,2,I knew the rumor was true.,I knew the rumor. It was true.
NP complement,NP vs. new sentence,GRP003,differences,critical,embedded_type,past,no,first_person,I,declarative,,,npnew_past_aff_1p_variant_1,437,1,I knew the rumor. It was true.,I thought the rumor. It was true.
NP complement,NP vs. new sentence,GRP003,differences,critical,embedded_type,past,no,first_person,I,declarative,,,npnew_past_aff_1p_variant_1,437,2,I thought the rumor was true.,I knew the rumor was true.
NP complement,NP vs. new sentence,GRP003,differences,control,matrix_verb,past,no,first_person,I,declarative,,,npnew_past_aff_1p_variant_1,438,1,I started the rumor. It was true.,I started the rumor was true.
NP complement,NP vs. new sentence,GRP003,differences,control,matrix_verb,past,no,first_person,I,declarative,,,npnew_past_aff_1p_variant_1,438,2,I knew the rumor was true.,I knew the rumor. It was true.
NP complement,NP vs. new sentence,GRP003,differences,control,embedded_type,past,no,first_person,I,declarative,,,npnew_past_aff_1p_variant_1,439,1,I knew the rumor was true.,I started the rumor was true.
NP complement,NP vs. new sentence,GRP003,differences,control,embedded_type,past,no,first_person,I,declarative,,,npnew_past_aff_1p_variant_1,439,2,I started the rumor. It was true.,I knew the rumor. It was true.
NP complement,NP vs. new sentence,GRP003,differences,critical,matrix_verb,past,no,first_person,I,declarative,,,npnew_past_aff_1p_variant_2,440,1,I thought the rumor was bad.,I thought the rumor. It was bad.
NP complement,NP vs. new sentence,GRP003,differences,critical,matrix_verb,past,no,first_person,I,declarative,,,npnew_past_aff_1p_variant_2,440,2,I knew the rumor was bad.,I knew the rumor. It was bad.
NP complement,NP vs. new sentence,GRP003,differences,critical,embedded_type,past,no,first_person,I,declarative,,,npnew_past_aff_1p_variant_2,441,1,I knew the rumor. It was bad.,I thought the rumor. It was bad.
NP complement,NP vs. new sentence,GRP003,differences,critical,embedded_type,past,no,first_person,I,declarative,,,npnew_past_aff_1p_variant_2,441,2,I thought the rumor was bad.,I knew the rumor was bad.
NP complement,NP vs. new sentence,GRP003,differences,control,matrix_verb,past,no,first_person,I,declarative,,,npnew_past_aff_1p_variant_2,442,1,I started the rumor. It was bad.,I started the rumor was bad.
NP complement,NP vs. new sentence,GRP003,differences,control,matrix_verb,past,no,first_person,I,declarative,,,npnew_past_aff_1p_variant_2,442,2,I knew the rumor was bad.,I knew the rumor. It was bad.
NP complement,NP vs. new sentence,GRP003,differences,control,embedded_type,past,no,first_person,I,declarative,,,npnew_past_aff_1p_variant_2,443,1,I knew the rumor was bad.,I started the rumor was bad.
NP complement,NP vs. new sentence,GRP003,differences,control,embedded_type,past,no,first_person,I,declarative,,,npnew_past_aff_1p_variant_2,443,2,I started the rumor. It was bad.,I knew the rumor. It was bad.
NP complement,NP vs. new sentence,GRP003,differences,critical,matrix_verb,past,yes,first_person,I,declarative,,,npnew_past_neg_1p_base,444,1,I didn't think the rumor was false.,I didn't think the rumor. It was false.
NP complement,NP vs. new sentence,GRP003,differences,critical,matrix_verb,past,yes,first_person,I,declarative,,,npnew_past_neg_1p_base,444,2,I didn't know the rumor was false.,I didn't know the rumor. It was false.
NP complement,NP vs. new sentence,GRP003,differences,critical,embedded_type,past,yes,first_person,I,declarative,,,npnew_past_neg_1p_base,445,1,I didn't know the rumor. It was false.,I didn't think the rumor. It was false.
NP complement,NP vs. new sentence,GRP003,differences,critical,embedded_type,past,yes,first_person,I,declarative,,,npnew_past_neg_1p_base,445,2,I didn't think the rumor was false.,I didn't know the rumor was false.
NP complement,NP vs. new sentence,GRP003,differences,control,matrix_verb,past,yes,first_person,I,declarative,,,npnew_past_neg_1p_base,446,1,I didn't start the rumor. It was false.,I didn't start the rumor was false.
NP complement,NP vs. new sentence,GRP003,differences,control,matrix_verb,past,yes,first_person,I,declarative,,,npnew_past_neg_1p_base,446,2,I didn't know the rumor was false.,I didn't know the rumor. It was false.
NP complement,NP vs. new sentence,GRP003,differences,control,embedded_type,past,yes,first_person,I,declarative,,,npnew_past_neg_1p_base,447,1,I didn't know the rumor was false.,I didn't start the rumor was false.
NP complement,NP vs. new sentence,GRP003,differences,control,embedded_type,past,yes,first_person,I,declarative,,,npnew_past_neg_1p_base,447,2,I didn't start the rumor. It was false.,I didn't know the rumor. It was false.
NP complement,NP vs. new sentence,GRP003,differences,critical,matrix_verb,past,yes,first_person,I,declarative,,,npnew_past_neg_1p_variant_1,448,1,I didn't think the rumor was true.,I didn't think the rumor. It was true.
NP complement,NP vs. new sentence,GRP003,differences,critical,matrix_verb,past,yes,first_person,I,declarative,,,npnew_past_neg_1p_variant_1,448,2,I didn't know the rumor was true.,I didn't know the rumor. It was true.
NP complement,NP vs. new sentence,GRP003,differences,critical,embedded_type,past,yes,first_person,I,declarative,,,npnew_past_neg_1p_variant_1,449,1,I didn't know the rumor. It was true.,I didn't think the rumor. It was true.
NP complement,NP vs. new sentence,GRP003,differences,critical,embedded_type,past,yes,first_person,I,declarative,,,npnew_past_neg_1p_variant_1,449,2,I didn't think the rumor was true.,I didn't know the rumor was true.
NP complement,NP vs. new sentence,GRP003,differences,control,matrix_verb,past,yes,first_person,I,declarative,,,npnew_past_neg_1p_variant_1,450,1,I didn't start the rumor. It was true.,I didn't start the rumor was true.
NP complement,NP vs. new sentence,GRP003,differences,control,matrix_verb,past,yes,first_person,I,declarative,,,npnew_past_neg_1p_variant_1,450,2,I didn't know the rumor was true.,I didn't know the rumor. It was true.
NP complement,NP vs. new sentence,GRP003,differences,control,embedded_type,past,yes,first_person,I,declarative,,,npnew_past_neg_1p_variant_1,451,1,I didn't know the rumor was true.,I didn't start the rumor was true.
NP complement,NP vs. new sentence,GRP003,differences,control,embedded_type,past,yes,first_person,I,declarative,,,npnew_past_neg_1p_variant_1,451,2,I didn't start the rumor. It was true.,I didn't know the rumor. It was true.
NP complement,NP vs. new sentence,GRP003,differences,critical,matrix_verb,past,yes,first_person,I,declarative,,,npnew_past_neg_1p_variant_2,452,1,I didn't think the rumor was bad.,I didn't think the rumor. It was bad.
NP complement,NP vs. new sentence,GRP003,differences,critical,matrix_verb,past,yes,first_person,I,declarative,,,npnew_past_neg_1p_variant_2,452,2,I didn't know the rumor was bad.,I didn't know the rumor. It was bad.
NP complement,NP vs. new sentence,GRP003,differences,critical,embedded_type,past,yes,first_person,I,declarative,,,npnew_past_neg_1p_variant_2,453,1,I didn't know the rumor. It was bad.,I didn't think the rumor. It was bad.
NP complement,NP vs. new sentence,GRP003,differences,critical,embedded_type,past,yes,first_person,I,declarative,,,npnew_past_neg_1p_variant_2,453,2,I didn't think the rumor was bad.,I didn't know the rumor was bad.
NP complement,NP vs. new sentence,GRP003,differences,control,matrix_verb,past,yes,first_person,I,declarative,,,npnew_past_neg_1p_variant_2,454,1,I didn't start the rumor. It was bad.,I didn't start the rumor was bad.
NP complement,NP vs. new sentence,GRP003,differences,control,matrix_verb,past,yes,first_person,I,declarative,,,npnew_past_neg_1p_variant_2,454,2,I didn't know the rumor was bad.,I didn't know the rumor. It was bad.
NP complement,NP vs. new sentence,GRP003,differences,control,embedded_type,past,yes,first_person,I,declarative,,,npnew_past_neg_1p_variant_2,455,1,I didn't know the rumor was bad.,I didn't start the rumor was bad.
NP complement,NP vs. new sentence,GRP003,differences,control,embedded_type,past,yes,first_person,I,declarative,,,npnew_past_neg_1p_variant_2,455,2,I didn't start the rumor. It was bad.,I didn't know the rumor. It was bad.
NP complement,NP vs. PP,GRP004,differences,critical,matrix_verb,present,no,third_person,John,declarative,,,nppp_pres_aff_3p_about_base,456,1,John thinks about the rumor.,John thinks the rumor.
NP complement,NP vs. PP,GRP004,differences,critical,matrix_verb,present,no,third_person,John,declarative,,,nppp_pres_aff_3p_about_base,456,2,John knows about the rumor.,John knows the rumor.
NP complement,NP vs. PP,GRP004,differences,critical,embedded_type,present,no,third_person,John,declarative,,,nppp_pres_aff_3p_about_base,457,1,John knows the rumor.,John thinks the rumor.
NP complement,NP vs. PP,GRP004,differences,critical,embedded_type,present,no,third_person,John,declarative,,,nppp_pres_aff_3p_about_base,457,2,John thinks about the rumor.,John knows about the rumor.
NP complement,NP vs. PP,GRP004,differences,control,matrix_verb,present,no,third_person,John,declarative,,,nppp_pres_aff_3p_about_base,458,1,John starts the rumor.,John starts about the rumor.
NP complement,NP vs. PP,GRP004,differences,control,matrix_verb,present,no,third_person,John,declarative,,,nppp_pres_aff_3p_about_base,458,2,John knows about the rumor.,John knows the rumor.
NP complement,NP vs. PP,GRP004,differences,control,embedded_type,present,no,third_person,John,declarative,,,nppp_pres_aff_3p_about_base,459,1,John knows about the rumor.,John starts about the rumor.
NP complement,NP vs. PP,GRP004,differences,control,embedded_type,present,no,third_person,John,declarative,,,nppp_pres_aff_3p_about_base,459,2,John starts the rumor.,John knows the rumor.
NP complement,NP vs. PP,GRP004,differences,critical,matrix_verb,present,no,third_person,he,declarative,,,nppp_pres_aff_3p_about_variant_1,460,1,He thinks about the rumor.,He thinks the rumor.
NP complement,NP vs. PP,GRP004,differences,critical,matrix_verb,present,no,third_person,he,declarative,,,nppp_pres_aff_3p_about_variant_1,460,2,He knows about the rumor.,He knows the rumor.
NP complement,NP vs. PP,GRP004,differences,critical,embedded_type,present,no,third_person,he,declarative,,,nppp_pres_aff_3p_about_variant_1,461,1,He knows the rumor.,He thinks the rumor.
NP complement,NP vs. PP,GRP004,differences,critical,embedded_type,present,no,third_person,he,declarative,,,nppp_pres_aff_3p_about_variant_1,461,2,He thinks about the rumor.,He knows about the rumor.
NP complement,NP vs. PP,GRP004,differences,control,matrix_verb,present,no,third_person,he,declarative,,,nppp_pres_aff_3p_about_variant_1,462,1,He starts the rumor.,He starts about the rumor.
NP complement,NP vs. PP,GRP004,differences,control,matrix_verb,present,no,third_person,he,declarative,,,nppp_pres_aff_3p_about_variant_1,462,2,He knows about the rumor.,He knows the rumor.
NP complement,NP vs. PP,GRP004,differences,control,embedded_type,present,no,third_person,he,declarative,,,nppp_pres_aff_3p_about_variant_1,463,1,He knows about the rumor.,He starts about the rumor.
NP complement,NP vs. PP,GRP004,differences,control,embedded_type,present,no,third_person,he,declarative,,,nppp_pres_aff_3p_about_variant_1,463,2,He starts the rumor.,He knows the rumor.
NP complement,NP vs. PP,GRP004,differences,critical,matrix_verb,present,no,third_person,the doctor,declarative,,,nppp_pres_aff_3p_about_variant_2,464,1,The doctor thinks about the rumor.,The doctor thinks the rumor.
NP complement,NP vs. PP,GRP004,differences,critical,matrix_verb,present,no,third_person,the doctor,declarative,,,nppp_pres_aff_3p_about_variant_2,464,2,The doctor knows about the rumor.,The doctor knows the rumor.
NP complement,NP vs. PP,GRP004,differences,critical,embedded_type,present,no,third_person,the doctor,declarative,,,nppp_pres_aff_3p_about_variant_2,465,1,The doctor knows the rumor.,The doctor thinks the rumor.
NP complement,NP vs. PP,GRP004,differences,critical,embedded_type,present,no,third_person,the doctor,declarative,,,nppp_pres_aff_3p_about_variant_2,465,2,The doctor thinks about the rumor.,The doctor knows about the rumor.
NP complement,NP vs. PP,GRP004,differences,control,matrix_verb,present,no,third_person,the doctor,declarative,,,nppp_pres_aff_3p_about_variant_2,466,1,The doctor starts the rumor.,The doctor starts about the rumor.
NP complement,NP vs. PP,GRP004,differences,control,matrix_verb,present,no,third_person,the doctor,declarative,,,nppp_pres_aff_3p_about_variant_2,466,2,The doctor knows about the rumor.,The doctor knows the rumor.
NP complement,NP vs. PP,GRP004,differences,control,embedded_type,present,no,third_person,the doctor,declarative,,,nppp_pres_aff_3p_about_variant_2,467,1,The doctor knows about the rumor.,The doctor starts about the rumor.
NP complement,NP vs. PP,GRP004,differences,control,embedded_type,present,no,third_person,the doctor,declarative,,,nppp_pres_aff_3p_about_variant_2,467,2,The doctor starts the rumor.,The doctor knows the rumor.
NP complement,NP vs. PP,GRP004,differences,critical,matrix_verb,present,yes,third_person,John,declarative,,,nppp_pres_neg_3p_about_base,468,1,John doesn't think about the rumor.,John doesn't think the rumor.
NP complement,NP vs. PP,GRP004,differences,critical,matrix_verb,present,yes,third_person,John,declarative,,,nppp_pres_neg_3p_about_base,468,2,John doesn't know about the rumor.,John doesn't know the rumor.
NP complement,NP vs. PP,GRP004,differences,critical,embedded_type,present,yes,third_person,John,declarative,,,nppp_pres_neg_3p_about_base,469,1,John doesn't know the rumor.,John doesn't think the rumor.
NP complement,NP vs. PP,GRP004,differences,critical,embedded_type,present,yes,third_person,John,declarative,,,nppp_pres_neg_3p_about_base,469,2,John doesn't think about the rumor.,John doesn't know about the rumor.
NP complement,NP vs. PP,GRP004,differences,control,matrix_verb,present,yes,third_person,John,declarative,,,nppp_pres_neg_3p_about_base,470,1,John doesn't start the rumor.,John doesn't start about the rumor.
NP complement,NP vs. PP,GRP004,differences,control,matrix_verb,present,yes,third_person,John,declarative,,,nppp_pres_neg_3p_about_base,470,2,John doesn't know about the rumor.,John doesn't know the rumor.
NP complement,NP vs. PP,GRP004,differences,control,embedded_type,present,yes,third_person,John,declarative,,,nppp_pres_neg_3p_about_base,471,1,John doesn't know about the rumor.,John doesn't start about the rumor.
NP complement,NP vs. PP,GRP004,differences,control,embedded_type,present,yes,third_person,John,declarative,,,nppp_pres_neg_3p_about_base,471,2,John doesn't start the rumor.,John doesn't know the rumor.
NP complement,NP vs. PP,GRP004,differences,critical,matrix_verb,present,yes,third_person,Mary,declarative,,,nppp_pres_neg_3p_about_variant_1,472,1,Mary doesn't think about the rumor.,Mary doesn't think the rumor.
NP complement,NP vs. PP,GRP004,differences,critical,matrix_verb,present,yes,third_person,Mary,declarative,,,nppp_pres_neg_3p_about_variant_1,472,2,Mary doesn't know about the rumor.,Mary doesn't know the rumor.
NP complement,NP vs. PP,GRP004,differences,critical,embedded_type,present,yes,third_person,Mary,declarative,,,nppp_pres_neg_3p_about_variant_1,473,1,Mary doesn't know the rumor.,Mary doesn't think the rumor.
NP complement,NP vs. PP,GRP004,differences,critical,embedded_type,present,yes,third_person,Mary,declarative,,,nppp_pres_neg_3p_about_variant_1,473,2,Mary doesn't think about the rumor.,Mary doesn't know about the rumor.
NP complement,NP vs. PP,GRP004,differences,control,matrix_verb,present,yes,third_person,Mary,declarative,,,nppp_pres_neg_3p_about_variant_1,474,1,Mary doesn't start the rumor.,Mary doesn't start about the rumor.
NP complement,NP vs. PP,GRP004,differences,control,matrix_verb,present,yes,third_person,Mary,declarative,,,nppp_pres_neg_3p_about_variant_1,474,2,Mary doesn't know about the rumor.,Mary doesn't know the rumor.
NP complement,NP vs. PP,GRP004,differences,control,embedded_type,present,yes,third_person,Mary,declarative,,,nppp_pres_neg_3p_about_variant_1,475,1,Mary doesn't know about the rumor.,Mary doesn't start about the rumor.
NP complement,NP vs. PP,GRP004,differences,control,embedded_type,present,yes,third_person,Mary,declarative,,,nppp_pres_neg_3p_about_variant_1,475,2,Mary doesn't start the rumor.,Mary doesn't know the rumor.
NP complement,NP vs. PP,GRP004,differences,critical,matrix_verb,present,yes,third_person,Christopher,declarative,,,nppp_pres_neg_3p_about_variant_2,476,1,Christopher doesn't think about the rumor.,Christopher doesn't think the rumor.
NP complement,NP vs. PP,GRP004,differences,critical,matrix_verb,present,yes,third_person,Christopher,declarative,,,nppp_pres_neg_3p_about_variant_2,476,2,Christopher doesn't know about the rumor.,Christopher doesn't know the rumor.
NP complement,NP vs. PP,GRP004,differences,critical,embedded_type,present,yes,third_person,Christopher,declarative,,,nppp_pres_neg_3p_about_variant_2,477,1,Christopher doesn't know the rumor.,Christopher doesn't think the rumor.
NP complement,NP vs. PP,GRP004,differences,critical,embedded_type,present,yes,third_person,Christopher,declarative,,,nppp_pres_neg_3p_about_variant_2,477,2,Christopher doesn't think about the rumor.,Christopher doesn't know about the rumor.
NP complement,NP vs. PP,GRP004,differences,control,matrix_verb,present,yes,third_person,Christopher,declarative,,,nppp_pres_neg_3p_about_variant_2,478,1,Christopher doesn't start the rumor.,Christopher doesn't start about the rumor.
NP complement,NP vs. PP,GRP004,differences,control,matrix_verb,present,yes,third_person,Christopher,declarative,,,nppp_pres_neg_3p_about_variant_2,478,2,Christopher doesn't know about the rumor.,Christopher doesn't know the rumor.
NP complement,NP vs. PP,GRP004,differences,control,embedded_type,present,yes,third_person,Christopher,declarative,,,nppp_pres_neg_3p_about_variant_2,479,1,Christopher doesn't know about the rumor.,Christopher doesn't start about the rumor.
NP complement,NP vs. PP,GRP004,differences,control,embedded_type,present,yes,third_person,Christopher,declarative,,,nppp_pres_neg_3p_about_variant_2,479,2,Christopher doesn't start the rumor.,Christopher doesn't know the rumor.
NP complement,NP vs. PP,GRP004,differences,critical,matrix_verb,past,no,third_person,John,declarative,,,nppp_past_aff_3p_about_base,480,1,John thought about the rumor.,John thought the rumor.
NP complement,NP vs. PP,GRP004,differences,critical,matrix_verb,past,no,third_person,John,declarative,,,nppp_past_aff_3p_about_base,480,2,John knew about the rumor.,John knew the rumor.
NP complement,NP vs. PP,GRP004,differences,critical,embedded_type,past,no,third_person,John,declarative,,,nppp_past_aff_3p_about_base,481,1,John knew the rumor.,John thought the rumor.
NP complement,NP vs. PP,GRP004,differences,critical,embedded_type,past,no,third_person,John,declarative,,,nppp_past_aff_3p_about_base,481,2,John thought about the rumor.,John knew about the rumor.
NP complement,NP vs. PP,GRP004,differences,control,matrix_verb,past,no,third_person,John,declarative,,,nppp_past_aff_3p_about_base,482,1,John started the rumor.,John started about the rumor.
NP complement,NP vs. PP,GRP004,differences,control,matrix_verb,past,no,third_person,John,declarative,,,nppp_past_aff_3p_about_base,482,2,John knew about the rumor.,John knew the rumor.
NP complement,NP vs. PP,GRP004,differences,control,embedded_type,past,no,third_person,John,declarative,,,nppp_past_aff_3p_about_base,483,1,John knew about the rumor.,John started about the rumor.
NP complement,NP vs. PP,GRP004,differences,control,embedded_type,past,no,third_person,John,declarative,,,nppp_past_aff_3p_about_base,483,2,John started the rumor.,John knew the rumor.
NP complement,NP vs. PP,GRP004,differences,critical,matrix_verb,past,no,third_person,Olivia,declarative,,,nppp_past_aff_3p_about_variant_1,484,1,Olivia thought about the rumor.,Olivia thought the rumor.
NP complement,NP vs. PP,GRP004,differences,critical,matrix_verb,past,no,third_person,Olivia,declarative,,,nppp_past_aff_3p_about_variant_1,484,2,Olivia knew about the rumor.,Olivia knew the rumor.
NP complement,NP vs. PP,GRP004,differences,critical,embedded_type,past,no,third_person,Olivia,declarative,,,nppp_past_aff_3p_about_variant_1,485,1,Olivia knew the rumor.,Olivia thought the rumor.
NP complement,NP vs. PP,GRP004,differences,critical,embedded_type,past,no,third_person,Olivia,declarative,,,nppp_past_aff_3p_about_variant_1,485,2,Olivia thought about the rumor.,Olivia knew about the rumor.
NP complement,NP vs. PP,GRP004,differences,control,matrix_verb,past,no,third_person,Olivia,declarative,,,nppp_past_aff_3p_about_variant_1,486,1,Olivia started the rumor.,Olivia started about the rumor.
NP complement,NP vs. PP,GRP004,differences,control,matrix_verb,past,no,third_person,Olivia,declarative,,,nppp_past_aff_3p_about_variant_1,486,2,Olivia knew about the rumor.,Olivia knew the rumor.
NP complement,NP vs. PP,GRP004,differences,control,embedded_type,past,no,third_person,Olivia,declarative,,,nppp_past_aff_3p_about_variant_1,487,1,Olivia knew about the rumor.,Olivia started about the rumor.
NP complement,NP vs. PP,GRP004,differences,control,embedded_type,past,no,third_person,Olivia,declarative,,,nppp_past_aff_3p_about_variant_1,487,2,Olivia started the rumor.,Olivia knew the rumor.
NP complement,NP vs. PP,GRP004,differences,critical,matrix_verb,past,no,third_person,she,declarative,,,nppp_past_aff_3p_about_variant_2,488,1,She thought about the rumor.,She thought the rumor.
NP complement,NP vs. PP,GRP004,differences,critical,matrix_verb,past,no,third_person,she,declarative,,,nppp_past_aff_3p_about_variant_2,488,2,She knew about the rumor.,She knew the rumor.
NP complement,NP vs. PP,GRP004,differences,critical,embedded_type,past,no,third_person,she,declarative,,,nppp_past_aff_3p_about_variant_2,489,1,She knew the rumor.,She thought the rumor.
NP complement,NP vs. PP,GRP004,differences,critical,embedded_type,past,no,third_person,she,declarative,,,nppp_past_aff_3p_about_variant_2,489,2,She thought about the rumor.,She knew about the rumor.
NP complement,NP vs. PP,GRP004,differences,control,matrix_verb,past,no,third_person,she,declarative,,,nppp_past_aff_3p_about_variant_2,490,1,She started the rumor.,She started about the rumor.
NP complement,NP vs. PP,GRP004,differences,control,matrix_verb,past,no,third_person,she,declarative,,,nppp_past_aff_3p_about_variant_2,490,2,She knew about the rumor.,She knew the rumor.
NP complement,NP vs. PP,GRP004,differences,control,embedded_type,past,no,third_person,she,declarative,,,nppp_past_aff_3p_about_variant_2,491,1,She knew about the rumor.,She started about the rumor.
NP complement,NP vs. PP,GRP004,differences,control,embedded_type,past,no,third_person,she,declarative,,,nppp_past_aff_3p_about_variant_2,491,2,She started the rumor.,She knew the rumor.
NP complement,NP vs. PP,GRP004,differences,critical,matrix_verb,past,yes,third_person,John,declarative,,,nppp_past_neg_3p_about_base,492,1,John didn't think about the rumor.,John didn't think the rumor.
NP complement,NP vs. PP,GRP004,differences,critical,matrix_verb,past,yes,third_person,John,declarative,,,nppp_past_neg_3p_about_base,492,2,John didn't know about the rumor.,John didn't know the rumor.
NP complement,NP vs. PP,GRP004,differences,critical,embedded_type,past,yes,third_person,John,declarative,,,nppp_past_neg_3p_about_base,493,1,John didn't know the rumor.,John didn't think the rumor.
NP complement,NP vs. PP,GRP004,differences,critical,embedded_type,past,yes,third_person,John,declarative,,,nppp_past_neg_3p_about_base,493,2,John didn't think about the rumor.,John didn't know about the rumor.
NP complement,NP vs. PP,GRP004,differences,control,matrix_verb,past,yes,third_person,John,declarative,,,nppp_past_neg_3p_about_base,494,1,John didn't start the rumor.,John didn't start about the rumor.
NP complement,NP vs. PP,GRP004,differences,control,matrix_verb,past,yes,third_person,John,declarative,,,nppp_past_neg_3p_about_base,494,2,John didn't know about the rumor.,John didn't know the rumor.
NP complement,NP vs. PP,GRP004,differences,control,embedded_type,past,yes,third_person,John,declarative,,,nppp_past_neg_3p_about_base,495,1,John didn't know about the rumor.,John didn't start about the rumor.
NP complement,NP vs. PP,GRP004,differences,control,embedded_type,past,yes,third_person,John,declarative,,,nppp_past_neg_3p_about_base,495,2,John didn't start the rumor.,John didn't know the rumor.
NP complement,NP vs. PP,GRP004,differences,critical,matrix_verb,past,yes,third_person,Sarah,declarative,,,nppp_past_neg_3p_about_variant_1,496,1,Sarah didn't think about the rumor.,Sarah didn't think the rumor.
NP complement,NP vs. PP,GRP004,differences,critical,matrix_verb,past,yes,third_person,Sarah,declarative,,,nppp_past_neg_3p_about_variant_1,496,2,Sarah didn't know about the rumor.,Sarah didn't know the rumor.
NP complement,NP vs. PP,GRP004,differences,critical,embedded_type,past,yes,third_person,Sarah,declarative,,,nppp_past_neg_3p_about_variant_1,497,1,Sarah didn't know the rumor.,Sarah didn't think the rumor.
NP complement,NP vs. PP,GRP004,differences,critical,embedded_type,past,yes,third_person,Sarah,declarative,,,nppp_past_neg_3p_about_variant_1,497,2,Sarah didn't think about the rumor.,Sarah didn't know about the rumor.
NP complement,NP vs. PP,GRP004,differences,control,matrix_verb,past,yes,third_person,Sarah,declarative,,,nppp_past_neg_3p_about_variant_1,498,1,Sarah didn't start the rumor.,Sarah didn't start about the rumor.
NP complement,NP vs. PP,GRP004,differences,control,matrix_verb,past,yes,third_person,Sarah,declarative,,,nppp_past_neg_3p_about_variant_1,498,2,Sarah didn't know about the rumor.,Sarah didn't know the rumor.
NP complement,NP vs. PP,GRP004,differences,control,embedded_type,past,yes,third_person,Sarah,declarative,,,nppp_past_neg_3p_about_variant_1,499,1,Sarah didn't know about the rumor.,Sarah didn't start about the rumor.
NP complement,NP vs. PP,GRP004,differences,control,embedded_type,past,yes,third_person,Sarah,declarative,,,nppp_past_neg_3p_about_variant_1,499,2,Sarah didn't start the rumor.,Sarah didn't know the rumor.
NP complement,NP vs. PP,GRP004,differences,critical,matrix_verb,past,yes,third_person,she,declarative,,,nppp_past_neg_3p_about_variant_2,500,1,She didn't think about the rumor.,She didn't think the rumor.
NP complement,NP vs. PP,GRP004,differences,critical,matrix_verb,past,yes,third_person,she,declarative,,,nppp_past_neg_3p_about_variant_2,500,2,She didn't know about the rumor.,She didn't know the rumor.
NP complement,NP vs. PP,GRP004,differences,critical,embedded_type,past,yes,third_person,she,declarative,,,nppp_past_neg_3p_about_variant_2,501,1,She didn't know the rumor.,She didn't think the rumor.
NP complement,NP vs. PP,GRP004,differences,critical,embedded_type,past,yes,third_person,she,declarative,,,nppp_past_neg_3p_about_variant_2,501,2,She didn't think about the rumor.,She didn't know about the rumor.
NP complement,NP vs. PP,GRP004,differences,control,matrix_verb,past,yes,third_person,she,declarative,,,nppp_past_neg_3p_about_variant_2,502,1,She didn't start the rumor.,She didn't start about the rumor.
NP complement,NP vs. PP,GRP004,differences,control,matrix_verb,past,yes,third_person,she,declarative,,,nppp_past_neg_3p_about_variant_2,502,2,She didn't know about the rumor.,She didn't know the rumor.
NP complement,NP vs. PP,GRP004,differences,control,embedded_type,past,yes,third_person,she,declarative,,,nppp_past_neg_3p_about_variant_2,503,1,She didn't know about the rumor.,She didn't start about the rumor.
NP complement,NP vs. PP,GRP004,differences,control,embedded_type,past,yes,third_person,she,declarative,,,nppp_past_neg_3p_about_variant_2,503,2,She didn't start the rumor.,She didn't know the rumor.
NP complement,NP vs. PP,GRP004,differences,critical,matrix_verb,present,no,first_person,I,declarative,,,nppp_pres_aff_1p_about_base,504,1,I think about the rumor.,I think the rumor.
NP complement,NP vs. PP,GRP004,differences,critical,matrix_verb,present,no,first_person,I,declarative,,,nppp_pres_aff_1p_about_base,504,2,I know about the rumor.,I know the rumor.
NP complement,NP vs. PP,GRP004,differences,critical,embedded_type,present,no,first_person,I,declarative,,,nppp_pres_aff_1p_about_base,505,1,I know the rumor.,I think the rumor.
NP complement,NP vs. PP,GRP004,differences,critical,embedded_type,present,no,first_person,I,declarative,,,nppp_pres_aff_1p_about_base,505,2,I think about the rumor.,I know about the rumor.
NP complement,NP vs. PP,GRP004,differences,control,matrix_verb,present,no,first_person,I,declarative,,,nppp_pres_aff_1p_about_base,506,1,I start the rumor.,I start about the rumor.
NP complement,NP vs. PP,GRP004,differences,control,matrix_verb,present,no,first_person,I,declarative,,,nppp_pres_aff_1p_about_base,506,2,I know about the rumor.,I know the rumor.
NP complement,NP vs. PP,GRP004,differences,control,embedded_type,present,no,first_person,I,declarative,,,nppp_pres_aff_1p_about_base,507,1,I know about the rumor.,I start about the rumor.
NP complement,NP vs. PP,GRP004,differences,control,embedded_type,present,no,first_person,I,declarative,,,nppp_pres_aff_1p_about_base,507,2,I start the rumor.,I know the rumor.
NP complement,NP vs. PP,GRP004,differences,critical,matrix_verb,present,yes,first_person,I,declarative,,,nppp_pres_neg_1p_about_base,508,1,I don't think about the rumor.,I don't think the rumor.
NP complement,NP vs. PP,GRP004,differences,critical,matrix_verb,present,yes,first_person,I,declarative,,,nppp_pres_neg_1p_about_base,508,2,I don't know about the rumor.,I don't know the rumor.
NP complement,NP vs. PP,GRP004,differences,critical,embedded_type,present,yes,first_person,I,declarative,,,nppp_pres_neg_1p_about_base,509,1,I don't know the rumor.,I don't think the rumor.
NP complement,NP vs. PP,GRP004,differences,critical,embedded_type,present,yes,first_person,I,declarative,,,nppp_pres_neg_1p_about_base,509,2,I don't think about the rumor.,I don't know about the rumor.
NP complement,NP vs. PP,GRP004,differences,control,matrix_verb,present,yes,first_person,I,declarative,,,nppp_pres_neg_1p_about_base,510,1,I don't start the rumor.,I don't start about the rumor.
NP complement,NP vs. PP,GRP004,differences,control,matrix_verb,present,yes,first_person,I,declarative,,,nppp_pres_neg_1p_about_base,510,2,I don't know about the rumor.,I don't know the rumor.
NP complement,NP vs. PP,GRP004,differences,control,embedded_type,present,yes,first_person,I,declarative,,,nppp_pres_neg_1p_about_base,511,1,I don't know about the rumor.,I don't start about the rumor.
NP complement,NP vs. PP,GRP004,differences,control,embedded_type,present,yes,first_person,I,declarative,,,nppp_pres_neg_1p_about_base,511,2,I don't start the rumor.,I don't know the rumor.
NP complement,NP vs. PP,GRP004,differences,critical,matrix_verb,past,no,first_person,I,declarative,,,nppp_past_aff_1p_about_base,512,1,I thought about the rumor.,I thought the rumor.
NP complement,NP vs. PP,GRP004,differences,critical,matrix_verb,past,no,first_person,I,declarative,,,nppp_past_aff_1p_about_base,512,2,I knew about the rumor.,I knew the rumor.
NP complement,NP vs. PP,GRP004,differences,critical,embedded_type,past,no,first_person,I,declarative,,,nppp_past_aff_1p_about_base,513,1,I knew the rumor.,I thought the rumor.
NP complement,NP vs. PP,GRP004,differences,critical,embedded_type,past,no,first_person,I,declarative,,,nppp_past_aff_1p_about_base,513,2,I thought about the rumor.,I knew about the rumor.
NP complement,NP vs. PP,GRP004,differences,control,matrix_verb,past,no,first_person,I,declarative,,,nppp_past_aff_1p_about_base,514,1,I started the rumor.,I started about the rumor.
NP complement,NP vs. PP,GRP004,differences,control,matrix_verb,past,no,first_person,I,declarative,,,nppp_past_aff_1p_about_base,514,2,I knew about the rumor.,I knew the rumor.
NP complement,NP vs. PP,GRP004,differences,control,embedded_type,past,no,first_person,I,declarative,,,nppp_past_aff_1p_about_base,515,1,I knew about the rumor.,I started about the rumor.
NP complement,NP vs. PP,GRP004,differences,control,embedded_type,past,no,first_person,I,declarative,,,nppp_past_aff_1p_about_base,515,2,I started the rumor.,I knew the rumor.
NP complement,NP vs. PP,GRP004,differences,critical,matrix_verb,past,yes,first_person,I,declarative,,,nppp_past_neg_1p_about_base,516,1,I didn't think about the rumor.,I didn't think the rumor.
NP complement,NP vs. PP,GRP004,differences,critical,matrix_verb,past,yes,first_person,I,declarative,,,nppp_past_neg_1p_about_base,516,2,I didn't know about the rumor.,I didn't know the rumor.
NP complement,NP vs. PP,GRP004,differences,critical,embedded_type,past,yes,first_person,I,declarative,,,nppp_past_neg_1p_about_base,517,1,I didn't know the rumor.,I didn't think the rumor.
NP complement,NP vs. PP,GRP004,differences,critical,embedded_type,past,yes,first_person,I,declarative,,,nppp_past_neg_1p_about_base,517,2,I didn't think about the rumor.,I didn't know about the rumor.
NP complement,NP vs. PP,GRP004,differences,control,matrix_verb,past,yes,first_person,I,declarative,,,nppp_past_neg_1p_about_base,518,1,I didn't start the rumor.,I didn't start about the rumor.
NP complement,NP vs. PP,GRP004,differences,control,matrix_verb,past,yes,first_person,I,declarative,,,nppp_past_neg_1p_about_base,518,2,I didn't know about the rumor.,I didn't know the rumor.
NP complement,NP vs. PP,GRP004,differences,control,embedded_type,past,yes,first_person,I,declarative,,,nppp_past_neg_1p_about_base,519,1,I didn't know about the rumor.,I didn't start about the rumor.
NP complement,NP vs. PP,GRP004,differences,control,embedded_type,past,yes,first_person,I,declarative,,,nppp_past_neg_1p_about_base,519,2,I didn't start the rumor.,I didn't know the rumor.
NP complement,NP vs. PP,GRP004,differences,critical,matrix_verb,present,no,third_person,John,declarative,,,nppp_pres_aff_3p_of_base,520,1,John thinks of the rumor.,John thinks the rumor.
NP complement,NP vs. PP,GRP004,differences,critical,matrix_verb,present,no,third_person,John,declarative,,,nppp_pres_aff_3p_of_base,520,2,John knows of the rumor.,John knows the rumor.
NP complement,NP vs. PP,GRP004,differences,critical,embedded_type,present,no,third_person,John,declarative,,,nppp_pres_aff_3p_of_base,521,1,John knows the rumor.,John thinks the rumor.
NP complement,NP vs. PP,GRP004,differences,critical,embedded_type,present,no,third_person,John,declarative,,,nppp_pres_aff_3p_of_base,521,2,John thinks of the rumor.,John knows of the rumor.
NP complement,NP vs. PP,GRP004,differences,control,matrix_verb,present,no,third_person,John,declarative,,,nppp_pres_aff_3p_of_base,522,1,John starts the rumor.,John starts about the rumor.
NP complement,NP vs. PP,GRP004,differences,control,matrix_verb,present,no,third_person,John,declarative,,,nppp_pres_aff_3p_of_base,522,2,John knows of the rumor.,John knows the rumor.
NP complement,NP vs. PP,GRP004,differences,control,embedded_type,present,no,third_person,John,declarative,,,nppp_pres_aff_3p_of_base,523,1,John knows of the rumor.,John starts about the rumor.
NP complement,NP vs. PP,GRP004,differences,control,embedded_type,present,no,third_person,John,declarative,,,nppp_pres_aff_3p_of_base,523,2,John starts the rumor.,John knows the rumor.
NP complement,NP vs. PP,GRP004,differences,critical,matrix_verb,present,no,third_person,Theresa,declarative,,,nppp_pres_aff_3p_of_variant_1,524,1,Theresa thinks of the rumor.,Theresa thinks the rumor.
NP complement,NP vs. PP,GRP004,differences,critical,matrix_verb,present,no,third_person,Theresa,declarative,,,nppp_pres_aff_3p_of_variant_1,524,2,Theresa knows of the rumor.,Theresa knows the rumor.
NP complement,NP vs. PP,GRP004,differences,critical,embedded_type,present,no,third_person,Theresa,declarative,,,nppp_pres_aff_3p_of_variant_1,525,1,Theresa knows the rumor.,Theresa thinks the rumor.
NP complement,NP vs. PP,GRP004,differences,critical,embedded_type,present,no,third_person,Theresa,declarative,,,nppp_pres_aff_3p_of_variant_1,525,2,Theresa thinks of the rumor.,Theresa knows of the rumor.
NP complement,NP vs. PP,GRP004,differences,control,matrix_verb,present,no,third_person,Theresa,declarative,,,nppp_pres_aff_3p_of_variant_1,526,1,Theresa starts the rumor.,Theresa starts about the rumor.
NP complement,NP vs. PP,GRP004,differences,control,matrix_verb,present,no,third_person,Theresa,declarative,,,nppp_pres_aff_3p_of_variant_1,526,2,Theresa knows of the rumor.,Theresa knows the rumor.
NP complement,NP vs. PP,GRP004,differences,control,embedded_type,present,no,third_person,Theresa,declarative,,,nppp_pres_aff_3p_of_variant_1,527,1,Theresa knows of the rumor.,Theresa starts about the rumor.
NP complement,NP vs. PP,GRP004,differences,control,embedded_type,present,no,third_person,Theresa,declarative,,,nppp_pres_aff_3p_of_variant_1,527,2,Theresa starts the rumor.,Theresa knows the rumor.
NP complement,NP vs. PP,GRP004,differences,critical,matrix_verb,present,no,third_person,she,declarative,,,nppp_pres_aff_3p_of_variant_2,528,1,She thinks of the rumor.,She thinks the rumor.
NP complement,NP vs. PP,GRP004,differences,critical,matrix_verb,present,no,third_person,she,declarative,,,nppp_pres_aff_3p_of_variant_2,528,2,She knows of the rumor.,She knows the rumor.
NP complement,NP vs. PP,GRP004,differences,critical,embedded_type,present,no,third_person,she,declarative,,,nppp_pres_aff_3p_of_variant_2,529,1,She knows the rumor.,She thinks the rumor.
NP complement,NP vs. PP,GRP004,differences,critical,embedded_type,present,no,third_person,she,declarative,,,nppp_pres_aff_3p_of_variant_2,529,2,She thinks of the rumor.,She knows of the rumor.
NP complement,NP vs. PP,GRP004,differences,control,matrix_verb,present,no,third_person,she,declarative,,,nppp_pres_aff_3p_of_variant_2,530,1,She starts the rumor.,She starts about the rumor.
NP complement,NP vs. PP,GRP004,differences,control,matrix_verb,present,no,third_person,she,declarative,,,nppp_pres_aff_3p_of_variant_2,530,2,She knows of the rumor.,She knows the rumor.
NP complement,NP vs. PP,GRP004,differences,control,embedded_type,present,no,third_person,she,declarative,,,nppp_pres_aff_3p_of_variant_2,531,1,She knows of the rumor.,She starts about the rumor.
NP complement,NP vs. PP,GRP004,differences,control,embedded_type,present,no,third_person,she,declarative,,,nppp_pres_aff_3p_of_variant_2,531,2,She starts the rumor.,She knows the rumor.
NP complement,NP vs. PP,GRP004,differences,critical,matrix_verb,present,yes,third_person,John,declarative,,,nppp_pres_neg_3p_of_base,532,1,John doesn't think about the rumor.,John doesn't think the rumor.
NP complement,NP vs. PP,GRP004,differences,critical,matrix_verb,present,yes,third_person,John,declarative,,,nppp_pres_neg_3p_of_base,532,2,John doesn't know about the rumor.,John doesn't know the rumor.
NP complement,NP vs. PP,GRP004,differences,critical,embedded_type,present,yes,third_person,John,declarative,,,nppp_pres_neg_3p_of_base,533,1,John doesn't know the rumor.,John doesn't think the rumor.
NP complement,NP vs. PP,GRP004,differences,critical,embedded_type,present,yes,third_person,John,declarative,,,nppp_pres_neg_3p_of_base,533,2,John doesn't think about the rumor.,John doesn't know about the rumor.
NP complement,NP vs. PP,GRP004,differences,control,matrix_verb,present,yes,third_person,John,declarative,,,nppp_pres_neg_3p_of_base,534,1,John doesn't start the rumor.,John doesn't start about the rumor.
NP complement,NP vs. PP,GRP004,differences,control,matrix_verb,present,yes,third_person,John,declarative,,,nppp_pres_neg_3p_of_base,534,2,John doesn't know about the rumor.,John doesn't know the rumor.
NP complement,NP vs. PP,GRP004,differences,control,embedded_type,present,yes,third_person,John,declarative,,,nppp_pres_neg_3p_of_base,535,1,John doesn't know about the rumor.,John doesn't start about the rumor.
NP complement,NP vs. PP,GRP004,differences,control,embedded_type,present,yes,third_person,John,declarative,,,nppp_pres_neg_3p_of_base,535,2,John doesn't start the rumor.,John doesn't know the rumor.
NP complement,NP vs. PP,GRP004,differences,critical,matrix_verb,present,yes,third_person,Theresa,declarative,,,nppp_pres_neg_3p_of_variant_1,536,1,Theresa doesn't think about the rumor.,Theresa doesn't think the rumor.
NP complement,NP vs. PP,GRP004,differences,critical,matrix_verb,present,yes,third_person,Theresa,declarative,,,nppp_pres_neg_3p_of_variant_1,536,2,Theresa doesn't know about the rumor.,Theresa doesn't know the rumor.
NP complement,NP vs. PP,GRP004,differences,critical,embedded_type,present,yes,third_person,Theresa,declarative,,,nppp_pres_neg_3p_of_variant_1,537,1,Theresa doesn't know the rumor.,Theresa doesn't think the rumor.
NP complement,NP vs. PP,GRP004,differences,critical,embedded_type,present,yes,third_person,Theresa,declarative,,,nppp_pres_neg_3p_of_variant_1,537,2,Theresa doesn't think about the rumor.,Theresa doesn't know about the rumor.
NP complement,NP vs. PP,GRP004,differences,control,matrix_verb,present,yes,third_person,Theresa,declarative,,,nppp_pres_neg_3p_of_variant_1,538,1,Theresa doesn't start the rumor.,Theresa doesn't start about the rumor.
NP complement,NP vs. PP,GRP004,differences,control,matrix_verb,present,yes,third_person,Theresa,declarative,,,nppp_pres_neg_3p_of_variant_1,538,2,Theresa doesn't know about the rumor.,Theresa doesn't know the rumor.
NP complement,NP vs. PP,GRP004,differences,control,embedded_type,present,yes,third_person,Theresa,declarative,,,nppp_pres_neg_3p_of_variant_1,539,1,Theresa doesn't know about the rumor.,Theresa doesn't start about the rumor.
NP complement,NP vs. PP,GRP004,differences,control,embedded_type,present,yes,third_person,Theresa,declarative,,,nppp_pres_neg_3p_of_variant_1,539,2,Theresa doesn't start the rumor.,Theresa doesn't know the rumor.
NP complement,NP vs. PP,GRP004,differences,critical,matrix_verb,present,yes,third_person,he,declarative,,,nppp_pres_neg_3p_of_variant_2,540,1,He doesn't think about the rumor.,He doesn't think the rumor.
NP complement,NP vs. PP,GRP004,differences,critical,matrix_verb,present,yes,third_person,he,declarative,,,nppp_pres_neg_3p_of_variant_2,540,2,He doesn't know about the rumor.,He doesn't know the rumor.
NP complement,NP vs. PP,GRP004,differences,critical,embedded_type,present,yes,third_person,he,declarative,,,nppp_pres_neg_3p_of_variant_2,541,1,He doesn't know the rumor.,He doesn't think the rumor.
NP complement,NP vs. PP,GRP004,differences,critical,embedded_type,present,yes,third_person,he,declarative,,,nppp_pres_neg_3p_of_variant_2,541,2,He doesn't think about the rumor.,He doesn't know about the rumor.
NP complement,NP vs. PP,GRP004,differences,control,matrix_verb,present,yes,third_person,he,declarative,,,nppp_pres_neg_3p_of_variant_2,542,1,He doesn't start the rumor.,He doesn't start about the rumor.
NP complement,NP vs. PP,GRP004,differences,control,matrix_verb,present,yes,third_person,he,declarative,,,nppp_pres_neg_3p_of_variant_2,542,2,He doesn't know about the rumor.,He doesn't know the rumor.
NP complement,NP vs. PP,GRP004,differences,control,embedded_type,present,yes,third_person,he,declarative,,,nppp_pres_neg_3p_of_variant_2,543,1,He doesn't know about the rumor.,He doesn't start about the rumor.
NP complement,NP vs. PP,GRP004,differences,control,embedded_type,present,yes,third_person,he,declarative,,,nppp_pres_neg_3p_of_variant_2,543,2,He doesn't start the rumor.,He doesn't know the rumor.
NP complement,NP vs. PP,GRP004,differences,critical,matrix_verb,past,no,third_person,John,declarative,,,nppp_past_aff_3p_of_base,544,1,John thought of the rumor.,John thought the rumor.
NP complement,NP vs. PP,GRP004,differences,critical,matrix_verb,past,no,third_person,John,declarative,,,nppp_past_aff_3p_of_base,544,2,John knew of the rumor.,John knew the rumor.
NP complement,NP vs. PP,GRP004,differences,critical,embedded_type,past,no,third_person,John,declarative,,,nppp_past_aff_3p_of_base,545,1,John knew the rumor.,John thought the rumor.
NP complement,NP vs. PP,GRP004,differences,critical,embedded_type,past,no,third_person,John,declarative,,,nppp_past_aff_3p_of_base,545,2,John thought of the rumor.,John knew of the rumor.
NP complement,NP vs. PP,GRP004,differences,control,matrix_verb,past,no,third_person,John,declarative,,,nppp_past_aff_3p_of_base,546,1,John started the rumor.,John started about the rumor.
NP complement,NP vs. PP,GRP004,differences,control,matrix_verb,past,no,third_person,John,declarative,,,nppp_past_aff_3p_of_base,546,2,John knew of the rumor.,John knew the rumor.
NP complement,NP vs. PP,GRP004,differences,control,embedded_type,past,no,third_person,John,declarative,,,nppp_past_aff_3p_of_base,547,1,John knew of the rumor.,John started about the rumor.
NP complement,NP vs. PP,GRP004,differences,control,embedded_type,past,no,third_person,John,declarative,,,nppp_past_aff_3p_of_base,547,2,John started the rumor.,John knew the rumor.
NP complement,NP vs. PP,GRP004,differences,critical,matrix_verb,past,no,third_person,they,declarative,,,nppp_past_aff_3p_of_variant_1,548,1,They thought of the rumor.,They thought the rumor.
NP complement,NP vs. PP,GRP004,differences,critical,matrix_verb,past,no,third_person,they,declarative,,,nppp_past_aff_3p_of_variant_1,548,2,They knew of the rumor.,They knew the rumor.
NP complement,NP vs. PP,GRP004,differences,critical,embedded_type,past,no,third_person,they,declarative,,,nppp_past_aff_3p_of_variant_1,549,1,They knew the rumor.,They thought the rumor.
NP complement,NP vs. PP,GRP004,differences,critical,embedded_type,past,no,third_person,they,declarative,,,nppp_past_aff_3p_of_variant_1,549,2,They thought of the rumor.,They knew of the rumor.
NP complement,NP vs. PP,GRP004,differences,control,matrix_verb,past,no,third_person,they,declarative,,,nppp_past_aff_3p_of_variant_1,550,1,They started the rumor.,They started about the rumor.
NP complement,NP vs. PP,GRP004,differences,control,matrix_verb,past,no,third_person,they,declarative,,,nppp_past_aff_3p_of_variant_1,550,2,They knew of the rumor.,They knew the rumor.
NP complement,NP vs. PP,GRP004,differences,control,embedded_type,past,no,third_person,they,declarative,,,nppp_past_aff_3p_of_variant_1,551,1,They knew of the rumor.,They started about the rumor.
NP complement,NP vs. PP,GRP004,differences,control,embedded_type,past,no,third_person,they,declarative,,,nppp_past_aff_3p_of_variant_1,551,2,They started the rumor.,They knew the rumor.
NP complement,NP vs. PP,GRP004,differences,critical,matrix_verb,past,no,third_person,she,declarative,,,nppp_past_aff_3p_of_variant_2,552,1,She thought of the rumor.,She thought the rumor.
NP complement,NP vs. PP,GRP004,differences,critical,matrix_verb,past,no,third_person,she,declarative,,,nppp_past_aff_3p_of_variant_2,552,2,She knew of the rumor.,She knew the rumor.
NP complement,NP vs. PP,GRP004,differences,critical,embedded_type,past,no,third_person,she,declarative,,,nppp_past_aff_3p_of_variant_2,553,1,She knew the rumor.,She thought the rumor.
NP complement,NP vs. PP,GRP004,differences,critical,embedded_type,past,no,third_person,she,declarative,,,nppp_past_aff_3p_of_variant_2,553,2,She thought of the rumor.,She knew of the rumor.
NP complement,NP vs. PP,GRP004,differences,control,matrix_verb,past,no,third_person,she,declarative,,,nppp_past_aff_3p_of_variant_2,554,1,She started the rumor.,She started about the rumor.
NP complement,NP vs. PP,GRP004,differences,control,matrix_verb,past,no,third_person,she,declarative,,,nppp_past_aff_3p_of_variant_2,554,2,She knew of the rumor.,She knew the rumor.
NP complement,NP vs. PP,GRP004,differences,control,embedded_type,past,no,third_person,she,declarative,,,nppp_past_aff_3p_of_variant_2,555,1,She knew of the rumor.,She started about the rumor.
NP complement,NP vs. PP,GRP004,differences,control,embedded_type,past,no,third_person,she,declarative,,,nppp_past_aff_3p_of_variant_2,555,2,She started the rumor.,She knew the rumor.
NP complement,NP vs. PP,GRP004,differences,critical,matrix_verb,past,yes,third_person,John,declarative,,,nppp_past_neg_3p_of_base,556,1,John didn't think about the rumor.,John didn't think the rumor.
NP complement,NP vs. PP,GRP004,differences,critical,matrix_verb,past,yes,third_person,John,declarative,,,nppp_past_neg_3p_of_base,556,2,John didn't know about the rumor.,John didn't know the rumor.
NP complement,NP vs. PP,GRP004,differences,critical,embedded_type,past,yes,third_person,John,declarative,,,nppp_past_neg_3p_of_base,557,1,John didn't know the rumor.,John didn't think the rumor.
NP complement,NP vs. PP,GRP004,differences,critical,embedded_type,past,yes,third_person,John,declarative,,,nppp_past_neg_3p_of_base,557,2,John didn't think about the rumor.,John didn't know about the rumor.
NP complement,NP vs. PP,GRP004,differences,control,matrix_verb,past,yes,third_person,John,declarative,,,nppp_past_neg_3p_of_base,558,1,John didn't start the rumor.,John didn't start about the rumor.
NP complement,NP vs. PP,GRP004,differences,control,matrix_verb,past,yes,third_person,John,declarative,,,nppp_past_neg_3p_of_base,558,2,John didn't know about the rumor.,John didn't know the rumor.
NP complement,NP vs. PP,GRP004,differences,control,embedded_type,past,yes,third_person,John,declarative,,,nppp_past_neg_3p_of_base,559,1,John didn't know about the rumor.,John didn't start about the rumor.
NP complement,NP vs. PP,GRP004,differences,control,embedded_type,past,yes,third_person,John,declarative,,,nppp_past_neg_3p_of_base,559,2,John didn't start the rumor.,John didn't know the rumor.
NP complement,NP vs. PP,GRP004,differences,critical,matrix_verb,past,yes,third_person,Sarah,declarative,,,nppp_past_neg_3p_of_variant_1,560,1,Sarah didn't think about the rumor.,Sarah didn't think the rumor.
NP complement,NP vs. PP,GRP004,differences,critical,matrix_verb,past,yes,third_person,Sarah,declarative,,,nppp_past_neg_3p_of_variant_1,560,2,Sarah didn't know about the rumor.,Sarah didn't know the rumor.
NP complement,NP vs. PP,GRP004,differences,critical,embedded_type,past,yes,third_person,Sarah,declarative,,,nppp_past_neg_3p_of_variant_1,561,1,Sarah didn't know the rumor.,Sarah didn't think the rumor.
NP complement,NP vs. PP,GRP004,differences,critical,embedded_type,past,yes,third_person,Sarah,declarative,,,nppp_past_neg_3p_of_variant_1,561,2,Sarah didn't think about the rumor.,Sarah didn't know about the rumor.
NP complement,NP vs. PP,GRP004,differences,control,matrix_verb,past,yes,third_person,Sarah,declarative,,,nppp_past_neg_3p_of_variant_1,562,1,Sarah didn't start the rumor.,Sarah didn't start about the rumor.
NP complement,NP vs. PP,GRP004,differences,control,matrix_verb,past,yes,third_person,Sarah,declarative,,,nppp_past_neg_3p_of_variant_1,562,2,Sarah didn't know about the rumor.,Sarah didn't know the rumor.
NP complement,NP vs. PP,GRP004,differences,control,embedded_type,past,yes,third_person,Sarah,declarative,,,nppp_past_neg_3p_of_variant_1,563,1,Sarah didn't know about the rumor.,Sarah didn't start about the rumor.
NP complement,NP vs. PP,GRP004,differences,control,embedded_type,past,yes,third_person,Sarah,declarative,,,nppp_past_neg_3p_of_variant_1,563,2,Sarah didn't start the rumor.,Sarah didn't know the rumor.
NP complement,NP vs. PP,GRP004,differences,critical,matrix_verb,past,yes,third_person,the cashier,declarative,,,nppp_past_neg_3p_of_variant_2,564,1,The cashier didn't think about the rumor.,The cashier didn't think the rumor.
NP complement,NP vs. PP,GRP004,differences,critical,matrix_verb,past,yes,third_person,the cashier,declarative,,,nppp_past_neg_3p_of_variant_2,564,2,The cashier didn't know about the rumor.,The cashier didn't know the rumor.
NP complement,NP vs. PP,GRP004,differences,critical,embedded_type,past,yes,third_person,the cashier,declarative,,,nppp_past_neg_3p_of_variant_2,565,1,The cashier didn't know the rumor.,The cashier didn't think the rumor.
NP complement,NP vs. PP,GRP004,differences,critical,embedded_type,past,yes,third_person,the cashier,declarative,,,nppp_past_neg_3p_of_variant_2,565,2,The cashier didn't think about the rumor.,The cashier didn't know about the rumor.
NP complement,NP vs. PP,GRP004,differences,control,matrix_verb,past,yes,third_person,the cashier,declarative,,,nppp_past_neg_3p_of_variant_2,566,1,The cashier didn't start the rumor.,The cashier didn't start about the rumor.
NP complement,NP vs. PP,GRP004,differences,control,matrix_verb,past,yes,third_person,the cashier,declarative,,,nppp_past_neg_3p_of_variant_2,566,2,The cashier didn't know about the rumor.,The cashier didn't know the rumor.
NP complement,NP vs. PP,GRP004,differences,control,embedded_type,past,yes,third_person,the cashier,declarative,,,nppp_past_neg_3p_of_variant_2,567,1,The cashier didn't know about the rumor.,The cashier didn't start about the rumor.
NP complement,NP vs. PP,GRP004,differences,control,embedded_type,past,yes,third_person,the cashier,declarative,,,nppp_past_neg_3p_of_variant_2,567,2,The cashier didn't start the rumor.,The cashier didn't know the rumor.
NP complement,NP vs. PP,GRP004,differences,critical,matrix_verb,present,no,first_person,I,declarative,,,nppp_pres_aff_1p_of_base,568,1,I think of the rumor.,I think the rumor.
NP complement,NP vs. PP,GRP004,differences,critical,matrix_verb,present,no,first_person,I,declarative,,,nppp_pres_aff_1p_of_base,568,2,I know of the rumor.,I know the rumor.
NP complement,NP vs. PP,GRP004,differences,critical,embedded_type,present,no,first_person,I,declarative,,,nppp_pres_aff_1p_of_base,569,1,I know the rumor.,I think the rumor.
NP complement,NP vs. PP,GRP004,differences,critical,embedded_type,present,no,first_person,I,declarative,,,nppp_pres_aff_1p_of_base,569,2,I think of the rumor.,I know of the rumor.
NP complement,NP vs. PP,GRP004,differences,control,matrix_verb,present,no,first_person,I,declarative,,,nppp_pres_aff_1p_of_base,570,1,I start the rumor.,I start about the rumor.
NP complement,NP vs. PP,GRP004,differences,control,matrix_verb,present,no,first_person,I,declarative,,,nppp_pres_aff_1p_of_base,570,2,I know of the rumor.,I know the rumor.
NP complement,NP vs. PP,GRP004,differences,control,embedded_type,present,no,first_person,I,declarative,,,nppp_pres_aff_1p_of_base,571,1,I know of the rumor.,I start about the rumor.
NP complement,NP vs. PP,GRP004,differences,control,embedded_type,present,no,first_person,I,declarative,,,nppp_pres_aff_1p_of_base,571,2,I start the rumor.,I know the rumor.
NP complement,NP vs. PP,GRP004,differences,critical,matrix_verb,present,yes,first_person,I,declarative,,,nppp_pres_neg_1p_of_base,572,1,I don't think of the rumor.,I don't think the rumor.
NP complement,NP vs. PP,GRP004,differences,critical,matrix_verb,present,yes,first_person,I,declarative,,,nppp_pres_neg_1p_of_base,572,2,I don't know of the rumor.,I don't know the rumor.
NP complement,NP vs. PP,GRP004,differences,critical,embedded_type,present,yes,first_person,I,declarative,,,nppp_pres_neg_1p_of_base,573,1,I don't know the rumor.,I don't think the rumor.
NP complement,NP vs. PP,GRP004,differences,critical,embedded_type,present,yes,first_person,I,declarative,,,nppp_pres_neg_1p_of_base,573,2,I don't think of the rumor.,I don't know of the rumor.
NP complement,NP vs. PP,GRP004,differences,control,matrix_verb,present,yes,first_person,I,declarative,,,nppp_pres_neg_1p_of_base,574,1,I don't start the rumor.,I don't start about the rumor.
NP complement,NP vs. PP,GRP004,differences,control,matrix_verb,present,yes,first_person,I,declarative,,,nppp_pres_neg_1p_of_base,574,2,I don't know of the rumor.,I don't know the rumor.
NP complement,NP vs. PP,GRP004,differences,control,embedded_type,present,yes,first_person,I,declarative,,,nppp_pres_neg_1p_of_base,575,1,I don't know of the rumor.,I don't start about the rumor.
NP complement,NP vs. PP,GRP004,differences,control,embedded_type,present,yes,first_person,I,declarative,,,nppp_pres_neg_1p_of_base,575,2,I don't start the rumor.,I don't know the rumor.
NP complement,NP vs. PP,GRP004,differences,critical,matrix_verb,past,no,first_person,I,declarative,,,nppp_past_aff_1p_of_base,576,1,I thought of the rumor.,I thought the rumor.
NP complement,NP vs. PP,GRP004,differences,critical,matrix_verb,past,no,first_person,I,declarative,,,nppp_past_aff_1p_of_base,576,2,I knew of the rumor.,I knew the rumor.
NP complement,NP vs. PP,GRP004,differences,critical,embedded_type,past,no,first_person,I,declarative,,,nppp_past_aff_1p_of_base,577,1,I knew the rumor.,I thought the rumor.
NP complement,NP vs. PP,GRP004,differences,critical,embedded_type,past,no,first_person,I,declarative,,,nppp_past_aff_1p_of_base,577,2,I thought of the rumor.,I knew of the rumor.
NP complement,NP vs. PP,GRP004,differences,control,matrix_verb,past,no,first_person,I,declarative,,,nppp_past_aff_1p_of_base,578,1,I started the rumor.,I started about the rumor.
NP complement,NP vs. PP,GRP004,differences,control,matrix_verb,past,no,first_person,I,declarative,,,nppp_past_aff_1p_of_base,578,2,I knew of the rumor.,I knew the rumor.
NP complement,NP vs. PP,GRP004,differences,control,embedded_type,past,no,first_person,I,declarative,,,nppp_past_aff_1p_of_base,579,1,I knew of the rumor.,I started about the rumor.
NP complement,NP vs. PP,GRP004,differences,control,embedded_type,past,no,first_person,I,declarative,,,nppp_past_aff_1p_of_base,579,2,I started the rumor.,I knew the rumor.
NP complement,NP vs. PP,GRP004,differences,critical,matrix_verb,past,yes,first_person,I,declarative,,,nppp_past_neg_1p_of_base,580,1,I didn't think about the rumor.,I didn't think the rumor.
NP complement,NP vs. PP,GRP004,differences,critical,matrix_verb,past,yes,first_person,I,declarative,,,nppp_past_neg_1p_of_base,580,2,I didn't know about the rumor.,I didn't know the rumor.
NP complement,NP vs. PP,GRP004,differences,critical,embedded_type,past,yes,first_person,I,declarative,,,nppp_past_neg_1p_of_base,581,1,I didn't know the rumor.,I didn't think the rumor.
NP complement,NP vs. PP,GRP004,differences,critical,embedded_type,past,yes,first_person,I,declarative,,,nppp_past_neg_1p_of_base,581,2,I didn't think about the rumor.,I didn't know about the rumor.
NP complement,NP vs. PP,GRP004,differences,control,matrix_verb,past,yes,first_person,I,declarative,,,nppp_past_neg_1p_of_base,582,1,I didn't start the rumor.,I didn't start about the rumor.
NP complement,NP vs. PP,GRP004,differences,control,matrix_verb,past,yes,first_person,I,declarative,,,nppp_past_neg_1p_of_base,582,2,I didn't know about the rumor.,I didn't know the rumor.
NP complement,NP vs. PP,GRP004,differences,control,embedded_type,past,yes,first_person,I,declarative,,,nppp_past_neg_1p_of_base,583,1,I didn't know about the rumor.,I didn't start about the rumor.
NP complement,NP vs. PP,GRP004,differences,control,embedded_type,past,yes,first_person,I,declarative,,,nppp_past_neg_1p_of_base,583,2,I didn't start the rumor.,I didn't know the rumor.
Factive island,,GRP005,direct,critical,matrix_type,present,no,third_person,John,wh_question,,,fact_pres_3p_base,584,1,Where does John think the keys are?,Where does John know the keys are?
Factive island,,GRP005,direct,critical,matrix_type,present,no,third_person,John,wh_question,,,fact_pres_3p_base,585,1,Does John know where the keys are?,Does John think where the keys are?
Factive island,,GRP005,direct,critical,matrix_verb,present,no,third_person,John,wh_question,,,fact_pres_3p_base,586,1,Does John know where the keys are?,Where does John know the keys are?
Factive island,,GRP005,direct,critical,matrix_verb,present,no,third_person,John,wh_question,,,fact_pres_3p_base,587,1,Where does John think the keys are?,Does John think where the keys are?
Factive island,,GRP005,direct,critical,matrix_type,present,no,third_person,John,wh_question,,,fact_pres_3p_variant_1,588,1,Where does John think Sarah's keys are?,Where does John know Sarah's keys are?
Factive island,,GRP005,direct,critical,matrix_type,present,no,third_person,John,wh_question,,,fact_pres_3p_variant_1,589,1,Does John know where Sarah's keys are?,Does John think where Sarah's keys are?
Factive island,,GRP005,direct,critical,matrix_verb,present,no,third_person,John,wh_question,,,fact_pres_3p_variant_1,590,1,Does John know where Sarah's keys are?,Where does John know Sarah's keys are?
Factive island,,GRP005,direct,critical,matrix_verb,present,no,third_person,John,wh_question,,,fact_pres_3p_variant_1,591,1,Where does John think Sarah's keys are?,Does John think where Sarah's keys are?
Factive island,,GRP005,direct,critical,matrix_type,present,no,third_person,she,wh_question,,,fact_pres_3p_variant_2,592,1,Where does she think the keys are?,Where does she know the keys are?
Factive island,,GRP005,direct,critical,matrix_type,present,no,third_person,she,wh_question,,,fact_pres_3p_variant_2,593,1,Does she know where the keys are?,Does she think where the keys are?
Factive island,,GRP005,direct,critical,matrix_verb,present,no,third_person,she,wh_question,,,fact_pres_3p_variant_2,594,1,Does she know where the keys are?,Where does she know the keys are?
Factive island,,GRP005,direct,critical,matrix_verb,present,no,third_person,she,wh_question,,,fact_pres_3p_variant_2,595,1,Where does she think the keys are?,Does she think where the keys are?
Factive island,,GRP005,direct,critical,matrix_type,past,no,third_person,John,wh_question,,,fact_past_3p_base,596,1,Where did John think the keys were?,Where did John know the keys were?
Factive island,,GRP005,direct,critical,matrix_type,past,no,third_person,John,wh_question,,,fact_past_3p_base,597,1,Did John know where the keys were?,Did John think where the keys were?
Factive island,,GRP005,direct,critical,matrix_verb,past,no,third_person,John,wh_question,,,fact_past_3p_base,598,1,Did John know where the keys were?,Where did John know the keys were?
Factive island,,GRP005,direct,critical,matrix_verb,past,no,third_person,John,wh_question,,,fact_past_3p_base,599,1,Where did John think the keys were?,Did John think where the keys were?
Factive island,,GRP005,direct,critical,matrix_type,past,no,third_person,John,wh_question,,,fact_past_3p_variant_1,600,1,Where did John think my keys were?,Where did John know my keys were?
Factive island,,GRP005,direct,critical,matrix_type,past,no,third_person,John,wh_question,,,fact_past_3p_variant_1,601,1,Did John know where my keys were?,Did John think where my keys were?
Factive island,,GRP005,direct,critical,matrix_verb,past,no,third_person,John,wh_question,,,fact_past_3p_variant_1,602,1,Did John know where my keys were?,Where did John know my keys were?
Factive island,,GRP005,direct,critical,matrix_verb,past,no,third_person,John,wh_question,,,fact_past_3p_variant_1,603,1,Where did John think my keys were?,Did John think where my keys were?
Factive island,,GRP005,direct,critical,matrix_type,past,no,third_person,she,wh_question,,,fact_past_3p_variant_2,604,1,Where did she think Mary hid the files?,Where did she know Mary hid the files?
Factive island,,GRP005,direct,critical,matrix_type,past,no,third_person,she,wh_question,,,fact_past_3p_variant_2,605,1,Did she know where Mary hid the files?,Did she think where Mary hid the files?
Factive island,,GRP005,direct,critical,matrix_verb,past,no,third_person,she,wh_question,,,fact_past_3p_variant_2,606,1,Did she know where Mary hid the files?,Where did she know Mary hid the files?
Factive island,,GRP005,direct,critical,matrix_verb,past,no,third_person,she,wh_question,,,fact_past_3p_variant_2,607,1,Where did she think Mary hid the files?,Did she think where Mary hid the files?
Factive island,,GRP005,direct,critical,matrix_type,present,no,first_person,I,wh_question,,,fact_pres_1p_base,608,1,Where do I think the keys are?,Where do I know the keys are?
Factive island,,GRP005,direct,critical,matrix_type,present,no,first_person,I,wh_question,,,fact_pres_1p_base,609,1,Do I know where the keys are?,Do I think where the keys are?
Factive island,,GRP005,direct,critical,matrix_verb,present,no,first_person,I,wh_question,,,fact_pres_1p_base,610,1,Do I know where the keys are?,Where do I know the keys are?
Factive island,,GRP005,direct,critical,matrix_verb,present,no,first_person,I,wh_question,,,fact_pres_1p_base,611,1,Where do I think the keys are?,Do I think where the keys are?
Factive island,,GRP005,direct,critical,matrix_type,present,no,first_person,I,wh_question,,,fact_pres_1p_variant_1,612,1,Why do I think Jane ate the cookies?,Why do I know Jane ate the cookies?
Factive island,,GRP005,direct,critical,matrix_type,present,no,first_person,I,wh_question,,,fact_pres_1p_variant_1,613,1,Do I know why Jane ate the cookies?,Do I think why Jane ate the cookies?
Factive island,,GRP005,direct,critical,matrix_verb,present,no,first_person,I,wh_question,,,fact_pres_1p_variant_1,614,1,Do I know why Jane ate the cookies?,Why do I know Jane ate the cookies?
Factive island,,GRP005,direct,critical,matrix_verb,present,no,first_person,I,wh_question,,,fact_pres_1p_variant_1,615,1,Why do I think Jane ate the cookies?,Do I think why Jane ate the cookies?
Factive island,,GRP005,direct,critical,matrix_type,present,no,first_person,I,wh_question,,,fact_pres_1p_variant_2,616,1,Where do I think the files are?,Where do I know the files are?
Factive island,,GRP005,direct,critical,matrix_type,present,no,first_person,I,wh_question,,,fact_pres_1p_variant_2,617,1,Do I know where the files are?,Do I think where the files are?
Factive island,,GRP005,direct,critical,matrix_verb,present,no,first_person,I,wh_question,,,fact_pres_1p_variant_2,618,1,Do I know where the files are?,Where do I know the files are?
Factive island,,GRP005,direct,critical,matrix_verb,present,no,first_person,I,wh_question,,,fact_pres_1p_variant_2,619,1,Where do I think the files are?,Do I think where the files are?
Factive island,,GRP005,direct,critical,matrix_type,past,no,first_person,I,wh_question,,,fact_past_1p_base,620,1,Where did I think the keys were?,Where did I know the keys were?
Factive island,,GRP005,direct,critical,matrix_type,past,no,first_person,I,wh_question,,,fact_past_1p_base,621,1,Did I know where the keys were?,Did I think where the keys were?
Factive island,,GRP005,direct,critical,matrix_verb,past,no,first_person,I,wh_question,,,fact_past_1p_base,622,1,Did I know where the keys were?,Where did I know the keys were?
Factive island,,GRP005,direct,critical,matrix_verb,past,no,first_person,I,wh_question,,,fact_past_1p_base,623,1,Where did I think the keys were?,Did I think where the keys were?
Factive island,,GRP005,direct,critical,matrix_type,past,no,first_person,I,wh_question,,,fact_past_1p_variant_1,624,1,Where did I think Mary hid the files?,Where did I know Mary hid the files?
Factive island,,GRP005,direct,critical,matrix_type,past,no,first_person,I,wh_question,,,fact_past_1p_variant_1,625,1,Did I know where Mary hid the files?,Did I think where Mary hid the files?
Factive island,,GRP005,direct,critical,matrix_verb,past,no,first_person,I,wh_question,,,fact_past_1p_variant_1,626,1,Did I know where Mary hid the files?,Where did I know Mary hid the files?
Factive island,,GRP005,direct,critical,matrix_verb,past,no,first_person,I,wh_question,,,fact_past_1p_variant_1,627,1,Where did I think Mary hid the files?,Did I think where Mary hid the files?
Factive island,,GRP005,direct,critical,matrix_type,past,no,first_person,I,wh_question,,,fact_past_1p_variant_2,628,1,When did I think Mary hid the keys?,When did I know Mary hid the keys?
Factive island,,GRP005,direct,critical,matrix_type,past,no,first_person,I,wh_question,,,fact_past_1p_variant_2,629,1,Did I know when Mary hid the keys?,Did I think when Mary hid the keys?
Factive island,,GRP005,direct,critical,matrix_verb,past,no,first_person,I,wh_question,,,fact_past_1p_variant_2,630,1,Did I know when Mary hid the keys?,When did I know Mary hid the keys?
Factive island,,GRP005,direct,critical,matrix_verb,past,no,first_person,I,wh_question,,,fact_past_1p_variant_2,631,1,When did I think Mary hid the keys?,Did I think when Mary hid the keys?
Ellipsis,Standalone,GRP006,direct,critical,embedded_type,present,no,first_person,I,declarative,,,ellsa_pres_aff_1p_base,632,1,I think so.,I know so.
Ellipsis,Standalone,GRP006,direct,critical,embedded_type,present,no,first_person,I,declarative,,,ellsa_pres_aff_1p_base,633,1,I know.,I think.
Ellipsis,Standalone,GRP006,direct,critical,matrix_verb,present,no,first_person,I,declarative,,,ellsa_pres_aff_1p_base,634,1,I think so.,I think.
Ellipsis,Standalone,GRP006,direct,critical,matrix_verb,present,no,first_person,I,declarative,,,ellsa_pres_aff_1p_base,635,1,I know.,I know so.
Ellipsis,Standalone,GRP006,direct,critical,embedded_type,present,yes,first_person,I,declarative,,,ellsa_pres_neg_1p_base,636,1,I don't think so.,I don't know so.
Ellipsis,Standalone,GRP006,direct,critical,embedded_type,present,yes,first_person,I,declarative,,,ellsa_pres_neg_1p_base,637,1,I don't know.,I don't think.
Ellipsis,Standalone,GRP006,direct,critical,matrix_verb,present,yes,first_person,I,declarative,,,ellsa_pres_neg_1p_base,638,1,I don't think so.,I don't think.
Ellipsis,Standalone,GRP006,direct,critical,matrix_verb,present,yes,first_person,I,declarative,,,ellsa_pres_neg_1p_base,639,1,I don't know.,I don't know so.
Ellipsis,Standalone,GRP006,direct,critical,embedded_type,past,no,first_person,I,declarative,,,ellsa_past_aff_1p_base,640,1,I thought so.,I knew so.
Ellipsis,Standalone,GRP006,direct,critical,embedded_type,past,no,first_person,I,declarative,,,ellsa_past_aff_1p_base,641,1,I knew.,I thought.
Ellipsis,Standalone,GRP006,direct,critical,matrix_verb,past,no,first_person,I,declarative,,,ellsa_past_aff_1p_base,642,1,I thought so.,I thought.
Ellipsis,Standalone,GRP006,direct,critical,matrix_verb,past,no,first_person,I,declarative,,,ellsa_past_aff_1p_base,643,1,I knew.,I knew so.
Ellipsis,Standalone,GRP006,direct,critical,embedded_type,past,yes,first_person,I,declarative,,,ellsa_past_neg_1p_base,644,1,I didn't think so.,I didn't know so.
Ellipsis,Standalone,GRP006,direct,critical,embedded_type,past,yes,first_person,I,declarative,,,ellsa_past_neg_1p_base,645,1,I didn't know.,I didn't think.
Ellipsis,Standalone,GRP006,direct,critical,matrix_verb,past,yes,first_person,I,declarative,,,ellsa_past_neg_1p_base,646,1,I didn't think so.,I didn't think.
Ellipsis,Standalone,GRP006,direct,critical,matrix_verb,past,yes,first_person,I,declarative,,,ellsa_past_neg_1p_base,647,1,I didn't know.,I didn't know so.
Ellipsis,Standalone,GRP006,direct,critical,embedded_type,present,no,third_person,John,declarative,,,ellsa_pres_aff_3p_base,648,1,John thinks so.,John knows so.
Ellipsis,Standalone,GRP006,direct,critical,embedded_type,present,no,third_person,John,declarative,,,ellsa_pres_aff_3p_base,649,1,John knows.,John thinks.
Ellipsis,Standalone,GRP006,direct,critical,matrix_verb,present,no,third_person,John,declarative,,,ellsa_pres_aff_3p_base,650,1,John thinks so.,John thinks.
Ellipsis,Standalone,GRP006,direct,critical,matrix_verb,present,no,third_person,John,declarative,,,ellsa_pres_aff_3p_base,651,1,John knows.,John knows so.
Ellipsis,Standalone,GRP006,direct,critical,embedded_type,present,no,third_person,they,declarative,,,ellsa_pres_aff_3p_variant_1,652,1,They think so.,They know so.
Ellipsis,Standalone,GRP006,direct,critical,embedded_type,present,no,third_person,they,declarative,,,ellsa_pres_aff_3p_variant_1,653,1,They know.,They think.
Ellipsis,Standalone,GRP006,direct,critical,matrix_verb,present,no,third_person,they,declarative,,,ellsa_pres_aff_3p_variant_1,654,1,They think so.,They think.
Ellipsis,Standalone,GRP006,direct,critical,matrix_verb,present,no,third_person,they,declarative,,,ellsa_pres_aff_3p_variant_1,655,1,They know.,They know so.
Ellipsis,Standalone,GRP006,direct,critical,embedded_type,present,no,third_person,Sarah,declarative,,,ellsa_pres_aff_3p_variant_2,656,1,Sarah thinks so.,Sarah knows so.
Ellipsis,Standalone,GRP006,direct,critical,embedded_type,present,no,third_person,Sarah,declarative,,,ellsa_pres_aff_3p_variant_2,657,1,Sarah knows.,Sarah thinks.
Ellipsis,Standalone,GRP006,direct,critical,matrix_verb,present,no,third_person,Sarah,declarative,,,ellsa_pres_aff_3p_variant_2,658,1,Sarah thinks so.,Sarah thinks.
Ellipsis,Standalone,GRP006,direct,critical,matrix_verb,present,no,third_person,Sarah,declarative,,,ellsa_pres_aff_3p_variant_2,659,1,Sarah knows.,Sarah knows so.
Ellipsis,Standalone,GRP006,direct,critical,embedded_type,present,yes,third_person,John,declarative,,,ellsa_pres_neg_3p_base,660,1,John doesn't think so.,John doesn't know so.
Ellipsis,Standalone,GRP006,direct,critical,embedded_type,present,yes,third_person,John,declarative,,,ellsa_pres_neg_3p_base,661,1,John doesn't know.,John doesn't think.
Ellipsis,Standalone,GRP006,direct,critical,matrix_verb,present,yes,third_person,John,declarative,,,ellsa_pres_neg_3p_base,662,1,John doesn't think so.,John doesn't think.
Ellipsis,Standalone,GRP006,direct,critical,matrix_verb,present,yes,third_person,John,declarative,,,ellsa_pres_neg_3p_base,663,1,John doesn't know.,John doesn't know so.
Ellipsis,Standalone,GRP006,direct,critical,embedded_type,present,yes,third_person,Jane,declarative,,,ellsa_pres_neg_3p_variant_1,664,1,Jane doesn't think so.,Jane doesn't know so.
Ellipsis,Standalone,GRP006,direct,critical,embedded_type,present,yes,third_person,Jane,declarative,,,ellsa_pres_neg_3p_variant_1,665,1,Jane doesn't know.,Jane doesn't think.
Ellipsis,Standalone,GRP006,direct,critical,matrix_verb,present,yes,third_person,Jane,declarative,,,ellsa_pres_neg_3p_variant_1,666,1,Jane doesn't think so.,Jane doesn't think.
Ellipsis,Standalone,GRP006,direct,critical,matrix_verb,present,yes,third_person,Jane,declarative,,,ellsa_pres_neg_3p_variant_1,667,1,Jane doesn't know.,Jane doesn't know so.
Ellipsis,Standalone,GRP006,direct,critical,embedded_type,present,yes,third_person,Sarah,declarative,,,ellsa_pres_neg_3p_variant_2,668,1,Sarah doesn't think so.,Sarah doesn't know so.
Ellipsis,Standalone,GRP006,direct,critical,embedded_type,present,yes,third_person,Sarah,declarative,,,ellsa_pres_neg_3p_variant_2,669,1,Sarah doesn't know.,Sarah doesn't think.
Ellipsis,Standalone,GRP006,direct,critical,matrix_verb,present,yes,third_person,Sarah,declarative,,,ellsa_pres_neg_3p_variant_2,670,1,Sarah doesn't think so.,Sarah doesn't think.
Ellipsis,Standalone,GRP006,direct,critical,matrix_verb,present,yes,third_person,Sarah,declarative,,,ellsa_pres_neg_3p_variant_2,671,1,Sarah doesn't know.,Sarah doesn't know so.
Ellipsis,Standalone,GRP006,direct,critical,embedded_type,past,no,third_person,John,declarative,,,ellsa_past_aff_3p_base,672,1,John thought so.,John knew so.
Ellipsis,Standalone,GRP006,direct,critical,embedded_type,past,no,third_person,John,declarative,,,ellsa_past_aff_3p_base,673,1,John knew.,John thought.
Ellipsis,Standalone,GRP006,direct,critical,matrix_verb,past,no,third_person,John,declarative,,,ellsa_past_aff_3p_base,674,1,John thought so.,John thought.
Ellipsis,Standalone,GRP006,direct,critical,matrix_verb,past,no,third_person,John,declarative,,,ellsa_past_aff_3p_base,675,1,John knew.,John knew so.
Ellipsis,Standalone,GRP006,direct,critical,embedded_type,past,no,third_person,she,declarative,,,ellsa_past_aff_3p_variant_1,676,1,She thought so.,She knew so.
Ellipsis,Standalone,GRP006,direct,critical,embedded_type,past,no,third_person,she,declarative,,,ellsa_past_aff_3p_variant_1,677,1,She knew.,She thought.
Ellipsis,Standalone,GRP006,direct,critical,matrix_verb,past,no,third_person,she,declarative,,,ellsa_past_aff_3p_variant_1,678,1,She thought so.,She thought.
Ellipsis,Standalone,GRP006,direct,critical,matrix_verb,past,no,third_person,she,declarative,,,ellsa_past_aff_3p_variant_1,679,1,She knew.,She knew so.
Ellipsis,Standalone,GRP006,direct,critical,embedded_type,past,no,third_person,Olivia,declarative,,,ellsa_past_aff_3p_variant_2,680,1,Olivia thought so.,Olivia knew so.
Ellipsis,Standalone,GRP006,direct,critical,embedded_type,past,no,third_person,Olivia,declarative,,,ellsa_past_aff_3p_variant_2,681,1,Olivia knew.,Olivia thought.
Ellipsis,Standalone,GRP006,direct,critical,matrix_verb,past,no,third_person,Olivia,declarative,,,ellsa_past_aff_3p_variant_2,682,1,Olivia thought so.,Olivia thought.
Ellipsis,Standalone,GRP006,direct,critical,matrix_verb,past,no,third_person,Olivia,declarative,,,ellsa_past_aff_3p_variant_2,683,1,Olivia knew.,Olivia knew so.
Ellipsis,Standalone,GRP006,direct,critical,embedded_type,past,yes,third_person,John,declarative,,,ellsa_past_neg_3p_base,684,1,John didn't think so.,John didn't know so.
Ellipsis,Standalone,GRP006,direct,critical,embedded_type,past,yes,third_person,John,declarative,,,ellsa_past_neg_3p_base,685,1,John didn't know.,John didn't think.
Ellipsis,Standalone,GRP006,direct,critical,matrix_verb,past,yes,third_person,John,declarative,,,ellsa_past_neg_3p_base,686,1,John didn't think so.,John didn't think.
Ellipsis,Standalone,GRP006,direct,critical,matrix_verb,past,yes,third_person,John,declarative,,,ellsa_past_neg_3p_base,687,1,John didn't know.,John didn't know so.
Ellipsis,Standalone,GRP006,direct,critical,embedded_type,past,yes,third_person,Christopher,declarative,,,ellsa_past_neg_3p_variant_1,688,1,Christopher didn't think so.,Christopher didn't know so.
Ellipsis,Standalone,GRP006,direct,critical,embedded_type,past,yes,third_person,Christopher,declarative,,,ellsa_past_neg_3p_variant_1,689,1,Christopher didn't know.,Christopher didn't think.
Ellipsis,Standalone,GRP006,direct,critical,matrix_verb,past,yes,third_person,Christopher,declarative,,,ellsa_past_neg_3p_variant_1,690,1,Christopher didn't think so.,Christopher didn't think.
Ellipsis,Standalone,GRP006,direct,critical,matrix_verb,past,yes,third_person,Christopher,declarative,,,ellsa_past_neg_3p_variant_1,691,1,Christopher didn't know.,Christopher didn't know so.
Ellipsis,Standalone,GRP006,direct,critical,embedded_type,past,yes,third_person,the student,declarative,,,ellsa_past_neg_3p_variant_2,692,1,The student didn't think so.,The student didn't know so.
Ellipsis,Standalone,GRP006,direct,critical,embedded_type,past,yes,third_person,the student,declarative,,,ellsa_past_neg_3p_variant_2,693,1,The student didn't know.,The student didn't think.
Ellipsis,Standalone,GRP006,direct,critical,matrix_verb,past,yes,third_person,the student,declarative,,,ellsa_past_neg_3p_variant_2,694,1,The student didn't think so.,The student didn't think.
Ellipsis,Standalone,GRP006,direct,critical,matrix_verb,past,yes,third_person,the student,declarative,,,ellsa_past_neg_3p_variant_2,695,1,The student didn't know.,The student didn't know so.
Ellipsis,Response to polar Q,GRP007,differences,critical,negation,present,no,first_person,I,declarative,,,ellpolq_base,696,1,A: Is it raining outside? B: I think so.,A: Is it raining outside? B: I know.
Ellipsis,Response to polar Q,GRP007,differences,critical,negation,present,no,first_person,I,declarative,,,ellpolq_base,696,2,A: Is it raining outside? B: I don’t think so.,A: Is it raining outside? B: I don’t know.
Ellipsis,Response to polar Q,GRP007,differences,critical,matrix_verb,present,no,first_person,I,declarative,,,ellpolq_base,697,1,A: Is it raining outside? B: I don’t know.,A: Is it raining outside? B: I know.
Ellipsis,Response to polar Q,GRP007,differences,critical,matrix_verb,present,no,first_person,I,declarative,,,ellpolq_base,697,2,A: Is it raining outside? B: I think so.,A: Is it raining outside? B: I don’t think so.
Ellipsis,Response to polar Q,GRP007,differences,critical,negation,present,no,first_person,I,declarative,,,ellpolq_variant_1,698,1,A: Is it snowing outside? B: I think so.,A: Is it snowing outside? B: I know.
Ellipsis,Response to polar Q,GRP007,differences,critical,negation,present,no,first_person,I,declarative,,,ellpolq_variant_1,698,2,A: Is it snowing outside? B: I don’t think so.,A: Is it snowing outside? B: I don’t know.
Ellipsis,Response to polar Q,GRP007,differences,critical,matrix_verb,present,no,first_person,I,declarative,,,ellpolq_variant_1,699,1,A: Is it snowing outside? B: I don’t know.,A: Is it snowing outside? B: I know.
Ellipsis,Response to polar Q,GRP007,differences,critical,matrix_verb,present,no,first_person,I,declarative,,,ellpolq_variant_1,699,2,A: Is it snowing outside? B: I think so.,A: Is it snowing outside? B: I don’t think so.
Ellipsis,Response to polar Q,GRP007,differences,critical,negation,present,no,first_person,I,declarative,,,ellpolq_variant_2,700,1,A: Is it sunny outside? B: I think so.,A: Is it sunny outside? B: I know.
Ellipsis,Response to polar Q,GRP007,differences,critical,negation,present,no,first_person,I,declarative,,,ellpolq_variant_2,700,2,A: Is it sunny outside? B: I don’t think so.,A: Is it sunny outside? B: I don’t know.
Ellipsis,Response to polar Q,GRP007,differences,critical,matrix_verb,present,no,first_person,I,declarative,,,ellpolq_variant_2,701,1,A: Is it sunny outside? B: I don’t know.,A: Is it sunny outside? B: I know.
Ellipsis,Response to polar Q,GRP007,differences,critical,matrix_verb,present,no,first_person,I,declarative,,,ellpolq_variant_2,701,2,A: Is it sunny outside? B: I think so.,A: Is it sunny outside? B: I don’t think so.
Ellipsis,Response to wh Q,GRP008,differences,critical,negation,present,no,first_person,I,declarative,,,ellwhq_base,702,1,A: Where are my keys? B: I don’t know.,A: Where are my keys? B: I don’t think so.
Ellipsis,Response to wh Q,GRP008,differences,critical,negation,present,no,first_person,I,declarative,,,ellwhq_base,702,2,A: Where are my keys? B: I think so.,A: Where are my keys? B: I know.
Ellipsis,Response to wh Q,GRP008,differences,critical,matrix_verb,present,no,first_person,I,declarative,,,ellwhq_base,703,1,A: Where are my keys? B: I don’t know.,A: Where are my keys? B: I know.
Ellipsis,Response to wh Q,GRP008,differences,critical,matrix_verb,present,no,first_person,I,declarative,,,ellwhq_base,703,2,A: Where are my keys? B: I think so.,A: Where are my keys? B: I don’t think so.
Ellipsis,Response to wh Q,GRP008,differences,critical,negation,present,no,first_person,I,declarative,,,ellwhq_variant_1,704,1,A: Where did Mary hide Sarah's documents? B: I don’t know.,A: Where did Mary hide Sarah's documents? B: I don’t think so.
Ellipsis,Response to wh Q,GRP008,differences,critical,negation,present,no,first_person,I,declarative,,,ellwhq_variant_1,704,2,A: Where did Mary hide Sarah's documents? B: I think so.,A: Where did Mary hide Sarah's documents? B: I know.
Ellipsis,Response to wh Q,GRP008,differences,critical,matrix_verb,present,no,first_person,I,declarative,,,ellwhq_variant_1,705,1,A: Where did Mary hide Sarah's documents? B: I don’t know.,A: Where did Mary hide Sarah's documents? B: I know.
Ellipsis,Response to wh Q,GRP008,differences,critical,matrix_verb,present,no,first_person,I,declarative,,,ellwhq_variant_1,705,2,A: Where did Mary hide Sarah's documents? B: I think so.,A: Where did Mary hide Sarah's documents? B: I don’t think so.
Ellipsis,Response to wh Q,GRP008,differences,critical,negation,present,no,first_person,I,declarative,,,ellwhq_variant_2,706,1,A: Where did the woman hide the files? B: I don’t know.,A: Where did the woman hide the files? B: I don’t think so.
Ellipsis,Response to wh Q,GRP008,differences,critical,negation,present,no,first_person,I,declarative,,,ellwhq_variant_2,706,2,A: Where did the woman hide the files? B: I think so.,A: Where did the woman hide the files? B: I know.
Ellipsis,Response to wh Q,GRP008,differences,critical,matrix_verb,present,no,first_person,I,declarative,,,ellwhq_variant_2,707,1,A: Where did the woman hide the files? B: I don’t know.,A: Where did the woman hide the files? B: I know.
Ellipsis,Response to wh Q,GRP008,differences,critical,matrix_verb,present,no,first_person,I,declarative,,,ellwhq_variant_2,707,2,A: Where did the woman hide the files? B: I think so.,A: Where did the woman hide the files? B: I don’t think so.
Ellipsis,Response to declarative,GRP009,direct,critical,negation,present,no,first_person,I,declarative,,,elldecl_base,708,1,A: It is raining. B: I know.,A: It is raining. B: I think so.
Ellipsis,Response to declarative,GRP009,direct,critical,negation,present,no,first_person,I,declarative,,,elldecl_base,709,1,A: It is raining. B: I don't think so.,A: It is raining. B: I don't know.
Ellipsis,Response to declarative,GRP009,direct,critical,matrix_verb,present,no,first_person,I,declarative,,,elldecl_base,710,1,A: It is raining. B: I don't think so.,A: It is raining. B: I think so.
Ellipsis,Response to declarative,GRP009,direct,critical,matrix_verb,present,no,first_person,I,declarative,,,elldecl_base,711,1,A: It is raining. B: I know.,A: It is raining. B: I don't know.
Ellipsis,Response to declarative,GRP009,direct,critical,negation,present,no,first_person,I,declarative,,,elldecl_variant_1,712,1,A: It is sunny. B: I know.,A: It is sunny. B: I think so.
Ellipsis,Response to declarative,GRP009,direct,critical,negation,present,no,first_person,I,declarative,,,elldecl_variant_1,713,1,A: It is sunny. B: I don't think so.,A: It is sunny. B: I don't know.
Ellipsis,Response to declarative,GRP009,direct,critical,matrix_verb,present,no,first_person,I,declarative,,,elldecl_variant_1,714,1,A: It is sunny. B: I don't think so.,A: It is sunny. B: I think so.
Ellipsis,Response to declarative,GRP009,direct,critical,matrix_verb,present,no,first_person,I,declarative,,,elldecl_variant_1,715,1,A: It is sunny. B: I know.,A: It is sunny. B: I don't know.
Ellipsis,Response to declarative,GRP009,direct,critical,negation,present,no,first_person,I,declarative,,,elldecl_variant_2,716,1,A: The message is false. B: I know.,A: The message is false. B: I think so.
Ellipsis,Response to declarative,GRP009,direct,critical,negation,present,no,first_person,I,declarative,,,elldecl_variant_2,717,1,A: The message is false. B: I don't think so.,A: The message is false. B: I don't know.
Ellipsis,Response to declarative,GRP009,direct,critical,matrix_verb,present,no,first_person,I,declarative,,,elldecl_variant_2,718,1,A: The message is false. B: I don't think so.,A: The message is false. B: I think so.
Ellipsis,Response to declarative,GRP009,direct,critical,matrix_verb,present,no,first_person,I,declarative,,,elldecl_variant_2,719,1,A: The message is false. B: I know.,A: The message is false. B: I don't know.
Parenthetical,Slifting,GRP010,direct,critical,matrix_subj_category,present,no,first_person,I,declarative,,,slift_base,720,1,"It's raining, I think.","It's raining, I know."
Parenthetical,Slifting,GRP010,direct,critical,matrix_subj_category,present,no,first_person,I,declarative,,,slift_base,721,1,"It's raining, you know.","It's raining, you think."
Parenthetical,Slifting,GRP010,direct,critical,matrix_verb,present,no,first_person,I,declarative,,,slift_base,722,1,"It's raining, I think.","It's raining, you think."
Parenthetical,Slifting,GRP010,direct,critical,matrix_verb,present,no,first_person,I,declarative,,,slift_base,723,1,"It's raining, you know.","It's raining, I know."
Parenthetical,Slifting,GRP010,direct,critical,matrix_subj_category,present,no,first_person,I,declarative,,,slift_variant_1,724,1,"It's snowing, I think.","It's snowing, I know."
Parenthetical,Slifting,GRP010,direct,critical,matrix_subj_category,present,no,first_person,I,declarative,,,slift_variant_1,725,1,"It's snowing, you know.","It's snowing, you think."
Parenthetical,Slifting,GRP010,direct,critical,matrix_verb,present,no,first_person,I,declarative,,,slift_variant_1,726,1,"It's snowing, I think.","It's snowing, you think."
Parenthetical,Slifting,GRP010,direct,critical,matrix_verb,present,no,first_person,I,declarative,,,slift_variant_1,727,1,"It's snowing, you know.","It's snowing, I know."
Parenthetical,Slifting,GRP010,direct,critical,matrix_subj_category,present,no,first_person,I,declarative,,,slift_variant_2,728,1,"It's sunny, I think.","It's sunny, I know."
Parenthetical,Slifting,GRP010,direct,critical,matrix_subj_category,present,no,first_person,I,declarative,,,slift_variant_2,729,1,"It's sunny, you know.","It's sunny, you think."
Parenthetical,Slifting,GRP010,direct,critical,matrix_verb,present,no,first_person,I,declarative,,,slift_variant_2,730,1,"It's sunny, I think.","It's sunny, you think."
Parenthetical,Slifting,GRP010,direct,critical,matrix_verb,present,no,first_person,I,declarative,,,slift_variant_2,731,1,"It's sunny, you know.","It's sunny, I know."
