sent_id,group_id,item_in_set,category,phenomenon,subtype,paradigm,condition,tense,negation,matrix_subj_category,matrix_subj,matrix_type,matrix_verb,embedded_type,complementizer,preposition,grammaticality,sentence,unique_id,variant_id,notes
1,GRP001,sent1,syntax,CP + Q,,single_sentence,critical,present,no,third_person,John,declarative,think,declarative,that,NA,grammatical,John thinks that it is raining.,cpq_pres_aff_3p_decl_that_base,base,
2,GRP001,sent2,syntax,CP + Q,,single_sentence,critical,present,no,third_person,John,declarative,think,interrogative,whether,NA,ungrammatical,John thinks whether it is raining.,cpq_pres_aff_3p_decl_that_base,base,
3,GRP001,sent3,syntax,CP + Q,,single_sentence,critical,present,no,third_person,John,declarative,know,declarative,that,NA,grammatical,John knows that it is raining.,cpq_pres_aff_3p_decl_that_base,base,
4,GRP001,sent4,syntax,CP + Q,,single_sentence,critical,present,no,third_person,John,declarative,know,interrogative,whether,NA,grammatical,John knows whether it is raining.,cpq_pres_aff_3p_decl_that_base,base,
5,GRP001,sent5,syntax,CP + Q,,single_sentence,control,present,no,third_person,John,declarative,wonder,declarative,that,NA,ungrammatical,John wonders that it is raining.,cpq_pres_aff_3p_decl_that_base,base,to make sure that it's not an overall perference for declarative CP
6,GRP001,sent6,syntax,CP + Q,,single_sentence,control,present,no,third_person,John,declarative,wonder,interrogative,whether,NA,grammatical,John wonders whether it is raining.,cpq_pres_aff_3p_decl_that_base,base,
7,GRP001,sent1,syntax,CP + Q,,single_sentence,critical,present,no,third_person,Christopher,declarative,think,declarative,that,NA,grammatical,Christopher thinks that it is raining.,cpq_pres_aff_3p_decl_that_variant_1,variant_1,
8,GRP001,sent2,syntax,CP + Q,,single_sentence,critical,present,no,third_person,Christopher,declarative,think,interrogative,whether,NA,ungrammatical,Christopher thinks whether it is raining.,cpq_pres_aff_3p_decl_that_variant_1,variant_1,
9,GRP001,sent3,syntax,CP + Q,,single_sentence,critical,present,no,third_person,Christopher,declarative,know,declarative,that,NA,grammatical,Christopher knows that it is raining.,cpq_pres_aff_3p_decl_that_variant_1,variant_1,
10,GRP001,sent4,syntax,CP + Q,,single_sentence,critical,present,no,third_person,Christopher,declarative,know,interrogative,whether,NA,grammatical,Christopher knows whether it is raining.,cpq_pres_aff_3p_decl_that_variant_1,variant_1,
11,GRP001,sent5,syntax,CP + Q,,single_sentence,control,present,no,third_person,Christopher,declarative,wonder,declarative,that,NA,ungrammatical,Christopher wonders that it is raining.,cpq_pres_aff_3p_decl_that_variant_1,variant_1,to make sure that it's not an overall perference for declarative CP
12,GRP001,sent6,syntax,CP + Q,,single_sentence,control,present,no,third_person,Christopher,declarative,wonder,interrogative,whether,NA,grammatical,Christopher wonders whether it is raining.,cpq_pres_aff_3p_decl_that_variant_1,variant_1,
13,GRP001,sent1,syntax,CP + Q,,single_sentence,critical,present,no,third_person,the teacher,declarative,think,declarative,that,NA,grammatical,The teacher thinks that it is raining.,cpq_pres_aff_3p_decl_that_variant_2,variant_2,
14,GRP001,sent2,syntax,CP + Q,,single_sentence,critical,present,no,third_person,the teacher,declarative,think,interrogative,whether,NA,ungrammatical,The teacher thinks whether it is raining.,cpq_pres_aff_3p_decl_that_variant_2,variant_2,
15,GRP001,sent3,syntax,CP + Q,,single_sentence,critical,present,no,third_person,the teacher,declarative,know,declarative,that,NA,grammatical,The teacher knows that it is raining.,cpq_pres_aff_3p_decl_that_variant_2,variant_2,
16,GRP001,sent4,syntax,CP + Q,,single_sentence,critical,present,no,third_person,the teacher,declarative,know,interrogative,whether,NA,grammatical,The teacher knows whether it is raining.,cpq_pres_aff_3p_decl_that_variant_2,variant_2,
17,GRP001,sent5,syntax,CP + Q,,single_sentence,control,present,no,third_person,the teacher,declarative,wonder,declarative,that,NA,ungrammatical,The teacher wonders that it is raining.,cpq_pres_aff_3p_decl_that_variant_2,variant_2,to make sure that it's not an overall perference for declarative CP
18,GRP001,sent6,syntax,CP + Q,,single_sentence,control,present,no,third_person,the teacher,declarative,wonder,interrogative,whether,NA,grammatical,The teacher wonders whether it is raining.,cpq_pres_aff_3p_decl_that_variant_2,variant_2,
19,GRP001,sent1,syntax,CP + Q,,single_sentence,critical,present,yes,third_person,John,declarative,think,declarative,that,NA,grammatical,John doesn't think that it is raining.,cpq_pres_neg_3p_decl_that_base,base,
20,GRP001,sent2,syntax,CP + Q,,single_sentence,critical,present,yes,third_person,John,declarative,think,interrogative,whether,NA,ungrammatical,John doesn't think whether it is raining.,cpq_pres_neg_3p_decl_that_base,base,
21,GRP001,sent3,syntax,CP + Q,,single_sentence,critical,present,yes,third_person,John,declarative,know,declarative,that,NA,grammatical,John doesn't know that it is raining.,cpq_pres_neg_3p_decl_that_base,base,
22,GRP001,sent4,syntax,CP + Q,,single_sentence,critical,present,yes,third_person,John,declarative,know,interrogative,whether,NA,grammatical,John doesn't know whether it is raining.,cpq_pres_neg_3p_decl_that_base,base,
23,GRP001,sent5,syntax,CP + Q,,single_sentence,control,present,yes,third_person,John,declarative,wonder,declarative,that,NA,ungrammatical,John doesn't wonder that it is raining.,cpq_pres_neg_3p_decl_that_base,base,to make sure that it's not an overall perference for declarative CP
24,GRP001,sent6,syntax,CP + Q,,single_sentence,control,present,yes,third_person,John,declarative,wonder,interrogative,whether,NA,grammatical,John doesn't wonder whether it is raining.,cpq_pres_neg_3p_decl_that_base,base,
25,GRP001,sent1,syntax,CP + Q,,single_sentence,critical,present,yes,third_person,they,declarative,think,declarative,that,NA,grammatical,They don't think that it is snowing.,cpq_pres_neg_3p_decl_that_variant_1,variant_1,
26,GRP001,sent2,syntax,CP + Q,,single_sentence,critical,present,yes,third_person,they,declarative,think,interrogative,whether,NA,ungrammatical,They don't think whether it is snowing.,cpq_pres_neg_3p_decl_that_variant_1,variant_1,
27,GRP001,sent3,syntax,CP + Q,,single_sentence,critical,present,yes,third_person,they,declarative,know,declarative,that,NA,grammatical,They don't know that it is snowing.,cpq_pres_neg_3p_decl_that_variant_1,variant_1,
28,GRP001,sent4,syntax,CP + Q,,single_sentence,critical,present,yes,third_person,they,declarative,know,interrogative,whether,NA,grammatical,They don't know whether it is snowing.,cpq_pres_neg_3p_decl_that_variant_1,variant_1,
29,GRP001,sent5,syntax,CP + Q,,single_sentence,control,present,yes,third_person,they,declarative,wonder,declarative,that,NA,ungrammatical,They don't wonder that it is snowing.,cpq_pres_neg_3p_decl_that_variant_1,variant_1,to make sure that it's not an overall perference for declarative CP
30,GRP001,sent6,syntax,CP + Q,,single_sentence,control,present,yes,third_person,they,declarative,wonder,interrogative,whether,NA,grammatical,They don't wonder whether it is snowing.,cpq_pres_neg_3p_decl_that_variant_1,variant_1,
31,GRP001,sent1,syntax,CP + Q,,single_sentence,critical,present,yes,third_person,they,declarative,think,declarative,that,NA,grammatical,They don't think that the vase broke.,cpq_pres_neg_3p_decl_that_variant_2,variant_2,
32,GRP001,sent2,syntax,CP + Q,,single_sentence,critical,present,yes,third_person,they,declarative,think,interrogative,whether,NA,ungrammatical,They don't think whether the vase broke.,cpq_pres_neg_3p_decl_that_variant_2,variant_2,
33,GRP001,sent3,syntax,CP + Q,,single_sentence,critical,present,yes,third_person,they,declarative,know,declarative,that,NA,grammatical,They don't know that the vase broke.,cpq_pres_neg_3p_decl_that_variant_2,variant_2,
34,GRP001,sent4,syntax,CP + Q,,single_sentence,critical,present,yes,third_person,they,declarative,know,interrogative,whether,NA,grammatical,They don't know whether the vase broke.,cpq_pres_neg_3p_decl_that_variant_2,variant_2,
35,GRP001,sent5,syntax,CP + Q,,single_sentence,control,present,yes,third_person,they,declarative,wonder,declarative,that,NA,ungrammatical,They don't wonder that the vase broke.,cpq_pres_neg_3p_decl_that_variant_2,variant_2,to make sure that it's not an overall perference for declarative CP
36,GRP001,sent6,syntax,CP + Q,,single_sentence,control,present,yes,third_person,they,declarative,wonder,interrogative,whether,NA,grammatical,They don't wonder whether the vase broke.,cpq_pres_neg_3p_decl_that_variant_2,variant_2,
37,GRP001,sent1,syntax,CP + Q,,single_sentence,critical,past,no,third_person,John,declarative,think,declarative,that,NA,grammatical,John thought that it was raining.,cpq_past_aff_3p_decl_that_base,base,
38,GRP001,sent2,syntax,CP + Q,,single_sentence,critical,past,no,third_person,John,declarative,think,interrogative,whether,NA,ungrammatical,John thought whether it was raining.,cpq_past_aff_3p_decl_that_base,base,
39,GRP001,sent3,syntax,CP + Q,,single_sentence,critical,past,no,third_person,John,declarative,know,declarative,that,NA,grammatical,John knew that it was raining.,cpq_past_aff_3p_decl_that_base,base,
40,GRP001,sent4,syntax,CP + Q,,single_sentence,critical,past,no,third_person,John,declarative,know,interrogative,whether,NA,grammatical,John knew whether it was raining.,cpq_past_aff_3p_decl_that_base,base,
41,GRP001,sent5,syntax,CP + Q,,single_sentence,control,past,no,third_person,John,declarative,wonder,declarative,that,NA,ungrammatical,John wondered that it was raining.,cpq_past_aff_3p_decl_that_base,base,to make sure that it's not an overall perference for declarative CP
42,GRP001,sent6,syntax,CP + Q,,single_sentence,control,past,no,third_person,John,declarative,wonder,interrogative,whether,NA,grammatical,John wondered whether it was raining.,cpq_past_aff_3p_decl_that_base,base,
43,GRP001,sent1,syntax,CP + Q,,single_sentence,critical,past,no,third_person,the doctor,declarative,think,declarative,that,NA,grammatical,The doctor thought that the glass broke.,cpq_past_aff_3p_decl_that_variant_1,variant_1,
44,GRP001,sent2,syntax,CP + Q,,single_sentence,critical,past,no,third_person,the doctor,declarative,think,interrogative,whether,NA,ungrammatical,The doctor thought whether the glass broke.,cpq_past_aff_3p_decl_that_variant_1,variant_1,
45,GRP001,sent3,syntax,CP + Q,,single_sentence,critical,past,no,third_person,the doctor,declarative,know,declarative,that,NA,grammatical,The doctor knew that the glass broke.,cpq_past_aff_3p_decl_that_variant_1,variant_1,
46,GRP001,sent4,syntax,CP + Q,,single_sentence,critical,past,no,third_person,the doctor,declarative,know,interrogative,whether,NA,grammatical,The doctor knew whether the glass broke.,cpq_past_aff_3p_decl_that_variant_1,variant_1,
47,GRP001,sent5,syntax,CP + Q,,single_sentence,control,past,no,third_person,the doctor,declarative,wonder,declarative,that,NA,ungrammatical,The doctor wondered that the glass broke.,cpq_past_aff_3p_decl_that_variant_1,variant_1,to make sure that it's not an overall perference for declarative CP
48,GRP001,sent6,syntax,CP + Q,,single_sentence,control,past,no,third_person,the doctor,declarative,wonder,interrogative,whether,NA,grammatical,The doctor wondered whether the glass broke.,cpq_past_aff_3p_decl_that_variant_1,variant_1,
49,GRP001,sent1,syntax,CP + Q,,single_sentence,critical,past,no,third_person,he,declarative,think,declarative,that,NA,grammatical,He thought that it was raining.,cpq_past_aff_3p_decl_that_variant_2,variant_2,
50,GRP001,sent2,syntax,CP + Q,,single_sentence,critical,past,no,third_person,he,declarative,think,interrogative,whether,NA,ungrammatical,He thought whether it was raining.,cpq_past_aff_3p_decl_that_variant_2,variant_2,
51,GRP001,sent3,syntax,CP + Q,,single_sentence,critical,past,no,third_person,he,declarative,know,declarative,that,NA,grammatical,He knew that it was raining.,cpq_past_aff_3p_decl_that_variant_2,variant_2,
52,GRP001,sent4,syntax,CP + Q,,single_sentence,critical,past,no,third_person,he,declarative,know,interrogative,whether,NA,grammatical,He knew whether it was raining.,cpq_past_aff_3p_decl_that_variant_2,variant_2,
53,GRP001,sent5,syntax,CP + Q,,single_sentence,control,past,no,third_person,he,declarative,wonder,declarative,that,NA,ungrammatical,He wondered that it was raining.,cpq_past_aff_3p_decl_that_variant_2,variant_2,to make sure that it's not an overall perference for declarative CP
54,GRP001,sent6,syntax,CP + Q,,single_sentence,control,past,no,third_person,he,declarative,wonder,interrogative,whether,NA,grammatical,He wondered whether it was raining.,cpq_past_aff_3p_decl_that_variant_2,variant_2,
55,GRP001,sent1,syntax,CP + Q,,single_sentence,critical,past,yes,third_person,John,declarative,think,declarative,that,NA,grammatical,John didn't think that it was raining.,cpq_past_neg_3p_decl_that_base,base,
56,GRP001,sent2,syntax,CP + Q,,single_sentence,critical,past,yes,third_person,John,declarative,think,interrogative,whether,NA,ungrammatical,John didn't think whether it was raining.,cpq_past_neg_3p_decl_that_base,base,
57,GRP001,sent3,syntax,CP + Q,,single_sentence,critical,past,yes,third_person,John,declarative,know,declarative,that,NA,grammatical,John didn't know that it was raining.,cpq_past_neg_3p_decl_that_base,base,
58,GRP001,sent4,syntax,CP + Q,,single_sentence,critical,past,yes,third_person,John,declarative,know,interrogative,whether,NA,grammatical,John didn't know whether it was raining.,cpq_past_neg_3p_decl_that_base,base,
59,GRP001,sent5,syntax,CP + Q,,single_sentence,control,past,yes,third_person,John,declarative,wonder,declarative,that,NA,ungrammatical,John didn't wonder that it was raining.,cpq_past_neg_3p_decl_that_base,base,to make sure that it's not an overall perference for declarative CP
60,GRP001,sent6,syntax,CP + Q,,single_sentence,control,past,yes,third_person,John,declarative,wonder,interrogative,whether,NA,grammatical,John didn't wonder whether it was raining.,cpq_past_neg_3p_decl_that_base,base,
61,GRP001,sent1,syntax,CP + Q,,single_sentence,critical,past,yes,third_person,he,declarative,think,declarative,that,NA,grammatical,He didn't think that it was raining.,cpq_past_neg_3p_decl_that_variant_1,variant_1,
62,GRP001,sent2,syntax,CP + Q,,single_sentence,critical,past,yes,third_person,he,declarative,think,interrogative,whether,NA,ungrammatical,He didn't think whether it was raining.,cpq_past_neg_3p_decl_that_variant_1,variant_1,
63,GRP001,sent3,syntax,CP + Q,,single_sentence,critical,past,yes,third_person,he,declarative,know,declarative,that,NA,grammatical,He didn't know that it was raining.,cpq_past_neg_3p_decl_that_variant_1,variant_1,
64,GRP001,sent4,syntax,CP + Q,,single_sentence,critical,past,yes,third_person,he,declarative,know,interrogative,whether,NA,grammatical,He didn't know whether it was raining.,cpq_past_neg_3p_decl_that_variant_1,variant_1,
65,GRP001,sent5,syntax,CP + Q,,single_sentence,control,past,yes,third_person,he,declarative,wonder,declarative,that,NA,ungrammatical,He didn't wonder that it was raining.,cpq_past_neg_3p_decl_that_variant_1,variant_1,to make sure that it's not an overall perference for declarative CP
66,GRP001,sent6,syntax,CP + Q,,single_sentence,control,past,yes,third_person,he,declarative,wonder,interrogative,whether,NA,grammatical,He didn't wonder whether it was raining.,cpq_past_neg_3p_decl_that_variant_1,variant_1,
67,GRP001,sent1,syntax,CP + Q,,single_sentence,critical,past,yes,third_person,the woman,declarative,think,declarative,that,NA,grammatical,The woman didn't think that it was sunny.,cpq_past_neg_3p_decl_that_variant_2,variant_2,
68,GRP001,sent2,syntax,CP + Q,,single_sentence,critical,past,yes,third_person,the woman,declarative,think,interrogative,whether,NA,ungrammatical,The woman didn't think whether it was sunny.,cpq_past_neg_3p_decl_that_variant_2,variant_2,
69,GRP001,sent3,syntax,CP + Q,,single_sentence,critical,past,yes,third_person,the woman,declarative,know,declarative,that,NA,grammatical,The woman didn't know that it was sunny.,cpq_past_neg_3p_decl_that_variant_2,variant_2,
70,GRP001,sent4,syntax,CP + Q,,single_sentence,critical,past,yes,third_person,the woman,declarative,know,interrogative,whether,NA,grammatical,The woman didn't know whether it was sunny.,cpq_past_neg_3p_decl_that_variant_2,variant_2,
71,GRP001,sent5,syntax,CP + Q,,single_sentence,control,past,yes,third_person,the woman,declarative,wonder,declarative,that,NA,ungrammatical,The woman didn't wonder that it was sunny.,cpq_past_neg_3p_decl_that_variant_2,variant_2,to make sure that it's not an overall perference for declarative CP
72,GRP001,sent6,syntax,CP + Q,,single_sentence,control,past,yes,third_person,the woman,declarative,wonder,interrogative,whether,NA,grammatical,The woman didn't wonder whether it was sunny.,cpq_past_neg_3p_decl_that_variant_2,variant_2,
73,GRP001,sent1,syntax,CP + Q,,single_sentence,critical,present,no,third_person,John,polar_question,think,declarative,that,NA,grammatical,Does John think that it is raining?,cpq_pres_aff_3p_pol_that_base,base,
74,GRP001,sent2,syntax,CP + Q,,single_sentence,critical,present,no,third_person,John,polar_question,think,interrogative,whether,NA,ungrammatical,Does John think whether it is raining?,cpq_pres_aff_3p_pol_that_base,base,
75,GRP001,sent3,syntax,CP + Q,,single_sentence,critical,present,no,third_person,John,polar_question,know,declarative,that,NA,grammatical,Does John know that it is raining?,cpq_pres_aff_3p_pol_that_base,base,
76,GRP001,sent4,syntax,CP + Q,,single_sentence,critical,present,no,third_person,John,polar_question,know,interrogative,whether,NA,grammatical,Does John know whether it is raining?,cpq_pres_aff_3p_pol_that_base,base,
77,GRP001,sent5,syntax,CP + Q,,single_sentence,control,present,no,third_person,John,polar_question,wonder,declarative,that,NA,ungrammatical,Does John wonder that it is raining?,cpq_pres_aff_3p_pol_that_base,base,to make sure that it's not an overall perference for declarative CP
78,GRP001,sent6,syntax,CP + Q,,single_sentence,control,present,no,third_person,John,polar_question,wonder,interrogative,whether,NA,grammatical,Does John wonder whether it is raining?,cpq_pres_aff_3p_pol_that_base,base,
79,GRP001,sent1,syntax,CP + Q,,single_sentence,critical,present,no,third_person,John,polar_question,think,declarative,that,NA,grammatical,Does John think that it is sunny?,cpq_pres_aff_3p_pol_that_variant_1,variant_1,
80,GRP001,sent2,syntax,CP + Q,,single_sentence,critical,present,no,third_person,John,polar_question,think,interrogative,whether,NA,ungrammatical,Does John think whether it is sunny?,cpq_pres_aff_3p_pol_that_variant_1,variant_1,
81,GRP001,sent3,syntax,CP + Q,,single_sentence,critical,present,no,third_person,John,polar_question,know,declarative,that,NA,grammatical,Does John know that it is sunny?,cpq_pres_aff_3p_pol_that_variant_1,variant_1,
82,GRP001,sent4,syntax,CP + Q,,single_sentence,critical,present,no,third_person,John,polar_question,know,interrogative,whether,NA,grammatical,Does John know whether it is sunny?,cpq_pres_aff_3p_pol_that_variant_1,variant_1,
83,GRP001,sent5,syntax,CP + Q,,single_sentence,control,present,no,third_person,John,polar_question,wonder,declarative,that,NA,ungrammatical,Does John wonder that it is sunny?,cpq_pres_aff_3p_pol_that_variant_1,variant_1,to make sure that it's not an overall perference for declarative CP
84,GRP001,sent6,syntax,CP + Q,,single_sentence,control,present,no,third_person,John,polar_question,wonder,interrogative,whether,NA,grammatical,Does John wonder whether it is sunny?,cpq_pres_aff_3p_pol_that_variant_1,variant_1,
85,GRP001,sent1,syntax,CP + Q,,single_sentence,critical,present,no,third_person,John,polar_question,think,declarative,that,NA,grammatical,Does John think that it is snowing?,cpq_pres_aff_3p_pol_that_variant_2,variant_2,
86,GRP001,sent2,syntax,CP + Q,,single_sentence,critical,present,no,third_person,John,polar_question,think,interrogative,whether,NA,ungrammatical,Does John think whether it is snowing?,cpq_pres_aff_3p_pol_that_variant_2,variant_2,
87,GRP001,sent3,syntax,CP + Q,,single_sentence,critical,present,no,third_person,John,polar_question,know,declarative,that,NA,grammatical,Does John know that it is snowing?,cpq_pres_aff_3p_pol_that_variant_2,variant_2,
88,GRP001,sent4,syntax,CP + Q,,single_sentence,critical,present,no,third_person,John,polar_question,know,interrogative,whether,NA,grammatical,Does John know whether it is snowing?,cpq_pres_aff_3p_pol_that_variant_2,variant_2,
89,GRP001,sent5,syntax,CP + Q,,single_sentence,control,present,no,third_person,John,polar_question,wonder,declarative,that,NA,ungrammatical,Does John wonder that it is snowing?,cpq_pres_aff_3p_pol_that_variant_2,variant_2,to make sure that it's not an overall perference for declarative CP
90,GRP001,sent6,syntax,CP + Q,,single_sentence,control,present,no,third_person,John,polar_question,wonder,interrogative,whether,NA,grammatical,Does John wonder whether it is snowing?,cpq_pres_aff_3p_pol_that_variant_2,variant_2,
91,GRP001,sent1,syntax,CP + Q,,single_sentence,critical,past,no,third_person,John,polar_question,think,declarative,that,NA,grammatical,Did John think that it was raining?,cpq_past_aff_3p_pol_that_base,base,
92,GRP001,sent2,syntax,CP + Q,,single_sentence,critical,past,no,third_person,John,polar_question,think,interrogative,whether,NA,ungrammatical,Did John think whether it was raining?,cpq_past_aff_3p_pol_that_base,base,
93,GRP001,sent3,syntax,CP + Q,,single_sentence,critical,past,no,third_person,John,polar_question,know,declarative,that,NA,grammatical,Did John know that it was raining?,cpq_past_aff_3p_pol_that_base,base,
94,GRP001,sent4,syntax,CP + Q,,single_sentence,critical,past,no,third_person,John,polar_question,know,interrogative,whether,NA,grammatical,Did John know whether it was raining?,cpq_past_aff_3p_pol_that_base,base,
95,GRP001,sent5,syntax,CP + Q,,single_sentence,control,past,no,third_person,John,polar_question,wonder,declarative,that,NA,ungrammatical,Did John wonder that it was raining?,cpq_past_aff_3p_pol_that_base,base,to make sure that it's not an overall perference for declarative CP
96,GRP001,sent6,syntax,CP + Q,,single_sentence,control,past,no,third_person,John,polar_question,wonder,interrogative,whether,NA,grammatical,Did John wonder whether it was raining?,cpq_past_aff_3p_pol_that_base,base,
97,GRP001,sent1,syntax,CP + Q,,single_sentence,critical,past,no,third_person,he,polar_question,think,declarative,that,NA,grammatical,Did he think that it was raining?,cpq_past_aff_3p_pol_that_variant_1,variant_1,
98,GRP001,sent2,syntax,CP + Q,,single_sentence,critical,past,no,third_person,he,polar_question,think,interrogative,whether,NA,ungrammatical,Did he think whether it was raining?,cpq_past_aff_3p_pol_that_variant_1,variant_1,
99,GRP001,sent3,syntax,CP + Q,,single_sentence,critical,past,no,third_person,he,polar_question,know,declarative,that,NA,grammatical,Did he know that it was raining?,cpq_past_aff_3p_pol_that_variant_1,variant_1,
100,GRP001,sent4,syntax,CP + Q,,single_sentence,critical,past,no,third_person,he,polar_question,know,interrogative,whether,NA,grammatical,Did he know whether it was raining?,cpq_past_aff_3p_pol_that_variant_1,variant_1,
101,GRP001,sent5,syntax,CP + Q,,single_sentence,control,past,no,third_person,he,polar_question,wonder,declarative,that,NA,ungrammatical,Did he wonder that it was raining?,cpq_past_aff_3p_pol_that_variant_1,variant_1,to make sure that it's not an overall perference for declarative CP
102,GRP001,sent6,syntax,CP + Q,,single_sentence,control,past,no,third_person,he,polar_question,wonder,interrogative,whether,NA,grammatical,Did he wonder whether it was raining?,cpq_past_aff_3p_pol_that_variant_1,variant_1,
103,GRP001,sent1,syntax,CP + Q,,single_sentence,critical,past,no,third_person,Mary,polar_question,think,declarative,that,NA,grammatical,Did Mary think that it was raining?,cpq_past_aff_3p_pol_that_variant_2,variant_2,
104,GRP001,sent2,syntax,CP + Q,,single_sentence,critical,past,no,third_person,Mary,polar_question,think,interrogative,whether,NA,ungrammatical,Did Mary think whether it was raining?,cpq_past_aff_3p_pol_that_variant_2,variant_2,
105,GRP001,sent3,syntax,CP + Q,,single_sentence,critical,past,no,third_person,Mary,polar_question,know,declarative,that,NA,grammatical,Did Mary know that it was raining?,cpq_past_aff_3p_pol_that_variant_2,variant_2,
106,GRP001,sent4,syntax,CP + Q,,single_sentence,critical,past,no,third_person,Mary,polar_question,know,interrogative,whether,NA,grammatical,Did Mary know whether it was raining?,cpq_past_aff_3p_pol_that_variant_2,variant_2,
107,GRP001,sent5,syntax,CP + Q,,single_sentence,control,past,no,third_person,Mary,polar_question,wonder,declarative,that,NA,ungrammatical,Did Mary wonder that it was raining?,cpq_past_aff_3p_pol_that_variant_2,variant_2,to make sure that it's not an overall perference for declarative CP
108,GRP001,sent6,syntax,CP + Q,,single_sentence,control,past,no,third_person,Mary,polar_question,wonder,interrogative,whether,NA,grammatical,Did Mary wonder whether it was raining?,cpq_past_aff_3p_pol_that_variant_2,variant_2,
109,GRP001,sent1,syntax,CP + Q,,single_sentence,critical,present,no,first_person,I,declarative,think,declarative,that,NA,grammatical,I think that it is raining.,cpq_pres_aff_1p_decl_that_base,base,
110,GRP001,sent2,syntax,CP + Q,,single_sentence,critical,present,no,first_person,I,declarative,think,interrogative,whether,NA,ungrammatical,I think whether it is raining.,cpq_pres_aff_1p_decl_that_base,base,
111,GRP001,sent3,syntax,CP + Q,,single_sentence,critical,present,no,first_person,I,declarative,know,declarative,that,NA,grammatical,I know that it is raining.,cpq_pres_aff_1p_decl_that_base,base,
112,GRP001,sent4,syntax,CP + Q,,single_sentence,critical,present,no,first_person,I,declarative,know,interrogative,whether,NA,grammatical,I know whether it is raining.,cpq_pres_aff_1p_decl_that_base,base,
113,GRP001,sent5,syntax,CP + Q,,single_sentence,control,present,no,first_person,I,declarative,wonder,declarative,that,NA,ungrammatical,I wonder that it is raining.,cpq_pres_aff_1p_decl_that_base,base,to make sure that it's not an overall perference for declarative CP
114,GRP001,sent6,syntax,CP + Q,,single_sentence,control,present,no,first_person,I,declarative,wonder,interrogative,whether,NA,grammatical,I wonder whether it is raining.,cpq_pres_aff_1p_decl_that_base,base,
115,GRP001,sent1,syntax,CP + Q,,single_sentence,critical,present,no,first_person,I,declarative,think,declarative,that,NA,grammatical,I think that it is sunny.,cpq_pres_aff_1p_decl_that_variant_1,variant_1,
116,GRP001,sent2,syntax,CP + Q,,single_sentence,critical,present,no,first_person,I,declarative,think,interrogative,whether,NA,ungrammatical,I think whether it is sunny.,cpq_pres_aff_1p_decl_that_variant_1,variant_1,
117,GRP001,sent3,syntax,CP + Q,,single_sentence,critical,present,no,first_person,I,declarative,know,declarative,that,NA,grammatical,I know that it is sunny.,cpq_pres_aff_1p_decl_that_variant_1,variant_1,
118,GRP001,sent4,syntax,CP + Q,,single_sentence,critical,present,no,first_person,I,declarative,know,interrogative,whether,NA,grammatical,I know whether it is sunny.,cpq_pres_aff_1p_decl_that_variant_1,variant_1,
119,GRP001,sent5,syntax,CP + Q,,single_sentence,control,present,no,first_person,I,declarative,wonder,declarative,that,NA,ungrammatical,I wonder that it is sunny.,cpq_pres_aff_1p_decl_that_variant_1,variant_1,to make sure that it's not an overall perference for declarative CP
120,GRP001,sent6,syntax,CP + Q,,single_sentence,control,present,no,first_person,I,declarative,wonder,interrogative,whether,NA,grammatical,I wonder whether it is sunny.,cpq_pres_aff_1p_decl_that_variant_1,variant_1,
121,GRP001,sent1,syntax,CP + Q,,single_sentence,critical,present,no,first_person,I,declarative,think,declarative,that,NA,grammatical,I think that the rumor is bad.,cpq_pres_aff_1p_decl_that_variant_2,variant_2,
122,GRP001,sent2,syntax,CP + Q,,single_sentence,critical,present,no,first_person,I,declarative,think,interrogative,whether,NA,ungrammatical,I think whether the rumor is bad.,cpq_pres_aff_1p_decl_that_variant_2,variant_2,
123,GRP001,sent3,syntax,CP + Q,,single_sentence,critical,present,no,first_person,I,declarative,know,declarative,that,NA,grammatical,I know that the rumor is bad.,cpq_pres_aff_1p_decl_that_variant_2,variant_2,
124,GRP001,sent4,syntax,CP + Q,,single_sentence,critical,present,no,first_person,I,declarative,know,interrogative,whether,NA,grammatical,I know whether the rumor is bad.,cpq_pres_aff_1p_decl_that_variant_2,variant_2,
125,GRP001,sent5,syntax,CP + Q,,single_sentence,control,present,no,first_person,I,declarative,wonder,declarative,that,NA,ungrammatical,I wonder that the rumor is bad.,cpq_pres_aff_1p_decl_that_variant_2,variant_2,to make sure that it's not an overall perference for declarative CP
126,GRP001,sent6,syntax,CP + Q,,single_sentence,control,present,no,first_person,I,declarative,wonder,interrogative,whether,NA,grammatical,I wonder whether the rumor is bad.,cpq_pres_aff_1p_decl_that_variant_2,variant_2,
127,GRP001,sent1,syntax,CP + Q,,single_sentence,critical,present,yes,first_person,I,declarative,think,declarative,that,NA,grammatical,I don't think that it is raining.,cpq_pres_neg_1p_decl_that_base,base,
128,GRP001,sent2,syntax,CP + Q,,single_sentence,critical,present,yes,first_person,I,declarative,think,interrogative,whether,NA,ungrammatical,I don't think whether it is raining.,cpq_pres_neg_1p_decl_that_base,base,
129,GRP001,sent3,syntax,CP + Q,,single_sentence,critical,present,yes,first_person,I,declarative,know,declarative,that,NA,grammatical,I don't know that it is raining.,cpq_pres_neg_1p_decl_that_base,base,
130,GRP001,sent4,syntax,CP + Q,,single_sentence,critical,present,yes,first_person,I,declarative,know,interrogative,whether,NA,grammatical,I don't know whether it is raining.,cpq_pres_neg_1p_decl_that_base,base,
131,GRP001,sent5,syntax,CP + Q,,single_sentence,control,present,yes,first_person,I,declarative,wonder,declarative,that,NA,ungrammatical,I don't wonder that it is raining.,cpq_pres_neg_1p_decl_that_base,base,to make sure that it's not an overall perference for declarative CP
132,GRP001,sent6,syntax,CP + Q,,single_sentence,control,present,yes,first_person,I,declarative,wonder,interrogative,whether,NA,grammatical,I don't wonder whether it is raining.,cpq_pres_neg_1p_decl_that_base,base,
133,GRP001,sent1,syntax,CP + Q,,single_sentence,critical,present,yes,first_person,I,declarative,think,declarative,that,NA,grammatical,I don't think that it is sunny.,cpq_pres_neg_1p_decl_that_variant_1,variant_1,
134,GRP001,sent2,syntax,CP + Q,,single_sentence,critical,present,yes,first_person,I,declarative,think,interrogative,whether,NA,ungrammatical,I don't think whether it is sunny.,cpq_pres_neg_1p_decl_that_variant_1,variant_1,
135,GRP001,sent3,syntax,CP + Q,,single_sentence,critical,present,yes,first_person,I,declarative,know,declarative,that,NA,grammatical,I don't know that it is sunny.,cpq_pres_neg_1p_decl_that_variant_1,variant_1,
136,GRP001,sent4,syntax,CP + Q,,single_sentence,critical,present,yes,first_person,I,declarative,know,interrogative,whether,NA,grammatical,I don't know whether it is sunny.,cpq_pres_neg_1p_decl_that_variant_1,variant_1,
137,GRP001,sent5,syntax,CP + Q,,single_sentence,control,present,yes,first_person,I,declarative,wonder,declarative,that,NA,ungrammatical,I don't wonder that it is sunny.,cpq_pres_neg_1p_decl_that_variant_1,variant_1,to make sure that it's not an overall perference for declarative CP
138,GRP001,sent6,syntax,CP + Q,,single_sentence,control,present,yes,first_person,I,declarative,wonder,interrogative,whether,NA,grammatical,I don't wonder whether it is sunny.,cpq_pres_neg_1p_decl_that_variant_1,variant_1,
139,GRP001,sent1,syntax,CP + Q,,single_sentence,critical,present,yes,first_person,I,declarative,think,declarative,that,NA,grammatical,I don't think that the vase shattered.,cpq_pres_neg_1p_decl_that_variant_2,variant_2,
140,GRP001,sent2,syntax,CP + Q,,single_sentence,critical,present,yes,first_person,I,declarative,think,interrogative,whether,NA,ungrammatical,I don't think whether the vase shattered.,cpq_pres_neg_1p_decl_that_variant_2,variant_2,
141,GRP001,sent3,syntax,CP + Q,,single_sentence,critical,present,yes,first_person,I,declarative,know,declarative,that,NA,grammatical,I don't know that the vase shattered.,cpq_pres_neg_1p_decl_that_variant_2,variant_2,
142,GRP001,sent4,syntax,CP + Q,,single_sentence,critical,present,yes,first_person,I,declarative,know,interrogative,whether,NA,grammatical,I don't know whether the vase shattered.,cpq_pres_neg_1p_decl_that_variant_2,variant_2,
143,GRP001,sent5,syntax,CP + Q,,single_sentence,control,present,yes,first_person,I,declarative,wonder,declarative,that,NA,ungrammatical,I don't wonder that the vase shattered.,cpq_pres_neg_1p_decl_that_variant_2,variant_2,to make sure that it's not an overall perference for declarative CP
144,GRP001,sent6,syntax,CP + Q,,single_sentence,control,present,yes,first_person,I,declarative,wonder,interrogative,whether,NA,grammatical,I don't wonder whether the vase shattered.,cpq_pres_neg_1p_decl_that_variant_2,variant_2,
145,GRP001,sent1,syntax,CP + Q,,single_sentence,critical,past,no,first_person,I,declarative,think,declarative,that,NA,grammatical,I thought that it was raining.,cpq_past_aff_1p_decl_that_base,base,
146,GRP001,sent2,syntax,CP + Q,,single_sentence,critical,past,no,first_person,I,declarative,think,interrogative,whether,NA,ungrammatical,I thought whether it was raining.,cpq_past_aff_1p_decl_that_base,base,
147,GRP001,sent3,syntax,CP + Q,,single_sentence,critical,past,no,first_person,I,declarative,know,declarative,that,NA,grammatical,I knew that it was raining.,cpq_past_aff_1p_decl_that_base,base,
148,GRP001,sent4,syntax,CP + Q,,single_sentence,critical,past,no,first_person,I,declarative,know,interrogative,whether,NA,grammatical,I knew whether it was raining.,cpq_past_aff_1p_decl_that_base,base,
149,GRP001,sent5,syntax,CP + Q,,single_sentence,control,past,no,first_person,I,declarative,wonder,declarative,that,NA,ungrammatical,I wondered that it was raining.,cpq_past_aff_1p_decl_that_base,base,to make sure that it's not an overall perference for declarative CP
150,GRP001,sent6,syntax,CP + Q,,single_sentence,control,past,no,first_person,I,declarative,wonder,interrogative,whether,NA,grammatical,I wondered whether it was raining.,cpq_past_aff_1p_decl_that_base,base,
151,GRP001,sent1,syntax,CP + Q,,single_sentence,critical,past,no,first_person,I,declarative,think,declarative,that,NA,grammatical,I thought that it was snowing.,cpq_past_aff_1p_decl_that_variant_1,variant_1,
152,GRP001,sent2,syntax,CP + Q,,single_sentence,critical,past,no,first_person,I,declarative,think,interrogative,whether,NA,ungrammatical,I thought whether it was snowing.,cpq_past_aff_1p_decl_that_variant_1,variant_1,
153,GRP001,sent3,syntax,CP + Q,,single_sentence,critical,past,no,first_person,I,declarative,know,declarative,that,NA,grammatical,I knew that it was snowing.,cpq_past_aff_1p_decl_that_variant_1,variant_1,
154,GRP001,sent4,syntax,CP + Q,,single_sentence,critical,past,no,first_person,I,declarative,know,interrogative,whether,NA,grammatical,I knew whether it was snowing.,cpq_past_aff_1p_decl_that_variant_1,variant_1,
155,GRP001,sent5,syntax,CP + Q,,single_sentence,control,past,no,first_person,I,declarative,wonder,declarative,that,NA,ungrammatical,I wondered that it was snowing.,cpq_past_aff_1p_decl_that_variant_1,variant_1,to make sure that it's not an overall perference for declarative CP
156,GRP001,sent6,syntax,CP + Q,,single_sentence,control,past,no,first_person,I,declarative,wonder,interrogative,whether,NA,grammatical,I wondered whether it was snowing.,cpq_past_aff_1p_decl_that_variant_1,variant_1,
157,GRP001,sent1,syntax,CP + Q,,single_sentence,critical,past,no,first_person,I,declarative,think,declarative,that,NA,grammatical,I thought that it was sunny.,cpq_past_aff_1p_decl_that_variant_2,variant_2,
158,GRP001,sent2,syntax,CP + Q,,single_sentence,critical,past,no,first_person,I,declarative,think,interrogative,whether,NA,ungrammatical,I thought whether it was sunny.,cpq_past_aff_1p_decl_that_variant_2,variant_2,
159,GRP001,sent3,syntax,CP + Q,,single_sentence,critical,past,no,first_person,I,declarative,know,declarative,that,NA,grammatical,I knew that it was sunny.,cpq_past_aff_1p_decl_that_variant_2,variant_2,
160,GRP001,sent4,syntax,CP + Q,,single_sentence,critical,past,no,first_person,I,declarative,know,interrogative,whether,NA,grammatical,I knew whether it was sunny.,cpq_past_aff_1p_decl_that_variant_2,variant_2,
161,GRP001,sent5,syntax,CP + Q,,single_sentence,control,past,no,first_person,I,declarative,wonder,declarative,that,NA,ungrammatical,I wondered that it was sunny.,cpq_past_aff_1p_decl_that_variant_2,variant_2,to make sure that it's not an overall perference for declarative CP
162,GRP001,sent6,syntax,CP + Q,,single_sentence,control,past,no,first_person,I,declarative,wonder,interrogative,whether,NA,grammatical,I wondered whether it was sunny.,cpq_past_aff_1p_decl_that_variant_2,variant_2,
163,GRP001,sent1,syntax,CP + Q,,single_sentence,critical,past,yes,first_person,I,declarative,think,declarative,that,NA,grammatical,I didn't think that it was raining.,cpq_past_neg_1p_decl_that_base,base,
164,GRP001,sent2,syntax,CP + Q,,single_sentence,critical,past,yes,first_person,I,declarative,think,interrogative,whether,NA,ungrammatical,I didn't think whether it was raining.,cpq_past_neg_1p_decl_that_base,base,
165,GRP001,sent3,syntax,CP + Q,,single_sentence,critical,past,yes,first_person,I,declarative,know,declarative,that,NA,grammatical,I didn't know that it was raining.,cpq_past_neg_1p_decl_that_base,base,
166,GRP001,sent4,syntax,CP + Q,,single_sentence,critical,past,yes,first_person,I,declarative,know,interrogative,whether,NA,grammatical,I didn't know whether it was raining.,cpq_past_neg_1p_decl_that_base,base,
167,GRP001,sent5,syntax,CP + Q,,single_sentence,control,past,yes,first_person,I,declarative,wonder,declarative,that,NA,ungrammatical,I didn't wonder that it was raining.,cpq_past_neg_1p_decl_that_base,base,to make sure that it's not an overall perference for declarative CP
168,GRP001,sent6,syntax,CP + Q,,single_sentence,control,past,yes,first_person,I,declarative,wonder,interrogative,whether,NA,grammatical,I didn't wonder whether it was raining.,cpq_past_neg_1p_decl_that_base,base,
169,GRP001,sent1,syntax,CP + Q,,single_sentence,critical,past,yes,first_person,I,declarative,think,declarative,that,NA,grammatical,I didn't think that it was snowing.,cpq_past_neg_1p_decl_that_variant_1,variant_1,
170,GRP001,sent2,syntax,CP + Q,,single_sentence,critical,past,yes,first_person,I,declarative,think,interrogative,whether,NA,ungrammatical,I didn't think whether it was snowing.,cpq_past_neg_1p_decl_that_variant_1,variant_1,
171,GRP001,sent3,syntax,CP + Q,,single_sentence,critical,past,yes,first_person,I,declarative,know,declarative,that,NA,grammatical,I didn't know that it was snowing.,cpq_past_neg_1p_decl_that_variant_1,variant_1,
172,GRP001,sent4,syntax,CP + Q,,single_sentence,critical,past,yes,first_person,I,declarative,know,interrogative,whether,NA,grammatical,I didn't know whether it was snowing.,cpq_past_neg_1p_decl_that_variant_1,variant_1,
173,GRP001,sent5,syntax,CP + Q,,single_sentence,control,past,yes,first_person,I,declarative,wonder,declarative,that,NA,ungrammatical,I didn't wonder that it was snowing.,cpq_past_neg_1p_decl_that_variant_1,variant_1,to make sure that it's not an overall perference for declarative CP
174,GRP001,sent6,syntax,CP + Q,,single_sentence,control,past,yes,first_person,I,declarative,wonder,interrogative,whether,NA,grammatical,I didn't wonder whether it was snowing.,cpq_past_neg_1p_decl_that_variant_1,variant_1,
175,GRP001,sent1,syntax,CP + Q,,single_sentence,critical,past,yes,first_person,I,declarative,think,declarative,that,NA,grammatical,I didn't think that it was sunny.,cpq_past_neg_1p_decl_that_variant_2,variant_2,
176,GRP001,sent2,syntax,CP + Q,,single_sentence,critical,past,yes,first_person,I,declarative,think,interrogative,whether,NA,ungrammatical,I didn't think whether it was sunny.,cpq_past_neg_1p_decl_that_variant_2,variant_2,
177,GRP001,sent3,syntax,CP + Q,,single_sentence,critical,past,yes,first_person,I,declarative,know,declarative,that,NA,grammatical,I didn't know that it was sunny.,cpq_past_neg_1p_decl_that_variant_2,variant_2,
178,GRP001,sent4,syntax,CP + Q,,single_sentence,critical,past,yes,first_person,I,declarative,know,interrogative,whether,NA,grammatical,I didn't know whether it was sunny.,cpq_past_neg_1p_decl_that_variant_2,variant_2,
179,GRP001,sent5,syntax,CP + Q,,single_sentence,control,past,yes,first_person,I,declarative,wonder,declarative,that,NA,ungrammatical,I didn't wonder that it was sunny.,cpq_past_neg_1p_decl_that_variant_2,variant_2,to make sure that it's not an overall perference for declarative CP
180,GRP001,sent6,syntax,CP + Q,,single_sentence,control,past,yes,first_person,I,declarative,wonder,interrogative,whether,NA,grammatical,I didn't wonder whether it was sunny.,cpq_past_neg_1p_decl_that_variant_2,variant_2,
181,GRP001,sent1,syntax,CP + Q,,single_sentence,critical,present,no,first_person,I,polar_question,think,declarative,that,NA,grammatical,Do I think that it is raining?,cpq_pres_aff_1p_pol_that_base,base,
182,GRP001,sent2,syntax,CP + Q,,single_sentence,critical,present,no,first_person,I,polar_question,think,interrogative,whether,NA,ungrammatical,Do I think whether it is raining?,cpq_pres_aff_1p_pol_that_base,base,
183,GRP001,sent3,syntax,CP + Q,,single_sentence,critical,present,no,first_person,I,polar_question,know,declarative,that,NA,grammatical,Do I know that it is raining?,cpq_pres_aff_1p_pol_that_base,base,
184,GRP001,sent4,syntax,CP + Q,,single_sentence,critical,present,no,first_person,I,polar_question,know,interrogative,whether,NA,grammatical,Do I know whether it is raining?,cpq_pres_aff_1p_pol_that_base,base,
185,GRP001,sent5,syntax,CP + Q,,single_sentence,control,present,no,first_person,I,polar_question,wonder,declarative,that,NA,ungrammatical,Do I wonder that it is raining?,cpq_pres_aff_1p_pol_that_base,base,to make sure that it's not an overall perference for declarative CP
186,GRP001,sent6,syntax,CP + Q,,single_sentence,control,present,no,first_person,I,polar_question,wonder,interrogative,whether,NA,grammatical,Do I wonder whether it is raining?,cpq_pres_aff_1p_pol_that_base,base,
187,GRP001,sent1,syntax,CP + Q,,single_sentence,critical,present,no,first_person,I,polar_question,think,declarative,that,NA,grammatical,Do I think that the rumor is bad?,cpq_pres_aff_1p_pol_that_variant_1,variant_1,
188,GRP001,sent2,syntax,CP + Q,,single_sentence,critical,present,no,first_person,I,polar_question,think,interrogative,whether,NA,ungrammatical,Do I think whether the rumor is bad?,cpq_pres_aff_1p_pol_that_variant_1,variant_1,
189,GRP001,sent3,syntax,CP + Q,,single_sentence,critical,present,no,first_person,I,polar_question,know,declarative,that,NA,grammatical,Do I know that the rumor is bad?,cpq_pres_aff_1p_pol_that_variant_1,variant_1,
190,GRP001,sent4,syntax,CP + Q,,single_sentence,critical,present,no,first_person,I,polar_question,know,interrogative,whether,NA,grammatical,Do I know whether the rumor is bad?,cpq_pres_aff_1p_pol_that_variant_1,variant_1,
191,GRP001,sent5,syntax,CP + Q,,single_sentence,control,present,no,first_person,I,polar_question,wonder,declarative,that,NA,ungrammatical,Do I wonder that the rumor is bad?,cpq_pres_aff_1p_pol_that_variant_1,variant_1,to make sure that it's not an overall perference for declarative CP
192,GRP001,sent6,syntax,CP + Q,,single_sentence,control,present,no,first_person,I,polar_question,wonder,interrogative,whether,NA,grammatical,Do I wonder whether the rumor is bad?,cpq_pres_aff_1p_pol_that_variant_1,variant_1,
193,GRP001,sent1,syntax,CP + Q,,single_sentence,critical,present,no,first_person,I,polar_question,think,declarative,that,NA,grammatical,Do I think that it is snowing?,cpq_pres_aff_1p_pol_that_variant_2,variant_2,
194,GRP001,sent2,syntax,CP + Q,,single_sentence,critical,present,no,first_person,I,polar_question,think,interrogative,whether,NA,ungrammatical,Do I think whether it is snowing?,cpq_pres_aff_1p_pol_that_variant_2,variant_2,
195,GRP001,sent3,syntax,CP + Q,,single_sentence,critical,present,no,first_person,I,polar_question,know,declarative,that,NA,grammatical,Do I know that it is snowing?,cpq_pres_aff_1p_pol_that_variant_2,variant_2,
196,GRP001,sent4,syntax,CP + Q,,single_sentence,critical,present,no,first_person,I,polar_question,know,interrogative,whether,NA,grammatical,Do I know whether it is snowing?,cpq_pres_aff_1p_pol_that_variant_2,variant_2,
197,GRP001,sent5,syntax,CP + Q,,single_sentence,control,present,no,first_person,I,polar_question,wonder,declarative,that,NA,ungrammatical,Do I wonder that it is snowing?,cpq_pres_aff_1p_pol_that_variant_2,variant_2,to make sure that it's not an overall perference for declarative CP
198,GRP001,sent6,syntax,CP + Q,,single_sentence,control,present,no,first_person,I,polar_question,wonder,interrogative,whether,NA,grammatical,Do I wonder whether it is snowing?,cpq_pres_aff_1p_pol_that_variant_2,variant_2,
199,GRP001,sent1,syntax,CP + Q,,single_sentence,critical,past,no,first_person,I,polar_question,think,declarative,that,NA,grammatical,Did I think that it was raining?,cpq_past_aff_1p_pol_that_base,base,
200,GRP001,sent2,syntax,CP + Q,,single_sentence,critical,past,no,first_person,I,polar_question,think,interrogative,whether,NA,ungrammatical,Did I think whether it was raining?,cpq_past_aff_1p_pol_that_base,base,
201,GRP001,sent3,syntax,CP + Q,,single_sentence,critical,past,no,first_person,I,polar_question,know,declarative,that,NA,grammatical,Did I know that it was raining?,cpq_past_aff_1p_pol_that_base,base,
202,GRP001,sent4,syntax,CP + Q,,single_sentence,critical,past,no,first_person,I,polar_question,know,interrogative,whether,NA,grammatical,Did I know whether it was raining?,cpq_past_aff_1p_pol_that_base,base,
203,GRP001,sent5,syntax,CP + Q,,single_sentence,control,past,no,first_person,I,polar_question,wonder,declarative,that,NA,ungrammatical,Did I wonder that it was raining?,cpq_past_aff_1p_pol_that_base,base,to make sure that it's not an overall perference for declarative CP
204,GRP001,sent6,syntax,CP + Q,,single_sentence,control,past,no,first_person,I,polar_question,wonder,interrogative,whether,NA,grammatical,Did I wonder whether it was raining?,cpq_past_aff_1p_pol_that_base,base,
205,GRP001,sent1,syntax,CP + Q,,single_sentence,critical,past,no,first_person,I,polar_question,think,declarative,that,NA,grammatical,Did I think that the rumor was bad?,cpq_past_aff_1p_pol_that_variant_1,variant_1,
206,GRP001,sent2,syntax,CP + Q,,single_sentence,critical,past,no,first_person,I,polar_question,think,interrogative,whether,NA,ungrammatical,Did I think whether the rumor was bad?,cpq_past_aff_1p_pol_that_variant_1,variant_1,
207,GRP001,sent3,syntax,CP + Q,,single_sentence,critical,past,no,first_person,I,polar_question,know,declarative,that,NA,grammatical,Did I know that the rumor was bad?,cpq_past_aff_1p_pol_that_variant_1,variant_1,
208,GRP001,sent4,syntax,CP + Q,,single_sentence,critical,past,no,first_person,I,polar_question,know,interrogative,whether,NA,grammatical,Did I know whether the rumor was bad?,cpq_past_aff_1p_pol_that_variant_1,variant_1,
209,GRP001,sent5,syntax,CP + Q,,single_sentence,control,past,no,first_person,I,polar_question,wonder,declarative,that,NA,ungrammatical,Did I wonder that the rumor was bad?,cpq_past_aff_1p_pol_that_variant_1,variant_1,to make sure that it's not an overall perference for declarative CP
210,GRP001,sent6,syntax,CP + Q,,single_sentence,control,past,no,first_person,I,polar_question,wonder,interrogative,whether,NA,grammatical,Did I wonder whether the rumor was bad?,cpq_past_aff_1p_pol_that_variant_1,variant_1,
211,GRP001,sent1,syntax,CP + Q,,single_sentence,critical,past,no,first_person,I,polar_question,think,declarative,that,NA,grammatical,Did I think that it was sunny?,cpq_past_aff_1p_pol_that_variant_2,variant_2,
212,GRP001,sent2,syntax,CP + Q,,single_sentence,critical,past,no,first_person,I,polar_question,think,interrogative,whether,NA,ungrammatical,Did I think whether it was sunny?,cpq_past_aff_1p_pol_that_variant_2,variant_2,
213,GRP001,sent3,syntax,CP + Q,,single_sentence,critical,past,no,first_person,I,polar_question,know,declarative,that,NA,grammatical,Did I know that it was sunny?,cpq_past_aff_1p_pol_that_variant_2,variant_2,
214,GRP001,sent4,syntax,CP + Q,,single_sentence,critical,past,no,first_person,I,polar_question,know,interrogative,whether,NA,grammatical,Did I know whether it was sunny?,cpq_past_aff_1p_pol_that_variant_2,variant_2,
215,GRP001,sent5,syntax,CP + Q,,single_sentence,control,past,no,first_person,I,polar_question,wonder,declarative,that,NA,ungrammatical,Did I wonder that it was sunny?,cpq_past_aff_1p_pol_that_variant_2,variant_2,to make sure that it's not an overall perference for declarative CP
216,GRP001,sent6,syntax,CP + Q,,single_sentence,control,past,no,first_person,I,polar_question,wonder,interrogative,whether,NA,grammatical,Did I wonder whether it was sunny?,cpq_past_aff_1p_pol_that_variant_2,variant_2,
217,GRP001,sent1,syntax,CP + Q,,single_sentence,critical,present,no,third_person,John,declarative,think,declarative,none,NA,grammatical,John thinks it is raining.,cpq_pres_aff_3p_decl_none_base,base,
218,GRP001,sent2,syntax,CP + Q,,single_sentence,critical,present,no,third_person,John,declarative,think,interrogative,whether,NA,ungrammatical,John thinks whether it is raining.,cpq_pres_aff_3p_decl_none_base,base,
219,GRP001,sent3,syntax,CP + Q,,single_sentence,critical,present,no,third_person,John,declarative,know,declarative,none,NA,grammatical,John knows it is raining.,cpq_pres_aff_3p_decl_none_base,base,
220,GRP001,sent4,syntax,CP + Q,,single_sentence,critical,present,no,third_person,John,declarative,know,interrogative,whether,NA,grammatical,John knows whether it is raining.,cpq_pres_aff_3p_decl_none_base,base,
221,GRP001,sent5,syntax,CP + Q,,single_sentence,control,present,no,third_person,John,declarative,wonder,declarative,none,NA,ungrammatical,John wonders it is raining.,cpq_pres_aff_3p_decl_none_base,base,to make sure that it's not an overall perference for declarative CP
222,GRP001,sent6,syntax,CP + Q,,single_sentence,control,present,no,third_person,John,declarative,wonder,interrogative,whether,NA,grammatical,John wonders whether it is raining.,cpq_pres_aff_3p_decl_none_base,base,
223,GRP001,sent1,syntax,CP + Q,,single_sentence,critical,present,no,third_person,the woman,declarative,think,declarative,none,NA,grammatical,The woman thinks it is snowing.,cpq_pres_aff_3p_decl_none_variant_1,variant_1,
224,GRP001,sent2,syntax,CP + Q,,single_sentence,critical,present,no,third_person,the woman,declarative,think,interrogative,whether,NA,ungrammatical,The woman thinks whether it is snowing.,cpq_pres_aff_3p_decl_none_variant_1,variant_1,
225,GRP001,sent3,syntax,CP + Q,,single_sentence,critical,present,no,third_person,the woman,declarative,know,declarative,none,NA,grammatical,The woman knows it is snowing.,cpq_pres_aff_3p_decl_none_variant_1,variant_1,
226,GRP001,sent4,syntax,CP + Q,,single_sentence,critical,present,no,third_person,the woman,declarative,know,interrogative,whether,NA,grammatical,The woman knows whether it is snowing.,cpq_pres_aff_3p_decl_none_variant_1,variant_1,
227,GRP001,sent5,syntax,CP + Q,,single_sentence,control,present,no,third_person,the woman,declarative,wonder,declarative,none,NA,ungrammatical,The woman wonders it is snowing.,cpq_pres_aff_3p_decl_none_variant_1,variant_1,to make sure that it's not an overall perference for declarative CP
228,GRP001,sent6,syntax,CP + Q,,single_sentence,control,present,no,third_person,the woman,declarative,wonder,interrogative,whether,NA,grammatical,The woman wonders whether it is snowing.,cpq_pres_aff_3p_decl_none_variant_1,variant_1,
229,GRP001,sent1,syntax,CP + Q,,single_sentence,critical,present,no,third_person,the student,declarative,think,declarative,none,NA,grammatical,The student thinks the rumor is false.,cpq_pres_aff_3p_decl_none_variant_2,variant_2,
230,GRP001,sent2,syntax,CP + Q,,single_sentence,critical,present,no,third_person,the student,declarative,think,interrogative,whether,NA,ungrammatical,The student thinks whether the rumor is false.,cpq_pres_aff_3p_decl_none_variant_2,variant_2,
231,GRP001,sent3,syntax,CP + Q,,single_sentence,critical,present,no,third_person,the student,declarative,know,declarative,none,NA,grammatical,The student knows the rumor is false.,cpq_pres_aff_3p_decl_none_variant_2,variant_2,
232,GRP001,sent4,syntax,CP + Q,,single_sentence,critical,present,no,third_person,the student,declarative,know,interrogative,whether,NA,grammatical,The student knows whether the rumor is false.,cpq_pres_aff_3p_decl_none_variant_2,variant_2,
233,GRP001,sent5,syntax,CP + Q,,single_sentence,control,present,no,third_person,the student,declarative,wonder,declarative,none,NA,ungrammatical,The student wonders the rumor is false.,cpq_pres_aff_3p_decl_none_variant_2,variant_2,to make sure that it's not an overall perference for declarative CP
234,GRP001,sent6,syntax,CP + Q,,single_sentence,control,present,no,third_person,the student,declarative,wonder,interrogative,whether,NA,grammatical,The student wonders whether the rumor is false.,cpq_pres_aff_3p_decl_none_variant_2,variant_2,
235,GRP001,sent1,syntax,CP + Q,,single_sentence,critical,present,yes,third_person,John,declarative,think,declarative,none,NA,grammatical,John doesn't think it is raining.,cpq_pres_neg_3p_decl_none_base,base,
236,GRP001,sent2,syntax,CP + Q,,single_sentence,critical,present,yes,third_person,John,declarative,think,interrogative,whether,NA,ungrammatical,John doesn't think whether it is raining.,cpq_pres_neg_3p_decl_none_base,base,
237,GRP001,sent3,syntax,CP + Q,,single_sentence,critical,present,yes,third_person,John,declarative,know,declarative,none,NA,grammatical,John doesn't know it is raining.,cpq_pres_neg_3p_decl_none_base,base,
238,GRP001,sent4,syntax,CP + Q,,single_sentence,critical,present,yes,third_person,John,declarative,know,interrogative,whether,NA,grammatical,John doesn't know whether it is raining.,cpq_pres_neg_3p_decl_none_base,base,
239,GRP001,sent5,syntax,CP + Q,,single_sentence,control,present,yes,third_person,John,declarative,wonder,declarative,none,NA,ungrammatical,John doesn't wonder it is raining.,cpq_pres_neg_3p_decl_none_base,base,to make sure that it's not an overall perference for declarative CP
240,GRP001,sent6,syntax,CP + Q,,single_sentence,control,present,yes,third_person,John,declarative,wonder,interrogative,whether,NA,grammatical,John doesn't wonder whether it is raining.,cpq_pres_neg_3p_decl_none_base,base,
241,GRP001,sent1,syntax,CP + Q,,single_sentence,critical,present,yes,third_person,they,declarative,think,declarative,none,NA,grammatical,They don't think it is snowing.,cpq_pres_neg_3p_decl_none_variant_1,variant_1,
242,GRP001,sent2,syntax,CP + Q,,single_sentence,critical,present,yes,third_person,they,declarative,think,interrogative,whether,NA,ungrammatical,They don't think whether it is snowing.,cpq_pres_neg_3p_decl_none_variant_1,variant_1,
243,GRP001,sent3,syntax,CP + Q,,single_sentence,critical,present,yes,third_person,they,declarative,know,declarative,none,NA,grammatical,They don't know it is snowing.,cpq_pres_neg_3p_decl_none_variant_1,variant_1,
244,GRP001,sent4,syntax,CP + Q,,single_sentence,critical,present,yes,third_person,they,declarative,know,interrogative,whether,NA,grammatical,They don't know whether it is snowing.,cpq_pres_neg_3p_decl_none_variant_1,variant_1,
245,GRP001,sent5,syntax,CP + Q,,single_sentence,control,present,yes,third_person,they,declarative,wonder,declarative,none,NA,ungrammatical,They don't wonder it is snowing.,cpq_pres_neg_3p_decl_none_variant_1,variant_1,to make sure that it's not an overall perference for declarative CP
246,GRP001,sent6,syntax,CP + Q,,single_sentence,control,present,yes,third_person,they,declarative,wonder,interrogative,whether,NA,grammatical,They don't wonder whether it is snowing.,cpq_pres_neg_3p_decl_none_variant_1,variant_1,
247,GRP001,sent1,syntax,CP + Q,,single_sentence,critical,present,yes,third_person,he,declarative,think,declarative,none,NA,grammatical,He doesn't think the rumor is true.,cpq_pres_neg_3p_decl_none_variant_2,variant_2,
248,GRP001,sent2,syntax,CP + Q,,single_sentence,critical,present,yes,third_person,he,declarative,think,interrogative,whether,NA,ungrammatical,He doesn't think whether the rumor is true.,cpq_pres_neg_3p_decl_none_variant_2,variant_2,
249,GRP001,sent3,syntax,CP + Q,,single_sentence,critical,present,yes,third_person,he,declarative,know,declarative,none,NA,grammatical,He doesn't know the rumor is true.,cpq_pres_neg_3p_decl_none_variant_2,variant_2,
250,GRP001,sent4,syntax,CP + Q,,single_sentence,critical,present,yes,third_person,he,declarative,know,interrogative,whether,NA,grammatical,He doesn't know whether the rumor is true.,cpq_pres_neg_3p_decl_none_variant_2,variant_2,
251,GRP001,sent5,syntax,CP + Q,,single_sentence,control,present,yes,third_person,he,declarative,wonder,declarative,none,NA,ungrammatical,He doesn't wonder the rumor is true.,cpq_pres_neg_3p_decl_none_variant_2,variant_2,to make sure that it's not an overall perference for declarative CP
252,GRP001,sent6,syntax,CP + Q,,single_sentence,control,present,yes,third_person,he,declarative,wonder,interrogative,whether,NA,grammatical,He doesn't wonder whether the rumor is true.,cpq_pres_neg_3p_decl_none_variant_2,variant_2,
253,GRP001,sent1,syntax,CP + Q,,single_sentence,critical,past,no,third_person,John,declarative,think,declarative,none,NA,grammatical,John thought it was raining.,cpq_past_aff_3p_decl_none_base,base,
254,GRP001,sent2,syntax,CP + Q,,single_sentence,critical,past,no,third_person,John,declarative,think,interrogative,whether,NA,ungrammatical,John thought whether it was raining.,cpq_past_aff_3p_decl_none_base,base,
255,GRP001,sent3,syntax,CP + Q,,single_sentence,critical,past,no,third_person,John,declarative,know,declarative,none,NA,grammatical,John knew it was raining.,cpq_past_aff_3p_decl_none_base,base,
256,GRP001,sent4,syntax,CP + Q,,single_sentence,critical,past,no,third_person,John,declarative,know,interrogative,whether,NA,grammatical,John knew whether it was raining.,cpq_past_aff_3p_decl_none_base,base,
257,GRP001,sent5,syntax,CP + Q,,single_sentence,control,past,no,third_person,John,declarative,wonder,declarative,none,NA,ungrammatical,John wondered it was raining.,cpq_past_aff_3p_decl_none_base,base,to make sure that it's not an overall perference for declarative CP
258,GRP001,sent6,syntax,CP + Q,,single_sentence,control,past,no,third_person,John,declarative,wonder,interrogative,whether,NA,grammatical,John wondered whether it was raining.,cpq_past_aff_3p_decl_none_base,base,
259,GRP001,sent1,syntax,CP + Q,,single_sentence,critical,past,no,third_person,he,declarative,think,declarative,none,NA,grammatical,He thought it was snowing.,cpq_past_aff_3p_decl_none_variant_1,variant_1,
260,GRP001,sent2,syntax,CP + Q,,single_sentence,critical,past,no,third_person,he,declarative,think,interrogative,whether,NA,ungrammatical,He thought whether it was snowing.,cpq_past_aff_3p_decl_none_variant_1,variant_1,
261,GRP001,sent3,syntax,CP + Q,,single_sentence,critical,past,no,third_person,he,declarative,know,declarative,none,NA,grammatical,He knew it was snowing.,cpq_past_aff_3p_decl_none_variant_1,variant_1,
262,GRP001,sent4,syntax,CP + Q,,single_sentence,critical,past,no,third_person,he,declarative,know,interrogative,whether,NA,grammatical,He knew whether it was snowing.,cpq_past_aff_3p_decl_none_variant_1,variant_1,
263,GRP001,sent5,syntax,CP + Q,,single_sentence,control,past,no,third_person,he,declarative,wonder,declarative,none,NA,ungrammatical,He wondered it was snowing.,cpq_past_aff_3p_decl_none_variant_1,variant_1,to make sure that it's not an overall perference for declarative CP
264,GRP001,sent6,syntax,CP + Q,,single_sentence,control,past,no,third_person,he,declarative,wonder,interrogative,whether,NA,grammatical,He wondered whether it was snowing.,cpq_past_aff_3p_decl_none_variant_1,variant_1,
265,GRP001,sent1,syntax,CP + Q,,single_sentence,critical,past,no,third_person,she,declarative,think,declarative,none,NA,grammatical,She thought the glass shattered.,cpq_past_aff_3p_decl_none_variant_2,variant_2,
266,GRP001,sent2,syntax,CP + Q,,single_sentence,critical,past,no,third_person,she,declarative,think,interrogative,whether,NA,ungrammatical,She thought whether the glass shattered.,cpq_past_aff_3p_decl_none_variant_2,variant_2,
267,GRP001,sent3,syntax,CP + Q,,single_sentence,critical,past,no,third_person,she,declarative,know,declarative,none,NA,grammatical,She knew the glass shattered.,cpq_past_aff_3p_decl_none_variant_2,variant_2,
268,GRP001,sent4,syntax,CP + Q,,single_sentence,critical,past,no,third_person,she,declarative,know,interrogative,whether,NA,grammatical,She knew whether the glass shattered.,cpq_past_aff_3p_decl_none_variant_2,variant_2,
269,GRP001,sent5,syntax,CP + Q,,single_sentence,control,past,no,third_person,she,declarative,wonder,declarative,none,NA,ungrammatical,She wondered the glass shattered.,cpq_past_aff_3p_decl_none_variant_2,variant_2,to make sure that it's not an overall perference for declarative CP
270,GRP001,sent6,syntax,CP + Q,,single_sentence,control,past,no,third_person,she,declarative,wonder,interrogative,whether,NA,grammatical,She wondered whether the glass shattered.,cpq_past_aff_3p_decl_none_variant_2,variant_2,
271,GRP001,sent1,syntax,CP + Q,,single_sentence,critical,past,yes,third_person,John,declarative,think,declarative,none,NA,grammatical,John didn't think it was raining.,cpq_past_neg_3p_decl_none_base,base,
272,GRP001,sent2,syntax,CP + Q,,single_sentence,critical,past,yes,third_person,John,declarative,think,interrogative,whether,NA,ungrammatical,John didn't think whether it was raining.,cpq_past_neg_3p_decl_none_base,base,
273,GRP001,sent3,syntax,CP + Q,,single_sentence,critical,past,yes,third_person,John,declarative,know,declarative,none,NA,grammatical,John didn't know it was raining.,cpq_past_neg_3p_decl_none_base,base,
274,GRP001,sent4,syntax,CP + Q,,single_sentence,critical,past,yes,third_person,John,declarative,know,interrogative,whether,NA,grammatical,John didn't know whether it was raining.,cpq_past_neg_3p_decl_none_base,base,
275,GRP001,sent5,syntax,CP + Q,,single_sentence,control,past,yes,third_person,John,declarative,wonder,declarative,none,NA,ungrammatical,John didn't wonder it was raining.,cpq_past_neg_3p_decl_none_base,base,to make sure that it's not an overall perference for declarative CP
276,GRP001,sent6,syntax,CP + Q,,single_sentence,control,past,yes,third_person,John,declarative,wonder,interrogative,whether,NA,grammatical,John didn't wonder whether it was raining.,cpq_past_neg_3p_decl_none_base,base,
277,GRP001,sent1,syntax,CP + Q,,single_sentence,critical,past,yes,third_person,he,declarative,think,declarative,none,NA,grammatical,He didn't think it was raining.,cpq_past_neg_3p_decl_none_variant_1,variant_1,
278,GRP001,sent2,syntax,CP + Q,,single_sentence,critical,past,yes,third_person,he,declarative,think,interrogative,whether,NA,ungrammatical,He didn't think whether it was raining.,cpq_past_neg_3p_decl_none_variant_1,variant_1,
279,GRP001,sent3,syntax,CP + Q,,single_sentence,critical,past,yes,third_person,he,declarative,know,declarative,none,NA,grammatical,He didn't know it was raining.,cpq_past_neg_3p_decl_none_variant_1,variant_1,
280,GRP001,sent4,syntax,CP + Q,,single_sentence,critical,past,yes,third_person,he,declarative,know,interrogative,whether,NA,grammatical,He didn't know whether it was raining.,cpq_past_neg_3p_decl_none_variant_1,variant_1,
281,GRP001,sent5,syntax,CP + Q,,single_sentence,control,past,yes,third_person,he,declarative,wonder,declarative,none,NA,ungrammatical,He didn't wonder it was raining.,cpq_past_neg_3p_decl_none_variant_1,variant_1,to make sure that it's not an overall perference for declarative CP
282,GRP001,sent6,syntax,CP + Q,,single_sentence,control,past,yes,third_person,he,declarative,wonder,interrogative,whether,NA,grammatical,He didn't wonder whether it was raining.,cpq_past_neg_3p_decl_none_variant_1,variant_1,
283,GRP001,sent1,syntax,CP + Q,,single_sentence,critical,past,yes,third_person,John,declarative,think,declarative,none,NA,grammatical,John didn't think it was snowing.,cpq_past_neg_3p_decl_none_variant_2,variant_2,
284,GRP001,sent2,syntax,CP + Q,,single_sentence,critical,past,yes,third_person,John,declarative,think,interrogative,whether,NA,ungrammatical,John didn't think whether it was snowing.,cpq_past_neg_3p_decl_none_variant_2,variant_2,
285,GRP001,sent3,syntax,CP + Q,,single_sentence,critical,past,yes,third_person,John,declarative,know,declarative,none,NA,grammatical,John didn't know it was snowing.,cpq_past_neg_3p_decl_none_variant_2,variant_2,
286,GRP001,sent4,syntax,CP + Q,,single_sentence,critical,past,yes,third_person,John,declarative,know,interrogative,whether,NA,grammatical,John didn't know whether it was snowing.,cpq_past_neg_3p_decl_none_variant_2,variant_2,
287,GRP001,sent5,syntax,CP + Q,,single_sentence,control,past,yes,third_person,John,declarative,wonder,declarative,none,NA,ungrammatical,John didn't wonder it was snowing.,cpq_past_neg_3p_decl_none_variant_2,variant_2,to make sure that it's not an overall perference for declarative CP
288,GRP001,sent6,syntax,CP + Q,,single_sentence,control,past,yes,third_person,John,declarative,wonder,interrogative,whether,NA,grammatical,John didn't wonder whether it was snowing.,cpq_past_neg_3p_decl_none_variant_2,variant_2,
289,GRP001,sent1,syntax,CP + Q,,single_sentence,critical,present,no,third_person,John,polar_question,think,declarative,none,NA,grammatical,Does John think it is raining?,cpq_pres_aff_3p_pol_none_base,base,
290,GRP001,sent2,syntax,CP + Q,,single_sentence,critical,present,no,third_person,John,polar_question,think,interrogative,whether,NA,ungrammatical,Does John think whether it is raining?,cpq_pres_aff_3p_pol_none_base,base,
291,GRP001,sent3,syntax,CP + Q,,single_sentence,critical,present,no,third_person,John,polar_question,know,declarative,none,NA,grammatical,Does John know it is raining?,cpq_pres_aff_3p_pol_none_base,base,
292,GRP001,sent4,syntax,CP + Q,,single_sentence,critical,present,no,third_person,John,polar_question,know,interrogative,whether,NA,grammatical,Does John know whether it is raining?,cpq_pres_aff_3p_pol_none_base,base,
293,GRP001,sent5,syntax,CP + Q,,single_sentence,control,present,no,third_person,John,polar_question,wonder,declarative,none,NA,ungrammatical,Does John wonder it is raining?,cpq_pres_aff_3p_pol_none_base,base,to make sure that it's not an overall perference for declarative CP
294,GRP001,sent6,syntax,CP + Q,,single_sentence,control,present,no,third_person,John,polar_question,wonder,interrogative,whether,NA,grammatical,Does John wonder whether it is raining?,cpq_pres_aff_3p_pol_none_base,base,
295,GRP001,sent1,syntax,CP + Q,,single_sentence,critical,present,no,third_person,John,polar_question,think,declarative,none,NA,grammatical,Does John think the vase shattered?,cpq_pres_aff_3p_pol_none_variant_1,variant_1,
296,GRP001,sent2,syntax,CP + Q,,single_sentence,critical,present,no,third_person,John,polar_question,think,interrogative,whether,NA,ungrammatical,Does John think whether the vase shattered?,cpq_pres_aff_3p_pol_none_variant_1,variant_1,
297,GRP001,sent3,syntax,CP + Q,,single_sentence,critical,present,no,third_person,John,polar_question,know,declarative,none,NA,grammatical,Does John know the vase shattered?,cpq_pres_aff_3p_pol_none_variant_1,variant_1,
298,GRP001,sent4,syntax,CP + Q,,single_sentence,critical,present,no,third_person,John,polar_question,know,interrogative,whether,NA,grammatical,Does John know whether the vase shattered?,cpq_pres_aff_3p_pol_none_variant_1,variant_1,
299,GRP001,sent5,syntax,CP + Q,,single_sentence,control,present,no,third_person,John,polar_question,wonder,declarative,none,NA,ungrammatical,Does John wonder the vase shattered?,cpq_pres_aff_3p_pol_none_variant_1,variant_1,to make sure that it's not an overall perference for declarative CP
300,GRP001,sent6,syntax,CP + Q,,single_sentence,control,present,no,third_person,John,polar_question,wonder,interrogative,whether,NA,grammatical,Does John wonder whether the vase shattered?,cpq_pres_aff_3p_pol_none_variant_1,variant_1,
301,GRP001,sent1,syntax,CP + Q,,single_sentence,critical,present,no,third_person,Theresa,polar_question,think,declarative,none,NA,grammatical,Does Theresa think the rumor is true?,cpq_pres_aff_3p_pol_none_variant_2,variant_2,
302,GRP001,sent2,syntax,CP + Q,,single_sentence,critical,present,no,third_person,Theresa,polar_question,think,interrogative,whether,NA,ungrammatical,Does Theresa think whether the rumor is true?,cpq_pres_aff_3p_pol_none_variant_2,variant_2,
303,GRP001,sent3,syntax,CP + Q,,single_sentence,critical,present,no,third_person,Theresa,polar_question,know,declarative,none,NA,grammatical,Does Theresa know the rumor is true?,cpq_pres_aff_3p_pol_none_variant_2,variant_2,
304,GRP001,sent4,syntax,CP + Q,,single_sentence,critical,present,no,third_person,Theresa,polar_question,know,interrogative,whether,NA,grammatical,Does Theresa know whether the rumor is true?,cpq_pres_aff_3p_pol_none_variant_2,variant_2,
305,GRP001,sent5,syntax,CP + Q,,single_sentence,control,present,no,third_person,Theresa,polar_question,wonder,declarative,none,NA,ungrammatical,Does Theresa wonder the rumor is true?,cpq_pres_aff_3p_pol_none_variant_2,variant_2,to make sure that it's not an overall perference for declarative CP
306,GRP001,sent6,syntax,CP + Q,,single_sentence,control,present,no,third_person,Theresa,polar_question,wonder,interrogative,whether,NA,grammatical,Does Theresa wonder whether the rumor is true?,cpq_pres_aff_3p_pol_none_variant_2,variant_2,
307,GRP001,sent1,syntax,CP + Q,,single_sentence,critical,past,no,third_person,John,polar_question,think,declarative,none,NA,grammatical,Did John think it was raining?,cpq_past_aff_3p_pol_none_base,base,
308,GRP001,sent2,syntax,CP + Q,,single_sentence,critical,past,no,third_person,John,polar_question,think,interrogative,whether,NA,ungrammatical,Did John think whether it was raining?,cpq_past_aff_3p_pol_none_base,base,
309,GRP001,sent3,syntax,CP + Q,,single_sentence,critical,past,no,third_person,John,polar_question,know,declarative,none,NA,grammatical,Did John know it was raining?,cpq_past_aff_3p_pol_none_base,base,
310,GRP001,sent4,syntax,CP + Q,,single_sentence,critical,past,no,third_person,John,polar_question,know,interrogative,whether,NA,grammatical,Did John know whether it was raining?,cpq_past_aff_3p_pol_none_base,base,
311,GRP001,sent5,syntax,CP + Q,,single_sentence,control,past,no,third_person,John,polar_question,wonder,declarative,none,NA,ungrammatical,Did John wonder it was raining?,cpq_past_aff_3p_pol_none_base,base,to make sure that it's not an overall perference for declarative CP
312,GRP001,sent6,syntax,CP + Q,,single_sentence,control,past,no,third_person,John,polar_question,wonder,interrogative,whether,NA,grammatical,Did John wonder whether it was raining?,cpq_past_aff_3p_pol_none_base,base,
313,GRP001,sent1,syntax,CP + Q,,single_sentence,critical,past,no,third_person,they,polar_question,think,declarative,none,NA,grammatical,Did they think it was raining?,cpq_past_aff_3p_pol_none_variant_1,variant_1,
314,GRP001,sent2,syntax,CP + Q,,single_sentence,critical,past,no,third_person,they,polar_question,think,interrogative,whether,NA,ungrammatical,Did they think whether it was raining?,cpq_past_aff_3p_pol_none_variant_1,variant_1,
315,GRP001,sent3,syntax,CP + Q,,single_sentence,critical,past,no,third_person,they,polar_question,know,declarative,none,NA,grammatical,Did they know it was raining?,cpq_past_aff_3p_pol_none_variant_1,variant_1,
316,GRP001,sent4,syntax,CP + Q,,single_sentence,critical,past,no,third_person,they,polar_question,know,interrogative,whether,NA,grammatical,Did they know whether it was raining?,cpq_past_aff_3p_pol_none_variant_1,variant_1,
317,GRP001,sent5,syntax,CP + Q,,single_sentence,control,past,no,third_person,they,polar_question,wonder,declarative,none,NA,ungrammatical,Did they wonder it was raining?,cpq_past_aff_3p_pol_none_variant_1,variant_1,to make sure that it's not an overall perference for declarative CP
318,GRP001,sent6,syntax,CP + Q,,single_sentence,control,past,no,third_person,they,polar_question,wonder,interrogative,whether,NA,grammatical,Did they wonder whether it was raining?,cpq_past_aff_3p_pol_none_variant_1,variant_1,
319,GRP001,sent1,syntax,CP + Q,,single_sentence,critical,past,no,third_person,John,polar_question,think,declarative,none,NA,grammatical,Did John think the vase shattered?,cpq_past_aff_3p_pol_none_variant_2,variant_2,
320,GRP001,sent2,syntax,CP + Q,,single_sentence,critical,past,no,third_person,John,polar_question,think,interrogative,whether,NA,ungrammatical,Did John think whether the vase shattered?,cpq_past_aff_3p_pol_none_variant_2,variant_2,
321,GRP001,sent3,syntax,CP + Q,,single_sentence,critical,past,no,third_person,John,polar_question,know,declarative,none,NA,grammatical,Did John know the vase shattered?,cpq_past_aff_3p_pol_none_variant_2,variant_2,
322,GRP001,sent4,syntax,CP + Q,,single_sentence,critical,past,no,third_person,John,polar_question,know,interrogative,whether,NA,grammatical,Did John know whether the vase shattered?,cpq_past_aff_3p_pol_none_variant_2,variant_2,
323,GRP001,sent5,syntax,CP + Q,,single_sentence,control,past,no,third_person,John,polar_question,wonder,declarative,none,NA,ungrammatical,Did John wonder the vase shattered?,cpq_past_aff_3p_pol_none_variant_2,variant_2,to make sure that it's not an overall perference for declarative CP
324,GRP001,sent6,syntax,CP + Q,,single_sentence,control,past,no,third_person,John,polar_question,wonder,interrogative,whether,NA,grammatical,Did John wonder whether the vase shattered?,cpq_past_aff_3p_pol_none_variant_2,variant_2,
325,GRP001,sent1,syntax,CP + Q,,single_sentence,critical,present,no,first_person,I,declarative,think,declarative,none,NA,grammatical,I think it is raining.,cpq_pres_aff_1p_decl_none_base,base,
326,GRP001,sent2,syntax,CP + Q,,single_sentence,critical,present,no,first_person,I,declarative,think,interrogative,whether,NA,ungrammatical,I think whether it is raining.,cpq_pres_aff_1p_decl_none_base,base,
327,GRP001,sent3,syntax,CP + Q,,single_sentence,critical,present,no,first_person,I,declarative,know,declarative,none,NA,grammatical,I know it is raining.,cpq_pres_aff_1p_decl_none_base,base,
328,GRP001,sent4,syntax,CP + Q,,single_sentence,critical,present,no,first_person,I,declarative,know,interrogative,whether,NA,grammatical,I know whether it is raining.,cpq_pres_aff_1p_decl_none_base,base,
329,GRP001,sent5,syntax,CP + Q,,single_sentence,control,present,no,first_person,I,declarative,wonder,declarative,none,NA,ungrammatical,I wonder it is raining.,cpq_pres_aff_1p_decl_none_base,base,to make sure that it's not an overall perference for declarative CP
330,GRP001,sent6,syntax,CP + Q,,single_sentence,control,present,no,first_person,I,declarative,wonder,interrogative,whether,NA,grammatical,I wonder whether it is raining.,cpq_pres_aff_1p_decl_none_base,base,
331,GRP001,sent1,syntax,CP + Q,,single_sentence,critical,present,no,first_person,I,declarative,think,declarative,none,NA,grammatical,I think the rumor is bad.,cpq_pres_aff_1p_decl_none_variant_1,variant_1,
332,GRP001,sent2,syntax,CP + Q,,single_sentence,critical,present,no,first_person,I,declarative,think,interrogative,whether,NA,ungrammatical,I think whether the rumor is bad.,cpq_pres_aff_1p_decl_none_variant_1,variant_1,
333,GRP001,sent3,syntax,CP + Q,,single_sentence,critical,present,no,first_person,I,declarative,know,declarative,none,NA,grammatical,I know the rumor is bad.,cpq_pres_aff_1p_decl_none_variant_1,variant_1,
334,GRP001,sent4,syntax,CP + Q,,single_sentence,critical,present,no,first_person,I,declarative,know,interrogative,whether,NA,grammatical,I know whether the rumor is bad.,cpq_pres_aff_1p_decl_none_variant_1,variant_1,
335,GRP001,sent5,syntax,CP + Q,,single_sentence,control,present,no,first_person,I,declarative,wonder,declarative,none,NA,ungrammatical,I wonder the rumor is bad.,cpq_pres_aff_1p_decl_none_variant_1,variant_1,to make sure that it's not an overall perference for declarative CP
336,GRP001,sent6,syntax,CP + Q,,single_sentence,control,present,no,first_person,I,declarative,wonder,interrogative,whether,NA,grammatical,I wonder whether the rumor is bad.,cpq_pres_aff_1p_decl_none_variant_1,variant_1,
337,GRP001,sent1,syntax,CP + Q,,single_sentence,critical,present,no,first_person,I,declarative,think,declarative,none,NA,grammatical,I think it is snowing.,cpq_pres_aff_1p_decl_none_variant_2,variant_2,
338,GRP001,sent2,syntax,CP + Q,,single_sentence,critical,present,no,first_person,I,declarative,think,interrogative,whether,NA,ungrammatical,I think whether it is snowing.,cpq_pres_aff_1p_decl_none_variant_2,variant_2,
339,GRP001,sent3,syntax,CP + Q,,single_sentence,critical,present,no,first_person,I,declarative,know,declarative,none,NA,grammatical,I know it is snowing.,cpq_pres_aff_1p_decl_none_variant_2,variant_2,
340,GRP001,sent4,syntax,CP + Q,,single_sentence,critical,present,no,first_person,I,declarative,know,interrogative,whether,NA,grammatical,I know whether it is snowing.,cpq_pres_aff_1p_decl_none_variant_2,variant_2,
341,GRP001,sent5,syntax,CP + Q,,single_sentence,control,present,no,first_person,I,declarative,wonder,declarative,none,NA,ungrammatical,I wonder it is snowing.,cpq_pres_aff_1p_decl_none_variant_2,variant_2,to make sure that it's not an overall perference for declarative CP
342,GRP001,sent6,syntax,CP + Q,,single_sentence,control,present,no,first_person,I,declarative,wonder,interrogative,whether,NA,grammatical,I wonder whether it is snowing.,cpq_pres_aff_1p_decl_none_variant_2,variant_2,
343,GRP001,sent1,syntax,CP + Q,,single_sentence,critical,present,yes,first_person,I,declarative,think,declarative,none,NA,grammatical,I don't think it is raining.,cpq_pres_neg_1p_decl_none_base,base,
344,GRP001,sent2,syntax,CP + Q,,single_sentence,critical,present,yes,first_person,I,declarative,think,interrogative,whether,NA,ungrammatical,I don't think whether it is raining.,cpq_pres_neg_1p_decl_none_base,base,
345,GRP001,sent3,syntax,CP + Q,,single_sentence,critical,present,yes,first_person,I,declarative,know,declarative,none,NA,grammatical,I don't know it is raining.,cpq_pres_neg_1p_decl_none_base,base,
346,GRP001,sent4,syntax,CP + Q,,single_sentence,critical,present,yes,first_person,I,declarative,know,interrogative,whether,NA,grammatical,I don't know whether it is raining.,cpq_pres_neg_1p_decl_none_base,base,
347,GRP001,sent5,syntax,CP + Q,,single_sentence,control,present,yes,first_person,I,declarative,wonder,declarative,none,NA,ungrammatical,I don't wonder it is raining.,cpq_pres_neg_1p_decl_none_base,base,to make sure that it's not an overall perference for declarative CP
348,GRP001,sent6,syntax,CP + Q,,single_sentence,control,present,yes,first_person,I,declarative,wonder,interrogative,whether,NA,grammatical,I don't wonder whether it is raining.,cpq_pres_neg_1p_decl_none_base,base,
349,GRP001,sent1,syntax,CP + Q,,single_sentence,critical,present,yes,first_person,I,declarative,think,declarative,none,NA,grammatical,I don't think the vase shattered.,cpq_pres_neg_1p_decl_none_variant_1,variant_1,
350,GRP001,sent2,syntax,CP + Q,,single_sentence,critical,present,yes,first_person,I,declarative,think,interrogative,whether,NA,ungrammatical,I don't think whether the vase shattered.,cpq_pres_neg_1p_decl_none_variant_1,variant_1,
351,GRP001,sent3,syntax,CP + Q,,single_sentence,critical,present,yes,first_person,I,declarative,know,declarative,none,NA,grammatical,I don't know the vase shattered.,cpq_pres_neg_1p_decl_none_variant_1,variant_1,
352,GRP001,sent4,syntax,CP + Q,,single_sentence,critical,present,yes,first_person,I,declarative,know,interrogative,whether,NA,grammatical,I don't know whether the vase shattered.,cpq_pres_neg_1p_decl_none_variant_1,variant_1,
353,GRP001,sent5,syntax,CP + Q,,single_sentence,control,present,yes,first_person,I,declarative,wonder,declarative,none,NA,ungrammatical,I don't wonder the vase shattered.,cpq_pres_neg_1p_decl_none_variant_1,variant_1,to make sure that it's not an overall perference for declarative CP
354,GRP001,sent6,syntax,CP + Q,,single_sentence,control,present,yes,first_person,I,declarative,wonder,interrogative,whether,NA,grammatical,I don't wonder whether the vase shattered.,cpq_pres_neg_1p_decl_none_variant_1,variant_1,
355,GRP001,sent1,syntax,CP + Q,,single_sentence,critical,present,yes,first_person,I,declarative,think,declarative,none,NA,grammatical,I don't think the glass broke.,cpq_pres_neg_1p_decl_none_variant_2,variant_2,
356,GRP001,sent2,syntax,CP + Q,,single_sentence,critical,present,yes,first_person,I,declarative,think,interrogative,whether,NA,ungrammatical,I don't think whether the glass broke.,cpq_pres_neg_1p_decl_none_variant_2,variant_2,
357,GRP001,sent3,syntax,CP + Q,,single_sentence,critical,present,yes,first_person,I,declarative,know,declarative,none,NA,grammatical,I don't know the glass broke.,cpq_pres_neg_1p_decl_none_variant_2,variant_2,
358,GRP001,sent4,syntax,CP + Q,,single_sentence,critical,present,yes,first_person,I,declarative,know,interrogative,whether,NA,grammatical,I don't know whether the glass broke.,cpq_pres_neg_1p_decl_none_variant_2,variant_2,
359,GRP001,sent5,syntax,CP + Q,,single_sentence,control,present,yes,first_person,I,declarative,wonder,declarative,none,NA,ungrammatical,I don't wonder the glass broke.,cpq_pres_neg_1p_decl_none_variant_2,variant_2,to make sure that it's not an overall perference for declarative CP
360,GRP001,sent6,syntax,CP + Q,,single_sentence,control,present,yes,first_person,I,declarative,wonder,interrogative,whether,NA,grammatical,I don't wonder whether the glass broke.,cpq_pres_neg_1p_decl_none_variant_2,variant_2,
361,GRP001,sent1,syntax,CP + Q,,single_sentence,critical,past,no,first_person,I,declarative,think,declarative,none,NA,grammatical,I thought it was raining.,cpq_past_aff_1p_decl_none_base,base,
362,GRP001,sent2,syntax,CP + Q,,single_sentence,critical,past,no,first_person,I,declarative,think,interrogative,whether,NA,ungrammatical,I thought whether it was raining.,cpq_past_aff_1p_decl_none_base,base,
363,GRP001,sent3,syntax,CP + Q,,single_sentence,critical,past,no,first_person,I,declarative,know,declarative,none,NA,grammatical,I knew it was raining.,cpq_past_aff_1p_decl_none_base,base,
364,GRP001,sent4,syntax,CP + Q,,single_sentence,critical,past,no,first_person,I,declarative,know,interrogative,whether,NA,grammatical,I knew whether it was raining.,cpq_past_aff_1p_decl_none_base,base,
365,GRP001,sent5,syntax,CP + Q,,single_sentence,control,past,no,first_person,I,declarative,wonder,declarative,none,NA,ungrammatical,I wondered it was raining.,cpq_past_aff_1p_decl_none_base,base,to make sure that it's not an overall perference for declarative CP
366,GRP001,sent6,syntax,CP + Q,,single_sentence,control,past,no,first_person,I,declarative,wonder,interrogative,whether,NA,grammatical,I wondered whether it was raining.,cpq_past_aff_1p_decl_none_base,base,
367,GRP001,sent1,syntax,CP + Q,,single_sentence,critical,past,no,first_person,I,declarative,think,declarative,none,NA,grammatical,I thought it was sunny.,cpq_past_aff_1p_decl_none_variant_1,variant_1,
368,GRP001,sent2,syntax,CP + Q,,single_sentence,critical,past,no,first_person,I,declarative,think,interrogative,whether,NA,ungrammatical,I thought whether it was sunny.,cpq_past_aff_1p_decl_none_variant_1,variant_1,
369,GRP001,sent3,syntax,CP + Q,,single_sentence,critical,past,no,first_person,I,declarative,know,declarative,none,NA,grammatical,I knew it was sunny.,cpq_past_aff_1p_decl_none_variant_1,variant_1,
370,GRP001,sent4,syntax,CP + Q,,single_sentence,critical,past,no,first_person,I,declarative,know,interrogative,whether,NA,grammatical,I knew whether it was sunny.,cpq_past_aff_1p_decl_none_variant_1,variant_1,
371,GRP001,sent5,syntax,CP + Q,,single_sentence,control,past,no,first_person,I,declarative,wonder,declarative,none,NA,ungrammatical,I wondered it was sunny.,cpq_past_aff_1p_decl_none_variant_1,variant_1,to make sure that it's not an overall perference for declarative CP
372,GRP001,sent6,syntax,CP + Q,,single_sentence,control,past,no,first_person,I,declarative,wonder,interrogative,whether,NA,grammatical,I wondered whether it was sunny.,cpq_past_aff_1p_decl_none_variant_1,variant_1,
373,GRP001,sent1,syntax,CP + Q,,single_sentence,critical,past,no,first_person,I,declarative,think,declarative,none,NA,grammatical,I thought the vase broke.,cpq_past_aff_1p_decl_none_variant_2,variant_2,
374,GRP001,sent2,syntax,CP + Q,,single_sentence,critical,past,no,first_person,I,declarative,think,interrogative,whether,NA,ungrammatical,I thought whether the vase broke.,cpq_past_aff_1p_decl_none_variant_2,variant_2,
375,GRP001,sent3,syntax,CP + Q,,single_sentence,critical,past,no,first_person,I,declarative,know,declarative,none,NA,grammatical,I knew the vase broke.,cpq_past_aff_1p_decl_none_variant_2,variant_2,
376,GRP001,sent4,syntax,CP + Q,,single_sentence,critical,past,no,first_person,I,declarative,know,interrogative,whether,NA,grammatical,I knew whether the vase broke.,cpq_past_aff_1p_decl_none_variant_2,variant_2,
377,GRP001,sent5,syntax,CP + Q,,single_sentence,control,past,no,first_person,I,declarative,wonder,declarative,none,NA,ungrammatical,I wondered the vase broke.,cpq_past_aff_1p_decl_none_variant_2,variant_2,to make sure that it's not an overall perference for declarative CP
378,GRP001,sent6,syntax,CP + Q,,single_sentence,control,past,no,first_person,I,declarative,wonder,interrogative,whether,NA,grammatical,I wondered whether the vase broke.,cpq_past_aff_1p_decl_none_variant_2,variant_2,
379,GRP001,sent1,syntax,CP + Q,,single_sentence,critical,past,yes,first_person,I,declarative,think,declarative,none,NA,grammatical,I didn't think it was raining.,cpq_past_neg_1p_decl_none_base,base,
380,GRP001,sent2,syntax,CP + Q,,single_sentence,critical,past,yes,first_person,I,declarative,think,interrogative,whether,NA,ungrammatical,I didn't think whether it was raining.,cpq_past_neg_1p_decl_none_base,base,
381,GRP001,sent3,syntax,CP + Q,,single_sentence,critical,past,yes,first_person,I,declarative,know,declarative,none,NA,grammatical,I didn't know it was raining.,cpq_past_neg_1p_decl_none_base,base,
382,GRP001,sent4,syntax,CP + Q,,single_sentence,critical,past,yes,first_person,I,declarative,know,interrogative,whether,NA,grammatical,I didn't know whether it was raining.,cpq_past_neg_1p_decl_none_base,base,
383,GRP001,sent5,syntax,CP + Q,,single_sentence,control,past,yes,first_person,I,declarative,wonder,declarative,none,NA,ungrammatical,I didn't wonder it was raining.,cpq_past_neg_1p_decl_none_base,base,to make sure that it's not an overall perference for declarative CP
384,GRP001,sent6,syntax,CP + Q,,single_sentence,control,past,yes,first_person,I,declarative,wonder,interrogative,whether,NA,grammatical,I didn't wonder whether it was raining.,cpq_past_neg_1p_decl_none_base,base,
385,GRP001,sent1,syntax,CP + Q,,single_sentence,critical,past,yes,first_person,I,declarative,think,declarative,none,NA,grammatical,I didn't think it was sunny.,cpq_past_neg_1p_decl_none_variant_1,variant_1,
386,GRP001,sent2,syntax,CP + Q,,single_sentence,critical,past,yes,first_person,I,declarative,think,interrogative,whether,NA,ungrammatical,I didn't think whether it was sunny.,cpq_past_neg_1p_decl_none_variant_1,variant_1,
387,GRP001,sent3,syntax,CP + Q,,single_sentence,critical,past,yes,first_person,I,declarative,know,declarative,none,NA,grammatical,I didn't know it was sunny.,cpq_past_neg_1p_decl_none_variant_1,variant_1,
388,GRP001,sent4,syntax,CP + Q,,single_sentence,critical,past,yes,first_person,I,declarative,know,interrogative,whether,NA,grammatical,I didn't know whether it was sunny.,cpq_past_neg_1p_decl_none_variant_1,variant_1,
389,GRP001,sent5,syntax,CP + Q,,single_sentence,control,past,yes,first_person,I,declarative,wonder,declarative,none,NA,ungrammatical,I didn't wonder it was sunny.,cpq_past_neg_1p_decl_none_variant_1,variant_1,to make sure that it's not an overall perference for declarative CP
390,GRP001,sent6,syntax,CP + Q,,single_sentence,control,past,yes,first_person,I,declarative,wonder,interrogative,whether,NA,grammatical,I didn't wonder whether it was sunny.,cpq_past_neg_1p_decl_none_variant_1,variant_1,
391,GRP001,sent1,syntax,CP + Q,,single_sentence,critical,past,yes,first_person,I,declarative,think,declarative,none,NA,grammatical,I didn't think it was snowing.,cpq_past_neg_1p_decl_none_variant_2,variant_2,
392,GRP001,sent2,syntax,CP + Q,,single_sentence,critical,past,yes,first_person,I,declarative,think,interrogative,whether,NA,ungrammatical,I didn't think whether it was snowing.,cpq_past_neg_1p_decl_none_variant_2,variant_2,
393,GRP001,sent3,syntax,CP + Q,,single_sentence,critical,past,yes,first_person,I,declarative,know,declarative,none,NA,grammatical,I didn't know it was snowing.,cpq_past_neg_1p_decl_none_variant_2,variant_2,
394,GRP001,sent4,syntax,CP + Q,,single_sentence,critical,past,yes,first_person,I,declarative,know,interrogative,whether,NA,grammatical,I didn't know whether it was snowing.,cpq_past_neg_1p_decl_none_variant_2,variant_2,
395,GRP001,sent5,syntax,CP + Q,,single_sentence,control,past,yes,first_person,I,declarative,wonder,declarative,none,NA,ungrammatical,I didn't wonder it was snowing.,cpq_past_neg_1p_decl_none_variant_2,variant_2,to make sure that it's not an overall perference for declarative CP
396,GRP001,sent6,syntax,CP + Q,,single_sentence,control,past,yes,first_person,I,declarative,wonder,interrogative,whether,NA,grammatical,I didn't wonder whether it was snowing.,cpq_past_neg_1p_decl_none_variant_2,variant_2,
397,GRP001,sent1,syntax,CP + Q,,single_sentence,critical,present,no,first_person,I,polar_question,think,declarative,none,NA,grammatical,Do I think it is raining?,cpq_pres_aff_1p_pol_none_base,base,
398,GRP001,sent2,syntax,CP + Q,,single_sentence,critical,present,no,first_person,I,polar_question,think,interrogative,whether,NA,ungrammatical,Do I think whether it is raining?,cpq_pres_aff_1p_pol_none_base,base,
399,GRP001,sent3,syntax,CP + Q,,single_sentence,critical,present,no,first_person,I,polar_question,know,declarative,none,NA,grammatical,Do I know it is raining?,cpq_pres_aff_1p_pol_none_base,base,
400,GRP001,sent4,syntax,CP + Q,,single_sentence,critical,present,no,first_person,I,polar_question,know,interrogative,whether,NA,grammatical,Do I know whether it is raining?,cpq_pres_aff_1p_pol_none_base,base,
401,GRP001,sent5,syntax,CP + Q,,single_sentence,control,present,no,first_person,I,polar_question,wonder,declarative,none,NA,ungrammatical,Do I wonder it is raining?,cpq_pres_aff_1p_pol_none_base,base,to make sure that it's not an overall perference for declarative CP
402,GRP001,sent6,syntax,CP + Q,,single_sentence,control,present,no,first_person,I,polar_question,wonder,interrogative,whether,NA,grammatical,Do I wonder whether it is raining?,cpq_pres_aff_1p_pol_none_base,base,
403,GRP001,sent1,syntax,CP + Q,,single_sentence,critical,present,no,first_person,I,polar_question,think,declarative,none,NA,grammatical,Do I think it is sunny?,cpq_pres_aff_1p_pol_none_variant_1,variant_1,
404,GRP001,sent2,syntax,CP + Q,,single_sentence,critical,present,no,first_person,I,polar_question,think,interrogative,whether,NA,ungrammatical,Do I think whether it is sunny?,cpq_pres_aff_1p_pol_none_variant_1,variant_1,
405,GRP001,sent3,syntax,CP + Q,,single_sentence,critical,present,no,first_person,I,polar_question,know,declarative,none,NA,grammatical,Do I know it is sunny?,cpq_pres_aff_1p_pol_none_variant_1,variant_1,
406,GRP001,sent4,syntax,CP + Q,,single_sentence,critical,present,no,first_person,I,polar_question,know,interrogative,whether,NA,grammatical,Do I know whether it is sunny?,cpq_pres_aff_1p_pol_none_variant_1,variant_1,
407,GRP001,sent5,syntax,CP + Q,,single_sentence,control,present,no,first_person,I,polar_question,wonder,declarative,none,NA,ungrammatical,Do I wonder it is sunny?,cpq_pres_aff_1p_pol_none_variant_1,variant_1,to make sure that it's not an overall perference for declarative CP
408,GRP001,sent6,syntax,CP + Q,,single_sentence,control,present,no,first_person,I,polar_question,wonder,interrogative,whether,NA,grammatical,Do I wonder whether it is sunny?,cpq_pres_aff_1p_pol_none_variant_1,variant_1,
409,GRP001,sent1,syntax,CP + Q,,single_sentence,critical,present,no,first_person,I,polar_question,think,declarative,none,NA,grammatical,Do I think it is snowing?,cpq_pres_aff_1p_pol_none_variant_2,variant_2,
410,GRP001,sent2,syntax,CP + Q,,single_sentence,critical,present,no,first_person,I,polar_question,think,interrogative,whether,NA,ungrammatical,Do I think whether it is snowing?,cpq_pres_aff_1p_pol_none_variant_2,variant_2,
411,GRP001,sent3,syntax,CP + Q,,single_sentence,critical,present,no,first_person,I,polar_question,know,declarative,none,NA,grammatical,Do I know it is snowing?,cpq_pres_aff_1p_pol_none_variant_2,variant_2,
412,GRP001,sent4,syntax,CP + Q,,single_sentence,critical,present,no,first_person,I,polar_question,know,interrogative,whether,NA,grammatical,Do I know whether it is snowing?,cpq_pres_aff_1p_pol_none_variant_2,variant_2,
413,GRP001,sent5,syntax,CP + Q,,single_sentence,control,present,no,first_person,I,polar_question,wonder,declarative,none,NA,ungrammatical,Do I wonder it is snowing?,cpq_pres_aff_1p_pol_none_variant_2,variant_2,to make sure that it's not an overall perference for declarative CP
414,GRP001,sent6,syntax,CP + Q,,single_sentence,control,present,no,first_person,I,polar_question,wonder,interrogative,whether,NA,grammatical,Do I wonder whether it is snowing?,cpq_pres_aff_1p_pol_none_variant_2,variant_2,
415,GRP001,sent1,syntax,CP + Q,,single_sentence,critical,past,no,first_person,I,polar_question,think,declarative,none,NA,grammatical,Did I think it was raining?,cpq_past_aff_1p_pol_none_base,base,
416,GRP001,sent2,syntax,CP + Q,,single_sentence,critical,past,no,first_person,I,polar_question,think,interrogative,whether,NA,ungrammatical,Did I think whether it was raining?,cpq_past_aff_1p_pol_none_base,base,
417,GRP001,sent3,syntax,CP + Q,,single_sentence,critical,past,no,first_person,I,polar_question,know,declarative,none,NA,grammatical,Did I know it was raining?,cpq_past_aff_1p_pol_none_base,base,
418,GRP001,sent4,syntax,CP + Q,,single_sentence,critical,past,no,first_person,I,polar_question,know,interrogative,whether,NA,grammatical,Did I know whether it was raining?,cpq_past_aff_1p_pol_none_base,base,
419,GRP001,sent5,syntax,CP + Q,,single_sentence,control,past,no,first_person,I,polar_question,wonder,declarative,none,NA,ungrammatical,Did I wonder it was raining?,cpq_past_aff_1p_pol_none_base,base,to make sure that it's not an overall perference for declarative CP
420,GRP001,sent6,syntax,CP + Q,,single_sentence,control,past,no,first_person,I,polar_question,wonder,interrogative,whether,NA,grammatical,Did I wonder whether it was raining?,cpq_past_aff_1p_pol_none_base,base,
421,GRP001,sent1,syntax,CP + Q,,single_sentence,critical,past,no,first_person,I,polar_question,think,declarative,none,NA,grammatical,Did I think the rumor was good?,cpq_past_aff_1p_pol_none_variant_1,variant_1,
422,GRP001,sent2,syntax,CP + Q,,single_sentence,critical,past,no,first_person,I,polar_question,think,interrogative,whether,NA,ungrammatical,Did I think whether the rumor was good?,cpq_past_aff_1p_pol_none_variant_1,variant_1,
423,GRP001,sent3,syntax,CP + Q,,single_sentence,critical,past,no,first_person,I,polar_question,know,declarative,none,NA,grammatical,Did I know the rumor was good?,cpq_past_aff_1p_pol_none_variant_1,variant_1,
424,GRP001,sent4,syntax,CP + Q,,single_sentence,critical,past,no,first_person,I,polar_question,know,interrogative,whether,NA,grammatical,Did I know whether the rumor was good?,cpq_past_aff_1p_pol_none_variant_1,variant_1,
425,GRP001,sent5,syntax,CP + Q,,single_sentence,control,past,no,first_person,I,polar_question,wonder,declarative,none,NA,ungrammatical,Did I wonder the rumor was good?,cpq_past_aff_1p_pol_none_variant_1,variant_1,to make sure that it's not an overall perference for declarative CP
426,GRP001,sent6,syntax,CP + Q,,single_sentence,control,past,no,first_person,I,polar_question,wonder,interrogative,whether,NA,grammatical,Did I wonder whether the rumor was good?,cpq_past_aff_1p_pol_none_variant_1,variant_1,
427,GRP001,sent1,syntax,CP + Q,,single_sentence,critical,past,no,first_person,I,polar_question,think,declarative,none,NA,grammatical,Did I think the vase shattered?,cpq_past_aff_1p_pol_none_variant_2,variant_2,
428,GRP001,sent2,syntax,CP + Q,,single_sentence,critical,past,no,first_person,I,polar_question,think,interrogative,whether,NA,ungrammatical,Did I think whether the vase shattered?,cpq_past_aff_1p_pol_none_variant_2,variant_2,
429,GRP001,sent3,syntax,CP + Q,,single_sentence,critical,past,no,first_person,I,polar_question,know,declarative,none,NA,grammatical,Did I know the vase shattered?,cpq_past_aff_1p_pol_none_variant_2,variant_2,
430,GRP001,sent4,syntax,CP + Q,,single_sentence,critical,past,no,first_person,I,polar_question,know,interrogative,whether,NA,grammatical,Did I know whether the vase shattered?,cpq_past_aff_1p_pol_none_variant_2,variant_2,
431,GRP001,sent5,syntax,CP + Q,,single_sentence,control,past,no,first_person,I,polar_question,wonder,declarative,none,NA,ungrammatical,Did I wonder the vase shattered?,cpq_past_aff_1p_pol_none_variant_2,variant_2,to make sure that it's not an overall perference for declarative CP
432,GRP001,sent6,syntax,CP + Q,,single_sentence,control,past,no,first_person,I,polar_question,wonder,interrogative,whether,NA,grammatical,Did I wonder whether the vase shattered?,cpq_past_aff_1p_pol_none_variant_2,variant_2,
433,GRP002,sent1,syntax,NP complement,NP vs CP copula deletion,single_sentence,critical,present,no,third_person,John,declarative,think,declarative,none,NA,grammatical,John thinks the rumor is about Mary.,npcop_pres_aff_3p_base,base,
434,GRP002,sent2,syntax,NP complement,NP vs CP copula deletion,single_sentence,critical,present,no,third_person,John,declarative,think,NP,NA,about,ungrammatical,John thinks the rumor about Mary.,npcop_pres_aff_3p_base,base,
435,GRP002,sent3,syntax,NP complement,NP vs CP copula deletion,single_sentence,critical,present,no,third_person,John,declarative,know,declarative,none,NA,grammatical,John knows the rumor is about Mary.,npcop_pres_aff_3p_base,base,
436,GRP002,sent4,syntax,NP complement,NP vs CP copula deletion,single_sentence,critical,present,no,third_person,John,declarative,know,NP,NA,about,grammatical,John knows the rumor about Mary.,npcop_pres_aff_3p_base,base,
437,GRP002,sent5,syntax,NP complement,NP vs CP copula deletion,single_sentence,control,present,no,third_person,John,declarative,start,declarative,none,NA,ungrammatical,John starts the rumor is about Mary.,npcop_pres_aff_3p_base,base,
438,GRP002,sent6,syntax,NP complement,NP vs CP copula deletion,single_sentence,control,present,no,third_person,John,declarative,start,NP,NA,about,grammatical,John starts the rumor about Mary.,npcop_pres_aff_3p_base,base,
439,GRP002,sent1,syntax,NP complement,NP vs CP copula deletion,single_sentence,critical,present,no,third_person,the woman,declarative,think,declarative,none,NA,grammatical,The woman thinks the rumor is about the man.,npcop_pres_aff_3p_variant_1,variant_1,
440,GRP002,sent2,syntax,NP complement,NP vs CP copula deletion,single_sentence,critical,present,no,third_person,the woman,declarative,think,NP,NA,about,ungrammatical,The woman thinks the rumor about the man.,npcop_pres_aff_3p_variant_1,variant_1,
441,GRP002,sent3,syntax,NP complement,NP vs CP copula deletion,single_sentence,critical,present,no,third_person,the woman,declarative,know,declarative,none,NA,grammatical,The woman knows the rumor is about the man.,npcop_pres_aff_3p_variant_1,variant_1,
442,GRP002,sent4,syntax,NP complement,NP vs CP copula deletion,single_sentence,critical,present,no,third_person,the woman,declarative,know,NP,NA,about,grammatical,The woman knows the rumor about the man.,npcop_pres_aff_3p_variant_1,variant_1,
443,GRP002,sent5,syntax,NP complement,NP vs CP copula deletion,single_sentence,control,present,no,third_person,the woman,declarative,start,declarative,none,NA,ungrammatical,The woman starts the rumor is about the man.,npcop_pres_aff_3p_variant_1,variant_1,
444,GRP002,sent6,syntax,NP complement,NP vs CP copula deletion,single_sentence,control,present,no,third_person,the woman,declarative,start,NP,NA,about,grammatical,The woman starts the rumor about the man.,npcop_pres_aff_3p_variant_1,variant_1,
445,GRP002,sent1,syntax,NP complement,NP vs CP copula deletion,single_sentence,critical,present,no,third_person,they,declarative,think,declarative,none,NA,grammatical,They think the rumor is about the woman.,npcop_pres_aff_3p_variant_2,variant_2,
446,GRP002,sent2,syntax,NP complement,NP vs CP copula deletion,single_sentence,critical,present,no,third_person,they,declarative,think,NP,NA,about,ungrammatical,They think the rumor about the woman.,npcop_pres_aff_3p_variant_2,variant_2,
447,GRP002,sent3,syntax,NP complement,NP vs CP copula deletion,single_sentence,critical,present,no,third_person,they,declarative,know,declarative,none,NA,grammatical,They know the rumor is about the woman.,npcop_pres_aff_3p_variant_2,variant_2,
448,GRP002,sent4,syntax,NP complement,NP vs CP copula deletion,single_sentence,critical,present,no,third_person,they,declarative,know,NP,NA,about,grammatical,They know the rumor about the woman.,npcop_pres_aff_3p_variant_2,variant_2,
449,GRP002,sent5,syntax,NP complement,NP vs CP copula deletion,single_sentence,control,present,no,third_person,they,declarative,start,declarative,none,NA,ungrammatical,They start the rumor is about the woman.,npcop_pres_aff_3p_variant_2,variant_2,
450,GRP002,sent6,syntax,NP complement,NP vs CP copula deletion,single_sentence,control,present,no,third_person,they,declarative,start,NP,NA,about,grammatical,They start the rumor about the woman.,npcop_pres_aff_3p_variant_2,variant_2,
451,GRP002,sent1,syntax,NP complement,NP vs CP copula deletion,single_sentence,critical,present,yes,third_person,John,declarative,think,declarative,none,NA,grammatical,John doesn't think the rumor is about Mary.,npcop_pres_neg_3p_base,base,
452,GRP002,sent2,syntax,NP complement,NP vs CP copula deletion,single_sentence,critical,present,yes,third_person,John,declarative,think,NP,NA,about,ungrammatical,John doesn't think the rumor about Mary.,npcop_pres_neg_3p_base,base,
453,GRP002,sent3,syntax,NP complement,NP vs CP copula deletion,single_sentence,critical,present,yes,third_person,John,declarative,know,declarative,none,NA,grammatical,John doesn't know the rumor is about Mary.,npcop_pres_neg_3p_base,base,
454,GRP002,sent4,syntax,NP complement,NP vs CP copula deletion,single_sentence,critical,present,yes,third_person,John,declarative,know,NP,NA,about,grammatical,John doesn't know the rumor about Mary.,npcop_pres_neg_3p_base,base,
455,GRP002,sent5,syntax,NP complement,NP vs CP copula deletion,single_sentence,control,present,yes,third_person,John,declarative,start,declarative,none,NA,ungrammatical,John doesn't start the rumor is about Mary.,npcop_pres_neg_3p_base,base,
456,GRP002,sent6,syntax,NP complement,NP vs CP copula deletion,single_sentence,control,present,yes,third_person,John,declarative,start,NP,NA,about,grammatical,John doesn't start the rumor about Mary.,npcop_pres_neg_3p_base,base,
457,GRP002,sent1,syntax,NP complement,NP vs CP copula deletion,single_sentence,critical,present,yes,third_person,the doctor,declarative,think,declarative,none,NA,grammatical,The doctor doesn't think the rumor is about Jane.,npcop_pres_neg_3p_variant_1,variant_1,
458,GRP002,sent2,syntax,NP complement,NP vs CP copula deletion,single_sentence,critical,present,yes,third_person,the doctor,declarative,think,NP,NA,about,ungrammatical,The doctor doesn't think the rumor about Jane.,npcop_pres_neg_3p_variant_1,variant_1,
459,GRP002,sent3,syntax,NP complement,NP vs CP copula deletion,single_sentence,critical,present,yes,third_person,the doctor,declarative,know,declarative,none,NA,grammatical,The doctor doesn't know the rumor is about Jane.,npcop_pres_neg_3p_variant_1,variant_1,
460,GRP002,sent4,syntax,NP complement,NP vs CP copula deletion,single_sentence,critical,present,yes,third_person,the doctor,declarative,know,NP,NA,about,grammatical,The doctor doesn't know the rumor about Jane.,npcop_pres_neg_3p_variant_1,variant_1,
461,GRP002,sent5,syntax,NP complement,NP vs CP copula deletion,single_sentence,control,present,yes,third_person,the doctor,declarative,start,declarative,none,NA,ungrammatical,The doctor doesn't start the rumor is about Jane.,npcop_pres_neg_3p_variant_1,variant_1,
462,GRP002,sent6,syntax,NP complement,NP vs CP copula deletion,single_sentence,control,present,yes,third_person,the doctor,declarative,start,NP,NA,about,grammatical,The doctor doesn't start the rumor about Jane.,npcop_pres_neg_3p_variant_1,variant_1,
463,GRP002,sent1,syntax,NP complement,NP vs CP copula deletion,single_sentence,critical,present,yes,third_person,Christopher,declarative,think,declarative,none,NA,grammatical,Christopher doesn't think the rumor is about Jane.,npcop_pres_neg_3p_variant_2,variant_2,
464,GRP002,sent2,syntax,NP complement,NP vs CP copula deletion,single_sentence,critical,present,yes,third_person,Christopher,declarative,think,NP,NA,about,ungrammatical,Christopher doesn't think the rumor about Jane.,npcop_pres_neg_3p_variant_2,variant_2,
465,GRP002,sent3,syntax,NP complement,NP vs CP copula deletion,single_sentence,critical,present,yes,third_person,Christopher,declarative,know,declarative,none,NA,grammatical,Christopher doesn't know the rumor is about Jane.,npcop_pres_neg_3p_variant_2,variant_2,
466,GRP002,sent4,syntax,NP complement,NP vs CP copula deletion,single_sentence,critical,present,yes,third_person,Christopher,declarative,know,NP,NA,about,grammatical,Christopher doesn't know the rumor about Jane.,npcop_pres_neg_3p_variant_2,variant_2,
467,GRP002,sent5,syntax,NP complement,NP vs CP copula deletion,single_sentence,control,present,yes,third_person,Christopher,declarative,start,declarative,none,NA,ungrammatical,Christopher doesn't start the rumor is about Jane.,npcop_pres_neg_3p_variant_2,variant_2,
468,GRP002,sent6,syntax,NP complement,NP vs CP copula deletion,single_sentence,control,present,yes,third_person,Christopher,declarative,start,NP,NA,about,grammatical,Christopher doesn't start the rumor about Jane.,npcop_pres_neg_3p_variant_2,variant_2,
469,GRP002,sent1,syntax,NP complement,NP vs CP copula deletion,single_sentence,critical,past,no,third_person,John,declarative,think,declarative,none,NA,grammatical,John thought the rumor was about Mary.,npcop_past_aff_3p_base,base,
470,GRP002,sent2,syntax,NP complement,NP vs CP copula deletion,single_sentence,critical,past,no,third_person,John,declarative,think,NP,NA,about,ungrammatical,John thought the rumor about Mary.,npcop_past_aff_3p_base,base,
471,GRP002,sent3,syntax,NP complement,NP vs CP copula deletion,single_sentence,critical,past,no,third_person,John,declarative,know,declarative,none,NA,grammatical,John knew the rumor was about Mary.,npcop_past_aff_3p_base,base,
472,GRP002,sent4,syntax,NP complement,NP vs CP copula deletion,single_sentence,critical,past,no,third_person,John,declarative,know,NP,NA,about,grammatical,John knew the rumor about Mary.,npcop_past_aff_3p_base,base,
473,GRP002,sent5,syntax,NP complement,NP vs CP copula deletion,single_sentence,control,past,no,third_person,John,declarative,start,declarative,none,NA,ungrammatical,John started the rumor was about Mary.,npcop_past_aff_3p_base,base,
474,GRP002,sent6,syntax,NP complement,NP vs CP copula deletion,single_sentence,control,past,no,third_person,John,declarative,start,NP,NA,about,grammatical,John started the rumor about Mary.,npcop_past_aff_3p_base,base,
475,GRP002,sent1,syntax,NP complement,NP vs CP copula deletion,single_sentence,critical,past,no,third_person,she,declarative,think,declarative,none,NA,grammatical,She thought the rumor was about the student.,npcop_past_aff_3p_variant_1,variant_1,
476,GRP002,sent2,syntax,NP complement,NP vs CP copula deletion,single_sentence,critical,past,no,third_person,she,declarative,think,NP,NA,about,ungrammatical,She thought the rumor about the student.,npcop_past_aff_3p_variant_1,variant_1,
477,GRP002,sent3,syntax,NP complement,NP vs CP copula deletion,single_sentence,critical,past,no,third_person,she,declarative,know,declarative,none,NA,grammatical,She knew the rumor was about the student.,npcop_past_aff_3p_variant_1,variant_1,
478,GRP002,sent4,syntax,NP complement,NP vs CP copula deletion,single_sentence,critical,past,no,third_person,she,declarative,know,NP,NA,about,grammatical,She knew the rumor about the student.,npcop_past_aff_3p_variant_1,variant_1,
479,GRP002,sent5,syntax,NP complement,NP vs CP copula deletion,single_sentence,control,past,no,third_person,she,declarative,start,declarative,none,NA,ungrammatical,She started the rumor was about the student.,npcop_past_aff_3p_variant_1,variant_1,
480,GRP002,sent6,syntax,NP complement,NP vs CP copula deletion,single_sentence,control,past,no,third_person,she,declarative,start,NP,NA,about,grammatical,She started the rumor about the student.,npcop_past_aff_3p_variant_1,variant_1,
481,GRP002,sent1,syntax,NP complement,NP vs CP copula deletion,single_sentence,critical,past,no,third_person,Bob,declarative,think,declarative,none,NA,grammatical,Bob thought the rumor was about the teacher.,npcop_past_aff_3p_variant_2,variant_2,
482,GRP002,sent2,syntax,NP complement,NP vs CP copula deletion,single_sentence,critical,past,no,third_person,Bob,declarative,think,NP,NA,about,ungrammatical,Bob thought the rumor about the teacher.,npcop_past_aff_3p_variant_2,variant_2,
483,GRP002,sent3,syntax,NP complement,NP vs CP copula deletion,single_sentence,critical,past,no,third_person,Bob,declarative,know,declarative,none,NA,grammatical,Bob knew the rumor was about the teacher.,npcop_past_aff_3p_variant_2,variant_2,
484,GRP002,sent4,syntax,NP complement,NP vs CP copula deletion,single_sentence,critical,past,no,third_person,Bob,declarative,know,NP,NA,about,grammatical,Bob knew the rumor about the teacher.,npcop_past_aff_3p_variant_2,variant_2,
485,GRP002,sent5,syntax,NP complement,NP vs CP copula deletion,single_sentence,control,past,no,third_person,Bob,declarative,start,declarative,none,NA,ungrammatical,Bob started the rumor was about the teacher.,npcop_past_aff_3p_variant_2,variant_2,
486,GRP002,sent6,syntax,NP complement,NP vs CP copula deletion,single_sentence,control,past,no,third_person,Bob,declarative,start,NP,NA,about,grammatical,Bob started the rumor about the teacher.,npcop_past_aff_3p_variant_2,variant_2,
487,GRP002,sent1,syntax,NP complement,NP vs CP copula deletion,single_sentence,critical,past,yes,third_person,John,declarative,think,declarative,none,NA,grammatical,John didn't think the rumor was about Mary.,npcop_past_neg_3p_base,base,
488,GRP002,sent2,syntax,NP complement,NP vs CP copula deletion,single_sentence,critical,past,yes,third_person,John,declarative,think,NP,NA,about,ungrammatical,John didn't think the rumor about Mary.,npcop_past_neg_3p_base,base,
489,GRP002,sent3,syntax,NP complement,NP vs CP copula deletion,single_sentence,critical,past,yes,third_person,John,declarative,know,declarative,none,NA,grammatical,John didn't know the rumor was about Mary.,npcop_past_neg_3p_base,base,
490,GRP002,sent4,syntax,NP complement,NP vs CP copula deletion,single_sentence,critical,past,yes,third_person,John,declarative,know,NP,NA,about,grammatical,John didn't know the rumor about Mary.,npcop_past_neg_3p_base,base,
491,GRP002,sent5,syntax,NP complement,NP vs CP copula deletion,single_sentence,control,past,yes,third_person,John,declarative,start,declarative,none,NA,ungrammatical,John didn't start the rumor was about Mary.,npcop_past_neg_3p_base,base,
492,GRP002,sent6,syntax,NP complement,NP vs CP copula deletion,single_sentence,control,past,yes,third_person,John,declarative,start,NP,NA,about,grammatical,John didn't start the rumor about Mary.,npcop_past_neg_3p_base,base,
493,GRP002,sent1,syntax,NP complement,NP vs CP copula deletion,single_sentence,critical,past,yes,third_person,Christopher,declarative,think,declarative,none,NA,grammatical,Christopher didn't think the rumor was about Sarah.,npcop_past_neg_3p_variant_1,variant_1,
494,GRP002,sent2,syntax,NP complement,NP vs CP copula deletion,single_sentence,critical,past,yes,third_person,Christopher,declarative,think,NP,NA,about,ungrammatical,Christopher didn't think the rumor about Sarah.,npcop_past_neg_3p_variant_1,variant_1,
495,GRP002,sent3,syntax,NP complement,NP vs CP copula deletion,single_sentence,critical,past,yes,third_person,Christopher,declarative,know,declarative,none,NA,grammatical,Christopher didn't know the rumor was about Sarah.,npcop_past_neg_3p_variant_1,variant_1,
496,GRP002,sent4,syntax,NP complement,NP vs CP copula deletion,single_sentence,critical,past,yes,third_person,Christopher,declarative,know,NP,NA,about,grammatical,Christopher didn't know the rumor about Sarah.,npcop_past_neg_3p_variant_1,variant_1,
497,GRP002,sent5,syntax,NP complement,NP vs CP copula deletion,single_sentence,control,past,yes,third_person,Christopher,declarative,start,declarative,none,NA,ungrammatical,Christopher didn't start the rumor was about Sarah.,npcop_past_neg_3p_variant_1,variant_1,
498,GRP002,sent6,syntax,NP complement,NP vs CP copula deletion,single_sentence,control,past,yes,third_person,Christopher,declarative,start,NP,NA,about,grammatical,Christopher didn't start the rumor about Sarah.,npcop_past_neg_3p_variant_1,variant_1,
499,GRP002,sent1,syntax,NP complement,NP vs CP copula deletion,single_sentence,critical,past,yes,third_person,the doctor,declarative,think,declarative,none,NA,grammatical,The doctor didn't think the rumor was about the woman.,npcop_past_neg_3p_variant_2,variant_2,
500,GRP002,sent2,syntax,NP complement,NP vs CP copula deletion,single_sentence,critical,past,yes,third_person,the doctor,declarative,think,NP,NA,about,ungrammatical,The doctor didn't think the rumor about the woman.,npcop_past_neg_3p_variant_2,variant_2,
501,GRP002,sent3,syntax,NP complement,NP vs CP copula deletion,single_sentence,critical,past,yes,third_person,the doctor,declarative,know,declarative,none,NA,grammatical,The doctor didn't know the rumor was about the woman.,npcop_past_neg_3p_variant_2,variant_2,
502,GRP002,sent4,syntax,NP complement,NP vs CP copula deletion,single_sentence,critical,past,yes,third_person,the doctor,declarative,know,NP,NA,about,grammatical,The doctor didn't know the rumor about the woman.,npcop_past_neg_3p_variant_2,variant_2,
503,GRP002,sent5,syntax,NP complement,NP vs CP copula deletion,single_sentence,control,past,yes,third_person,the doctor,declarative,start,declarative,none,NA,ungrammatical,The doctor didn't start the rumor was about the woman.,npcop_past_neg_3p_variant_2,variant_2,
504,GRP002,sent6,syntax,NP complement,NP vs CP copula deletion,single_sentence,control,past,yes,third_person,the doctor,declarative,start,NP,NA,about,grammatical,The doctor didn't start the rumor about the woman.,npcop_past_neg_3p_variant_2,variant_2,
505,GRP002,sent1,syntax,NP complement,NP vs CP copula deletion,single_sentence,critical,present,no,first_person,I,declarative,think,declarative,none,NA,grammatical,I think the rumor is about Mary.,npcop_pres_aff_1p_base,base,
506,GRP002,sent2,syntax,NP complement,NP vs CP copula deletion,single_sentence,critical,present,no,first_person,I,declarative,think,NP,NA,about,ungrammatical,I think the rumor about Mary.,npcop_pres_aff_1p_base,base,
507,GRP002,sent3,syntax,NP complement,NP vs CP copula deletion,single_sentence,critical,present,no,first_person,I,declarative,know,declarative,none,NA,grammatical,I know the rumor is about Mary.,npcop_pres_aff_1p_base,base,
508,GRP002,sent4,syntax,NP complement,NP vs CP copula deletion,single_sentence,critical,present,no,first_person,I,declarative,know,NP,NA,about,grammatical,I know the rumor about Mary.,npcop_pres_aff_1p_base,base,
509,GRP002,sent5,syntax,NP complement,NP vs CP copula deletion,single_sentence,control,present,no,first_person,I,declarative,start,declarative,none,NA,ungrammatical,I start the rumor is about Mary.,npcop_pres_aff_1p_base,base,
510,GRP002,sent6,syntax,NP complement,NP vs CP copula deletion,single_sentence,control,present,no,first_person,I,declarative,start,NP,NA,about,grammatical,I start the rumor about Mary.,npcop_pres_aff_1p_base,base,
511,GRP002,sent1,syntax,NP complement,NP vs CP copula deletion,single_sentence,critical,present,no,first_person,I,declarative,think,declarative,none,NA,grammatical,I think the rumor is about the student.,npcop_pres_aff_1p_variant_1,variant_1,
512,GRP002,sent2,syntax,NP complement,NP vs CP copula deletion,single_sentence,critical,present,no,first_person,I,declarative,think,NP,NA,about,ungrammatical,I think the rumor about the student.,npcop_pres_aff_1p_variant_1,variant_1,
513,GRP002,sent3,syntax,NP complement,NP vs CP copula deletion,single_sentence,critical,present,no,first_person,I,declarative,know,declarative,none,NA,grammatical,I know the rumor is about the student.,npcop_pres_aff_1p_variant_1,variant_1,
514,GRP002,sent4,syntax,NP complement,NP vs CP copula deletion,single_sentence,critical,present,no,first_person,I,declarative,know,NP,NA,about,grammatical,I know the rumor about the student.,npcop_pres_aff_1p_variant_1,variant_1,
515,GRP002,sent5,syntax,NP complement,NP vs CP copula deletion,single_sentence,control,present,no,first_person,I,declarative,start,declarative,none,NA,ungrammatical,I start the rumor is about the student.,npcop_pres_aff_1p_variant_1,variant_1,
516,GRP002,sent6,syntax,NP complement,NP vs CP copula deletion,single_sentence,control,present,no,first_person,I,declarative,start,NP,NA,about,grammatical,I start the rumor about the student.,npcop_pres_aff_1p_variant_1,variant_1,
517,GRP002,sent1,syntax,NP complement,NP vs CP copula deletion,single_sentence,critical,present,no,first_person,I,declarative,think,declarative,none,NA,grammatical,I think the rumor is about the cashier.,npcop_pres_aff_1p_variant_2,variant_2,
518,GRP002,sent2,syntax,NP complement,NP vs CP copula deletion,single_sentence,critical,present,no,first_person,I,declarative,think,NP,NA,about,ungrammatical,I think the rumor about the cashier.,npcop_pres_aff_1p_variant_2,variant_2,
519,GRP002,sent3,syntax,NP complement,NP vs CP copula deletion,single_sentence,critical,present,no,first_person,I,declarative,know,declarative,none,NA,grammatical,I know the rumor is about the cashier.,npcop_pres_aff_1p_variant_2,variant_2,
520,GRP002,sent4,syntax,NP complement,NP vs CP copula deletion,single_sentence,critical,present,no,first_person,I,declarative,know,NP,NA,about,grammatical,I know the rumor about the cashier.,npcop_pres_aff_1p_variant_2,variant_2,
521,GRP002,sent5,syntax,NP complement,NP vs CP copula deletion,single_sentence,control,present,no,first_person,I,declarative,start,declarative,none,NA,ungrammatical,I start the rumor is about the cashier.,npcop_pres_aff_1p_variant_2,variant_2,
522,GRP002,sent6,syntax,NP complement,NP vs CP copula deletion,single_sentence,control,present,no,first_person,I,declarative,start,NP,NA,about,grammatical,I start the rumor about the cashier.,npcop_pres_aff_1p_variant_2,variant_2,
523,GRP002,sent1,syntax,NP complement,NP vs CP copula deletion,single_sentence,critical,past,no,first_person,I,declarative,think,declarative,none,NA,grammatical,I thought the rumor was about Mary.,npcop_past_aff_1p_base,base,
524,GRP002,sent2,syntax,NP complement,NP vs CP copula deletion,single_sentence,critical,past,no,first_person,I,declarative,think,NP,NA,about,ungrammatical,I thought the rumor about Mary.,npcop_past_aff_1p_base,base,
525,GRP002,sent3,syntax,NP complement,NP vs CP copula deletion,single_sentence,critical,past,no,first_person,I,declarative,know,declarative,none,NA,grammatical,I knew the rumor was about Mary.,npcop_past_aff_1p_base,base,
526,GRP002,sent4,syntax,NP complement,NP vs CP copula deletion,single_sentence,critical,past,no,first_person,I,declarative,know,NP,NA,about,grammatical,I knew the rumor about Mary.,npcop_past_aff_1p_base,base,
527,GRP002,sent5,syntax,NP complement,NP vs CP copula deletion,single_sentence,control,past,no,first_person,I,declarative,start,declarative,none,NA,ungrammatical,I started the rumor was about Mary.,npcop_past_aff_1p_base,base,
528,GRP002,sent6,syntax,NP complement,NP vs CP copula deletion,single_sentence,control,past,no,first_person,I,declarative,start,NP,NA,about,grammatical,I started the rumor about Mary.,npcop_past_aff_1p_base,base,
529,GRP002,sent1,syntax,NP complement,NP vs CP copula deletion,single_sentence,critical,past,no,first_person,I,declarative,think,declarative,none,NA,grammatical,I thought the rumor was about the cashier.,npcop_past_aff_1p_variant_1,variant_1,
530,GRP002,sent2,syntax,NP complement,NP vs CP copula deletion,single_sentence,critical,past,no,first_person,I,declarative,think,NP,NA,about,ungrammatical,I thought the rumor about the cashier.,npcop_past_aff_1p_variant_1,variant_1,
531,GRP002,sent3,syntax,NP complement,NP vs CP copula deletion,single_sentence,critical,past,no,first_person,I,declarative,know,declarative,none,NA,grammatical,I knew the rumor was about the cashier.,npcop_past_aff_1p_variant_1,variant_1,
532,GRP002,sent4,syntax,NP complement,NP vs CP copula deletion,single_sentence,critical,past,no,first_person,I,declarative,know,NP,NA,about,grammatical,I knew the rumor about the cashier.,npcop_past_aff_1p_variant_1,variant_1,
533,GRP002,sent5,syntax,NP complement,NP vs CP copula deletion,single_sentence,control,past,no,first_person,I,declarative,start,declarative,none,NA,ungrammatical,I started the rumor was about the cashier.,npcop_past_aff_1p_variant_1,variant_1,
534,GRP002,sent6,syntax,NP complement,NP vs CP copula deletion,single_sentence,control,past,no,first_person,I,declarative,start,NP,NA,about,grammatical,I started the rumor about the cashier.,npcop_past_aff_1p_variant_1,variant_1,
535,GRP002,sent1,syntax,NP complement,NP vs CP copula deletion,single_sentence,critical,past,no,first_person,I,declarative,think,declarative,none,NA,grammatical,I thought the rumor was about the doctor.,npcop_past_aff_1p_variant_2,variant_2,
536,GRP002,sent2,syntax,NP complement,NP vs CP copula deletion,single_sentence,critical,past,no,first_person,I,declarative,think,NP,NA,about,ungrammatical,I thought the rumor about the doctor.,npcop_past_aff_1p_variant_2,variant_2,
537,GRP002,sent3,syntax,NP complement,NP vs CP copula deletion,single_sentence,critical,past,no,first_person,I,declarative,know,declarative,none,NA,grammatical,I knew the rumor was about the doctor.,npcop_past_aff_1p_variant_2,variant_2,
538,GRP002,sent4,syntax,NP complement,NP vs CP copula deletion,single_sentence,critical,past,no,first_person,I,declarative,know,NP,NA,about,grammatical,I knew the rumor about the doctor.,npcop_past_aff_1p_variant_2,variant_2,
539,GRP002,sent5,syntax,NP complement,NP vs CP copula deletion,single_sentence,control,past,no,first_person,I,declarative,start,declarative,none,NA,ungrammatical,I started the rumor was about the doctor.,npcop_past_aff_1p_variant_2,variant_2,
540,GRP002,sent6,syntax,NP complement,NP vs CP copula deletion,single_sentence,control,past,no,first_person,I,declarative,start,NP,NA,about,grammatical,I started the rumor about the doctor.,npcop_past_aff_1p_variant_2,variant_2,
541,GRP002,sent1,syntax,NP complement,NP vs CP copula deletion,single_sentence,critical,past,yes,first_person,I,declarative,think,declarative,none,NA,grammatical,I didn't think the rumor was about Mary.,npcop_past_neg_1p_base,base,
542,GRP002,sent2,syntax,NP complement,NP vs CP copula deletion,single_sentence,critical,past,yes,first_person,I,declarative,think,NP,NA,about,ungrammatical,I didn't think the rumor about Mary.,npcop_past_neg_1p_base,base,
543,GRP002,sent3,syntax,NP complement,NP vs CP copula deletion,single_sentence,critical,past,yes,first_person,I,declarative,know,declarative,none,NA,grammatical,I didn't know the rumor was about Mary.,npcop_past_neg_1p_base,base,
544,GRP002,sent4,syntax,NP complement,NP vs CP copula deletion,single_sentence,critical,past,yes,first_person,I,declarative,know,NP,NA,about,grammatical,I didn't know the rumor about Mary.,npcop_past_neg_1p_base,base,
545,GRP002,sent5,syntax,NP complement,NP vs CP copula deletion,single_sentence,control,past,yes,first_person,I,declarative,start,declarative,none,NA,ungrammatical,I didn't start the rumor was about Mary.,npcop_past_neg_1p_base,base,
546,GRP002,sent6,syntax,NP complement,NP vs CP copula deletion,single_sentence,control,past,yes,first_person,I,declarative,start,NP,NA,about,grammatical,I didn't start the rumor about Mary.,npcop_past_neg_1p_base,base,
547,GRP002,sent1,syntax,NP complement,NP vs CP copula deletion,single_sentence,critical,past,yes,first_person,I,declarative,think,declarative,none,NA,grammatical,I didn't think the rumor was about the woman.,npcop_past_neg_1p_variant_1,variant_1,
548,GRP002,sent2,syntax,NP complement,NP vs CP copula deletion,single_sentence,critical,past,yes,first_person,I,declarative,think,NP,NA,about,ungrammatical,I didn't think the rumor about the woman.,npcop_past_neg_1p_variant_1,variant_1,
549,GRP002,sent3,syntax,NP complement,NP vs CP copula deletion,single_sentence,critical,past,yes,first_person,I,declarative,know,declarative,none,NA,grammatical,I didn't know the rumor was about the woman.,npcop_past_neg_1p_variant_1,variant_1,
550,GRP002,sent4,syntax,NP complement,NP vs CP copula deletion,single_sentence,critical,past,yes,first_person,I,declarative,know,NP,NA,about,grammatical,I didn't know the rumor about the woman.,npcop_past_neg_1p_variant_1,variant_1,
551,GRP002,sent5,syntax,NP complement,NP vs CP copula deletion,single_sentence,control,past,yes,first_person,I,declarative,start,declarative,none,NA,ungrammatical,I didn't start the rumor was about the woman.,npcop_past_neg_1p_variant_1,variant_1,
552,GRP002,sent6,syntax,NP complement,NP vs CP copula deletion,single_sentence,control,past,yes,first_person,I,declarative,start,NP,NA,about,grammatical,I didn't start the rumor about the woman.,npcop_past_neg_1p_variant_1,variant_1,
553,GRP002,sent1,syntax,NP complement,NP vs CP copula deletion,single_sentence,critical,past,yes,first_person,I,declarative,think,declarative,none,NA,grammatical,I didn't think the rumor was about Christopher.,npcop_past_neg_1p_variant_2,variant_2,
554,GRP002,sent2,syntax,NP complement,NP vs CP copula deletion,single_sentence,critical,past,yes,first_person,I,declarative,think,NP,NA,about,ungrammatical,I didn't think the rumor about Christopher.,npcop_past_neg_1p_variant_2,variant_2,
555,GRP002,sent3,syntax,NP complement,NP vs CP copula deletion,single_sentence,critical,past,yes,first_person,I,declarative,know,declarative,none,NA,grammatical,I didn't know the rumor was about Christopher.,npcop_past_neg_1p_variant_2,variant_2,
556,GRP002,sent4,syntax,NP complement,NP vs CP copula deletion,single_sentence,critical,past,yes,first_person,I,declarative,know,NP,NA,about,grammatical,I didn't know the rumor about Christopher.,npcop_past_neg_1p_variant_2,variant_2,
557,GRP002,sent5,syntax,NP complement,NP vs CP copula deletion,single_sentence,control,past,yes,first_person,I,declarative,start,declarative,none,NA,ungrammatical,I didn't start the rumor was about Christopher.,npcop_past_neg_1p_variant_2,variant_2,
558,GRP002,sent6,syntax,NP complement,NP vs CP copula deletion,single_sentence,control,past,yes,first_person,I,declarative,start,NP,NA,about,grammatical,I didn't start the rumor about Christopher.,npcop_past_neg_1p_variant_2,variant_2,
559,GRP003,sent1,syntax,NP complement,NP vs. new sentence,single_sentence,critical,present,no,third_person,John,declarative,think,declarative,none,NA,grammatical,John thinks the rumor is false.,npnew_pres_aff_3p_base,base,
560,GRP003,sent2,syntax,NP complement,NP vs. new sentence,single_sentence,critical,present,no,third_person,John,declarative,think,NP,NA,NA,ungrammatical,John thinks the rumor. It is false.,npnew_pres_aff_3p_base,base,
561,GRP003,sent3,syntax,NP complement,NP vs. new sentence,single_sentence,critical,present,no,third_person,John,declarative,know,declarative,none,NA,grammatical,John knows the rumor is false.,npnew_pres_aff_3p_base,base,
562,GRP003,sent4,syntax,NP complement,NP vs. new sentence,single_sentence,critical,present,no,third_person,John,declarative,know,NP,NA,NA,grammatical,John knows the rumor. It is false.,npnew_pres_aff_3p_base,base,
563,GRP003,sent5,syntax,NP complement,NP vs. new sentence,single_sentence,control,present,no,third_person,John,declarative,start,declarative,none,NA,ungrammatical,John starts the rumor is false.,npnew_pres_aff_3p_base,base,
564,GRP003,sent6,syntax,NP complement,NP vs. new sentence,single_sentence,control,present,no,third_person,John,declarative,start,NP,NA,NA,grammatical,John starts the rumor. It is false.,npnew_pres_aff_3p_base,base,
565,GRP003,sent1,syntax,NP complement,NP vs. new sentence,single_sentence,critical,present,no,third_person,she,declarative,think,declarative,none,NA,grammatical,She thinks the rumor is good.,npnew_pres_aff_3p_variant_1,variant_1,
566,GRP003,sent2,syntax,NP complement,NP vs. new sentence,single_sentence,critical,present,no,third_person,she,declarative,think,NP,NA,NA,ungrammatical,She thinks the rumor. It is good.,npnew_pres_aff_3p_variant_1,variant_1,
567,GRP003,sent3,syntax,NP complement,NP vs. new sentence,single_sentence,critical,present,no,third_person,she,declarative,know,declarative,none,NA,grammatical,She knows the rumor is good.,npnew_pres_aff_3p_variant_1,variant_1,
568,GRP003,sent4,syntax,NP complement,NP vs. new sentence,single_sentence,critical,present,no,third_person,she,declarative,know,NP,NA,NA,grammatical,She knows the rumor. It is good.,npnew_pres_aff_3p_variant_1,variant_1,
569,GRP003,sent5,syntax,NP complement,NP vs. new sentence,single_sentence,control,present,no,third_person,she,declarative,start,declarative,none,NA,ungrammatical,She starts the rumor is good.,npnew_pres_aff_3p_variant_1,variant_1,
570,GRP003,sent6,syntax,NP complement,NP vs. new sentence,single_sentence,control,present,no,third_person,she,declarative,start,NP,NA,NA,grammatical,She starts the rumor. It is good.,npnew_pres_aff_3p_variant_1,variant_1,
571,GRP003,sent1,syntax,NP complement,NP vs. new sentence,single_sentence,critical,present,no,third_person,she,declarative,think,declarative,none,NA,grammatical,She thinks the rumor is bad.,npnew_pres_aff_3p_variant_2,variant_2,
572,GRP003,sent2,syntax,NP complement,NP vs. new sentence,single_sentence,critical,present,no,third_person,she,declarative,think,NP,NA,NA,ungrammatical,She thinks the rumor. It is bad.,npnew_pres_aff_3p_variant_2,variant_2,
573,GRP003,sent3,syntax,NP complement,NP vs. new sentence,single_sentence,critical,present,no,third_person,she,declarative,know,declarative,none,NA,grammatical,She knows the rumor is bad.,npnew_pres_aff_3p_variant_2,variant_2,
574,GRP003,sent4,syntax,NP complement,NP vs. new sentence,single_sentence,critical,present,no,third_person,she,declarative,know,NP,NA,NA,grammatical,She knows the rumor. It is bad.,npnew_pres_aff_3p_variant_2,variant_2,
575,GRP003,sent5,syntax,NP complement,NP vs. new sentence,single_sentence,control,present,no,third_person,she,declarative,start,declarative,none,NA,ungrammatical,She starts the rumor is bad.,npnew_pres_aff_3p_variant_2,variant_2,
576,GRP003,sent6,syntax,NP complement,NP vs. new sentence,single_sentence,control,present,no,third_person,she,declarative,start,NP,NA,NA,grammatical,She starts the rumor. It is bad.,npnew_pres_aff_3p_variant_2,variant_2,
577,GRP003,sent1,syntax,NP complement,NP vs. new sentence,single_sentence,critical,present,yes,third_person,John,declarative,think,declarative,none,NA,grammatical,John doesn't think the rumor is false.,npnew_pres_neg_3p_base,base,
578,GRP003,sent2,syntax,NP complement,NP vs. new sentence,single_sentence,critical,present,yes,third_person,John,declarative,think,NP,NA,NA,ungrammatical,John doesn't think the rumor. It is false.,npnew_pres_neg_3p_base,base,
579,GRP003,sent3,syntax,NP complement,NP vs. new sentence,single_sentence,critical,present,yes,third_person,John,declarative,know,declarative,none,NA,grammatical,John doesn't know the rumor is false.,npnew_pres_neg_3p_base,base,
580,GRP003,sent4,syntax,NP complement,NP vs. new sentence,single_sentence,critical,present,yes,third_person,John,declarative,know,NP,NA,NA,grammatical,John doesn't know the rumor. It is false.,npnew_pres_neg_3p_base,base,
581,GRP003,sent5,syntax,NP complement,NP vs. new sentence,single_sentence,control,present,yes,third_person,John,declarative,start,declarative,none,NA,ungrammatical,John doesn't start the rumor is false.,npnew_pres_neg_3p_base,base,
582,GRP003,sent6,syntax,NP complement,NP vs. new sentence,single_sentence,control,present,yes,third_person,John,declarative,start,NP,NA,NA,grammatical,John doesn't start the rumor. It is false.,npnew_pres_neg_3p_base,base,
583,GRP003,sent1,syntax,NP complement,NP vs. new sentence,single_sentence,critical,present,yes,third_person,she,declarative,think,declarative,none,NA,grammatical,She doesn't think the rumor is false.,npnew_pres_neg_3p_variant_1,variant_1,
584,GRP003,sent2,syntax,NP complement,NP vs. new sentence,single_sentence,critical,present,yes,third_person,she,declarative,think,NP,NA,NA,ungrammatical,She doesn't think the rumor. It is false.,npnew_pres_neg_3p_variant_1,variant_1,
585,GRP003,sent3,syntax,NP complement,NP vs. new sentence,single_sentence,critical,present,yes,third_person,she,declarative,know,declarative,none,NA,grammatical,She doesn't know the rumor is false.,npnew_pres_neg_3p_variant_1,variant_1,
586,GRP003,sent4,syntax,NP complement,NP vs. new sentence,single_sentence,critical,present,yes,third_person,she,declarative,know,NP,NA,NA,grammatical,She doesn't know the rumor. It is false.,npnew_pres_neg_3p_variant_1,variant_1,
587,GRP003,sent5,syntax,NP complement,NP vs. new sentence,single_sentence,control,present,yes,third_person,she,declarative,start,declarative,none,NA,ungrammatical,She doesn't start the rumor is false.,npnew_pres_neg_3p_variant_1,variant_1,
588,GRP003,sent6,syntax,NP complement,NP vs. new sentence,single_sentence,control,present,yes,third_person,she,declarative,start,NP,NA,NA,grammatical,She doesn't start the rumor. It is false.,npnew_pres_neg_3p_variant_1,variant_1,
589,GRP003,sent1,syntax,NP complement,NP vs. new sentence,single_sentence,critical,present,yes,third_person,Jane,declarative,think,declarative,none,NA,grammatical,Jane doesn't think the rumor is false.,npnew_pres_neg_3p_variant_2,variant_2,
590,GRP003,sent2,syntax,NP complement,NP vs. new sentence,single_sentence,critical,present,yes,third_person,Jane,declarative,think,NP,NA,NA,ungrammatical,Jane doesn't think the rumor. It is false.,npnew_pres_neg_3p_variant_2,variant_2,
591,GRP003,sent3,syntax,NP complement,NP vs. new sentence,single_sentence,critical,present,yes,third_person,Jane,declarative,know,declarative,none,NA,grammatical,Jane doesn't know the rumor is false.,npnew_pres_neg_3p_variant_2,variant_2,
592,GRP003,sent4,syntax,NP complement,NP vs. new sentence,single_sentence,critical,present,yes,third_person,Jane,declarative,know,NP,NA,NA,grammatical,Jane doesn't know the rumor. It is false.,npnew_pres_neg_3p_variant_2,variant_2,
593,GRP003,sent5,syntax,NP complement,NP vs. new sentence,single_sentence,control,present,yes,third_person,Jane,declarative,start,declarative,none,NA,ungrammatical,Jane doesn't start the rumor is false.,npnew_pres_neg_3p_variant_2,variant_2,
594,GRP003,sent6,syntax,NP complement,NP vs. new sentence,single_sentence,control,present,yes,third_person,Jane,declarative,start,NP,NA,NA,grammatical,Jane doesn't start the rumor. It is false.,npnew_pres_neg_3p_variant_2,variant_2,
595,GRP003,sent1,syntax,NP complement,NP vs. new sentence,single_sentence,critical,past,no,third_person,John,declarative,think,declarative,none,NA,grammatical,John thought the rumor was false.,npnew_past_aff_3p_base,base,
596,GRP003,sent2,syntax,NP complement,NP vs. new sentence,single_sentence,critical,past,no,third_person,John,declarative,think,NP,NA,NA,ungrammatical,John thought the rumor. It was false.,npnew_past_aff_3p_base,base,
597,GRP003,sent3,syntax,NP complement,NP vs. new sentence,single_sentence,critical,past,no,third_person,John,declarative,know,declarative,none,NA,grammatical,John knew the rumor was false.,npnew_past_aff_3p_base,base,
598,GRP003,sent4,syntax,NP complement,NP vs. new sentence,single_sentence,critical,past,no,third_person,John,declarative,know,NP,NA,NA,grammatical,John knew the rumor. It was false.,npnew_past_aff_3p_base,base,
599,GRP003,sent5,syntax,NP complement,NP vs. new sentence,single_sentence,control,past,no,third_person,John,declarative,start,declarative,none,NA,ungrammatical,John started the rumor was false.,npnew_past_aff_3p_base,base,
600,GRP003,sent6,syntax,NP complement,NP vs. new sentence,single_sentence,control,past,no,third_person,John,declarative,start,NP,NA,NA,grammatical,John started the rumor. It was false.,npnew_past_aff_3p_base,base,
601,GRP003,sent1,syntax,NP complement,NP vs. new sentence,single_sentence,critical,past,no,third_person,they,declarative,think,declarative,none,NA,grammatical,They thought the rumor was false.,npnew_past_aff_3p_variant_1,variant_1,
602,GRP003,sent2,syntax,NP complement,NP vs. new sentence,single_sentence,critical,past,no,third_person,they,declarative,think,NP,NA,NA,ungrammatical,They thought the rumor. It was false.,npnew_past_aff_3p_variant_1,variant_1,
603,GRP003,sent3,syntax,NP complement,NP vs. new sentence,single_sentence,critical,past,no,third_person,they,declarative,know,declarative,none,NA,grammatical,They knew the rumor was false.,npnew_past_aff_3p_variant_1,variant_1,
604,GRP003,sent4,syntax,NP complement,NP vs. new sentence,single_sentence,critical,past,no,third_person,they,declarative,know,NP,NA,NA,grammatical,They knew the rumor. It was false.,npnew_past_aff_3p_variant_1,variant_1,
605,GRP003,sent5,syntax,NP complement,NP vs. new sentence,single_sentence,control,past,no,third_person,they,declarative,start,declarative,none,NA,ungrammatical,They started the rumor was false.,npnew_past_aff_3p_variant_1,variant_1,
606,GRP003,sent6,syntax,NP complement,NP vs. new sentence,single_sentence,control,past,no,third_person,they,declarative,start,NP,NA,NA,grammatical,They started the rumor. It was false.,npnew_past_aff_3p_variant_1,variant_1,
607,GRP003,sent1,syntax,NP complement,NP vs. new sentence,single_sentence,critical,past,no,third_person,Bob,declarative,think,declarative,none,NA,grammatical,Bob thought the rumor was good.,npnew_past_aff_3p_variant_2,variant_2,
608,GRP003,sent2,syntax,NP complement,NP vs. new sentence,single_sentence,critical,past,no,third_person,Bob,declarative,think,NP,NA,NA,ungrammatical,Bob thought the rumor. It was good.,npnew_past_aff_3p_variant_2,variant_2,
609,GRP003,sent3,syntax,NP complement,NP vs. new sentence,single_sentence,critical,past,no,third_person,Bob,declarative,know,declarative,none,NA,grammatical,Bob knew the rumor was good.,npnew_past_aff_3p_variant_2,variant_2,
610,GRP003,sent4,syntax,NP complement,NP vs. new sentence,single_sentence,critical,past,no,third_person,Bob,declarative,know,NP,NA,NA,grammatical,Bob knew the rumor. It was good.,npnew_past_aff_3p_variant_2,variant_2,
611,GRP003,sent5,syntax,NP complement,NP vs. new sentence,single_sentence,control,past,no,third_person,Bob,declarative,start,declarative,none,NA,ungrammatical,Bob started the rumor was good.,npnew_past_aff_3p_variant_2,variant_2,
612,GRP003,sent6,syntax,NP complement,NP vs. new sentence,single_sentence,control,past,no,third_person,Bob,declarative,start,NP,NA,NA,grammatical,Bob started the rumor. It was good.,npnew_past_aff_3p_variant_2,variant_2,
613,GRP003,sent1,syntax,NP complement,NP vs. new sentence,single_sentence,critical,past,yes,third_person,John,declarative,think,declarative,none,NA,grammatical,John didn't think the rumor was false.,npnew_past_neg_3p_base,base,
614,GRP003,sent2,syntax,NP complement,NP vs. new sentence,single_sentence,critical,past,yes,third_person,John,declarative,think,NP,NA,NA,ungrammatical,John didn't think the rumor. It was false.,npnew_past_neg_3p_base,base,
615,GRP003,sent3,syntax,NP complement,NP vs. new sentence,single_sentence,critical,past,yes,third_person,John,declarative,know,declarative,none,NA,grammatical,John didn't know the rumor was false.,npnew_past_neg_3p_base,base,
616,GRP003,sent4,syntax,NP complement,NP vs. new sentence,single_sentence,critical,past,yes,third_person,John,declarative,know,NP,NA,NA,grammatical,John didn't know the rumor. It was false.,npnew_past_neg_3p_base,base,
617,GRP003,sent5,syntax,NP complement,NP vs. new sentence,single_sentence,control,past,yes,third_person,John,declarative,start,declarative,none,NA,ungrammatical,John didn't start the rumor was false.,npnew_past_neg_3p_base,base,
618,GRP003,sent6,syntax,NP complement,NP vs. new sentence,single_sentence,control,past,yes,third_person,John,declarative,start,NP,NA,NA,grammatical,John didn't start the rumor. It was false.,npnew_past_neg_3p_base,base,
619,GRP003,sent1,syntax,NP complement,NP vs. new sentence,single_sentence,critical,past,yes,third_person,they,declarative,think,declarative,none,NA,grammatical,They didn't think the rumor was true.,npnew_past_neg_3p_variant_1,variant_1,
620,GRP003,sent2,syntax,NP complement,NP vs. new sentence,single_sentence,critical,past,yes,third_person,they,declarative,think,NP,NA,NA,ungrammatical,They didn't think the rumor. It was true.,npnew_past_neg_3p_variant_1,variant_1,
621,GRP003,sent3,syntax,NP complement,NP vs. new sentence,single_sentence,critical,past,yes,third_person,they,declarative,know,declarative,none,NA,grammatical,They didn't know the rumor was true.,npnew_past_neg_3p_variant_1,variant_1,
622,GRP003,sent4,syntax,NP complement,NP vs. new sentence,single_sentence,critical,past,yes,third_person,they,declarative,know,NP,NA,NA,grammatical,They didn't know the rumor. It was true.,npnew_past_neg_3p_variant_1,variant_1,
623,GRP003,sent5,syntax,NP complement,NP vs. new sentence,single_sentence,control,past,yes,third_person,they,declarative,start,declarative,none,NA,ungrammatical,They didn't start the rumor was true.,npnew_past_neg_3p_variant_1,variant_1,
624,GRP003,sent6,syntax,NP complement,NP vs. new sentence,single_sentence,control,past,yes,third_person,they,declarative,start,NP,NA,NA,grammatical,They didn't start the rumor. It was true.,npnew_past_neg_3p_variant_1,variant_1,
625,GRP003,sent1,syntax,NP complement,NP vs. new sentence,single_sentence,critical,past,yes,third_person,the doctor,declarative,think,declarative,none,NA,grammatical,The doctor didn't think the rumor was bad.,npnew_past_neg_3p_variant_2,variant_2,
626,GRP003,sent2,syntax,NP complement,NP vs. new sentence,single_sentence,critical,past,yes,third_person,the doctor,declarative,think,NP,NA,NA,ungrammatical,The doctor didn't think the rumor. It was bad.,npnew_past_neg_3p_variant_2,variant_2,
627,GRP003,sent3,syntax,NP complement,NP vs. new sentence,single_sentence,critical,past,yes,third_person,the doctor,declarative,know,declarative,none,NA,grammatical,The doctor didn't know the rumor was bad.,npnew_past_neg_3p_variant_2,variant_2,
628,GRP003,sent4,syntax,NP complement,NP vs. new sentence,single_sentence,critical,past,yes,third_person,the doctor,declarative,know,NP,NA,NA,grammatical,The doctor didn't know the rumor. It was bad.,npnew_past_neg_3p_variant_2,variant_2,
629,GRP003,sent5,syntax,NP complement,NP vs. new sentence,single_sentence,control,past,yes,third_person,the doctor,declarative,start,declarative,none,NA,ungrammatical,The doctor didn't start the rumor was bad.,npnew_past_neg_3p_variant_2,variant_2,
630,GRP003,sent6,syntax,NP complement,NP vs. new sentence,single_sentence,control,past,yes,third_person,the doctor,declarative,start,NP,NA,NA,grammatical,The doctor didn't start the rumor. It was bad.,npnew_past_neg_3p_variant_2,variant_2,
631,GRP003,sent1,syntax,NP complement,NP vs. new sentence,single_sentence,critical,present,no,first_person,I,declarative,think,declarative,none,NA,grammatical,I think the rumor is false.,npnew_pres_aff_1p_base,base,
632,GRP003,sent2,syntax,NP complement,NP vs. new sentence,single_sentence,critical,present,no,first_person,I,declarative,think,NP,NA,NA,ungrammatical,I think the rumor. It is false.,npnew_pres_aff_1p_base,base,
633,GRP003,sent3,syntax,NP complement,NP vs. new sentence,single_sentence,critical,present,no,first_person,I,declarative,know,declarative,none,NA,grammatical,I know the rumor is false.,npnew_pres_aff_1p_base,base,
634,GRP003,sent4,syntax,NP complement,NP vs. new sentence,single_sentence,critical,present,no,first_person,I,declarative,know,NP,NA,NA,grammatical,I know the rumor. It is false.,npnew_pres_aff_1p_base,base,
635,GRP003,sent5,syntax,NP complement,NP vs. new sentence,single_sentence,control,present,no,first_person,I,declarative,start,declarative,none,NA,ungrammatical,I start the rumor is false.,npnew_pres_aff_1p_base,base,
636,GRP003,sent6,syntax,NP complement,NP vs. new sentence,single_sentence,control,present,no,first_person,I,declarative,start,NP,NA,NA,grammatical,I start the rumor. It is false.,npnew_pres_aff_1p_base,base,
637,GRP003,sent1,syntax,NP complement,NP vs. new sentence,single_sentence,critical,present,no,first_person,I,declarative,think,declarative,none,NA,grammatical,I think the rumor is bad.,npnew_pres_aff_1p_variant_1,variant_1,
638,GRP003,sent2,syntax,NP complement,NP vs. new sentence,single_sentence,critical,present,no,first_person,I,declarative,think,NP,NA,NA,ungrammatical,I think the rumor. It is bad.,npnew_pres_aff_1p_variant_1,variant_1,
639,GRP003,sent3,syntax,NP complement,NP vs. new sentence,single_sentence,critical,present,no,first_person,I,declarative,know,declarative,none,NA,grammatical,I know the rumor is bad.,npnew_pres_aff_1p_variant_1,variant_1,
640,GRP003,sent4,syntax,NP complement,NP vs. new sentence,single_sentence,critical,present,no,first_person,I,declarative,know,NP,NA,NA,grammatical,I know the rumor. It is bad.,npnew_pres_aff_1p_variant_1,variant_1,
641,GRP003,sent5,syntax,NP complement,NP vs. new sentence,single_sentence,control,present,no,first_person,I,declarative,start,declarative,none,NA,ungrammatical,I start the rumor is bad.,npnew_pres_aff_1p_variant_1,variant_1,
642,GRP003,sent6,syntax,NP complement,NP vs. new sentence,single_sentence,control,present,no,first_person,I,declarative,start,NP,NA,NA,grammatical,I start the rumor. It is bad.,npnew_pres_aff_1p_variant_1,variant_1,
643,GRP003,sent1,syntax,NP complement,NP vs. new sentence,single_sentence,critical,present,no,first_person,I,declarative,think,declarative,none,NA,grammatical,I think the rumor is good.,npnew_pres_aff_1p_variant_2,variant_2,
644,GRP003,sent2,syntax,NP complement,NP vs. new sentence,single_sentence,critical,present,no,first_person,I,declarative,think,NP,NA,NA,ungrammatical,I think the rumor. It is good.,npnew_pres_aff_1p_variant_2,variant_2,
645,GRP003,sent3,syntax,NP complement,NP vs. new sentence,single_sentence,critical,present,no,first_person,I,declarative,know,declarative,none,NA,grammatical,I know the rumor is good.,npnew_pres_aff_1p_variant_2,variant_2,
646,GRP003,sent4,syntax,NP complement,NP vs. new sentence,single_sentence,critical,present,no,first_person,I,declarative,know,NP,NA,NA,grammatical,I know the rumor. It is good.,npnew_pres_aff_1p_variant_2,variant_2,
647,GRP003,sent5,syntax,NP complement,NP vs. new sentence,single_sentence,control,present,no,first_person,I,declarative,start,declarative,none,NA,ungrammatical,I start the rumor is good.,npnew_pres_aff_1p_variant_2,variant_2,
648,GRP003,sent6,syntax,NP complement,NP vs. new sentence,single_sentence,control,present,no,first_person,I,declarative,start,NP,NA,NA,grammatical,I start the rumor. It is good.,npnew_pres_aff_1p_variant_2,variant_2,
649,GRP003,sent1,syntax,NP complement,NP vs. new sentence,single_sentence,critical,past,no,first_person,I,declarative,think,declarative,none,NA,grammatical,I thought the rumor was false.,npnew_past_aff_1p_base,base,
650,GRP003,sent2,syntax,NP complement,NP vs. new sentence,single_sentence,critical,past,no,first_person,I,declarative,think,NP,NA,NA,ungrammatical,I thought the rumor. It was false.,npnew_past_aff_1p_base,base,
651,GRP003,sent3,syntax,NP complement,NP vs. new sentence,single_sentence,critical,past,no,first_person,I,declarative,know,declarative,none,NA,grammatical,I knew the rumor was false.,npnew_past_aff_1p_base,base,
652,GRP003,sent4,syntax,NP complement,NP vs. new sentence,single_sentence,critical,past,no,first_person,I,declarative,know,NP,NA,NA,grammatical,I knew the rumor. It was false.,npnew_past_aff_1p_base,base,
653,GRP003,sent5,syntax,NP complement,NP vs. new sentence,single_sentence,control,past,no,first_person,I,declarative,start,declarative,none,NA,ungrammatical,I started the rumor was false.,npnew_past_aff_1p_base,base,
654,GRP003,sent6,syntax,NP complement,NP vs. new sentence,single_sentence,control,past,no,first_person,I,declarative,start,NP,NA,NA,grammatical,I started the rumor. It was false.,npnew_past_aff_1p_base,base,
655,GRP003,sent1,syntax,NP complement,NP vs. new sentence,single_sentence,critical,past,no,first_person,I,declarative,think,declarative,none,NA,grammatical,I thought the rumor was true.,npnew_past_aff_1p_variant_1,variant_1,
656,GRP003,sent2,syntax,NP complement,NP vs. new sentence,single_sentence,critical,past,no,first_person,I,declarative,think,NP,NA,NA,ungrammatical,I thought the rumor. It was true.,npnew_past_aff_1p_variant_1,variant_1,
657,GRP003,sent3,syntax,NP complement,NP vs. new sentence,single_sentence,critical,past,no,first_person,I,declarative,know,declarative,none,NA,grammatical,I knew the rumor was true.,npnew_past_aff_1p_variant_1,variant_1,
658,GRP003,sent4,syntax,NP complement,NP vs. new sentence,single_sentence,critical,past,no,first_person,I,declarative,know,NP,NA,NA,grammatical,I knew the rumor. It was true.,npnew_past_aff_1p_variant_1,variant_1,
659,GRP003,sent5,syntax,NP complement,NP vs. new sentence,single_sentence,control,past,no,first_person,I,declarative,start,declarative,none,NA,ungrammatical,I started the rumor was true.,npnew_past_aff_1p_variant_1,variant_1,
660,GRP003,sent6,syntax,NP complement,NP vs. new sentence,single_sentence,control,past,no,first_person,I,declarative,start,NP,NA,NA,grammatical,I started the rumor. It was true.,npnew_past_aff_1p_variant_1,variant_1,
661,GRP003,sent1,syntax,NP complement,NP vs. new sentence,single_sentence,critical,past,no,first_person,I,declarative,think,declarative,none,NA,grammatical,I thought the rumor was bad.,npnew_past_aff_1p_variant_2,variant_2,
662,GRP003,sent2,syntax,NP complement,NP vs. new sentence,single_sentence,critical,past,no,first_person,I,declarative,think,NP,NA,NA,ungrammatical,I thought the rumor. It was bad.,npnew_past_aff_1p_variant_2,variant_2,
663,GRP003,sent3,syntax,NP complement,NP vs. new sentence,single_sentence,critical,past,no,first_person,I,declarative,know,declarative,none,NA,grammatical,I knew the rumor was bad.,npnew_past_aff_1p_variant_2,variant_2,
664,GRP003,sent4,syntax,NP complement,NP vs. new sentence,single_sentence,critical,past,no,first_person,I,declarative,know,NP,NA,NA,grammatical,I knew the rumor. It was bad.,npnew_past_aff_1p_variant_2,variant_2,
665,GRP003,sent5,syntax,NP complement,NP vs. new sentence,single_sentence,control,past,no,first_person,I,declarative,start,declarative,none,NA,ungrammatical,I started the rumor was bad.,npnew_past_aff_1p_variant_2,variant_2,
666,GRP003,sent6,syntax,NP complement,NP vs. new sentence,single_sentence,control,past,no,first_person,I,declarative,start,NP,NA,NA,grammatical,I started the rumor. It was bad.,npnew_past_aff_1p_variant_2,variant_2,
667,GRP003,sent1,syntax,NP complement,NP vs. new sentence,single_sentence,critical,past,yes,first_person,I,declarative,think,declarative,none,NA,grammatical,I didn't think the rumor was false.,npnew_past_neg_1p_base,base,
668,GRP003,sent2,syntax,NP complement,NP vs. new sentence,single_sentence,critical,past,yes,first_person,I,declarative,think,NP,NA,NA,ungrammatical,I didn't think the rumor. It was false.,npnew_past_neg_1p_base,base,
669,GRP003,sent3,syntax,NP complement,NP vs. new sentence,single_sentence,critical,past,yes,first_person,I,declarative,know,declarative,none,NA,grammatical,I didn't know the rumor was false.,npnew_past_neg_1p_base,base,
670,GRP003,sent4,syntax,NP complement,NP vs. new sentence,single_sentence,critical,past,yes,first_person,I,declarative,know,NP,NA,NA,grammatical,I didn't know the rumor. It was false.,npnew_past_neg_1p_base,base,
671,GRP003,sent5,syntax,NP complement,NP vs. new sentence,single_sentence,control,past,yes,first_person,I,declarative,start,declarative,none,NA,ungrammatical,I didn't start the rumor was false.,npnew_past_neg_1p_base,base,
672,GRP003,sent6,syntax,NP complement,NP vs. new sentence,single_sentence,control,past,yes,first_person,I,declarative,start,NP,NA,NA,grammatical,I didn't start the rumor. It was false.,npnew_past_neg_1p_base,base,
673,GRP003,sent1,syntax,NP complement,NP vs. new sentence,single_sentence,critical,past,yes,first_person,I,declarative,think,declarative,none,NA,grammatical,I didn't think the rumor was true.,npnew_past_neg_1p_variant_1,variant_1,
674,GRP003,sent2,syntax,NP complement,NP vs. new sentence,single_sentence,critical,past,yes,first_person,I,declarative,think,NP,NA,NA,ungrammatical,I didn't think the rumor. It was true.,npnew_past_neg_1p_variant_1,variant_1,
675,GRP003,sent3,syntax,NP complement,NP vs. new sentence,single_sentence,critical,past,yes,first_person,I,declarative,know,declarative,none,NA,grammatical,I didn't know the rumor was true.,npnew_past_neg_1p_variant_1,variant_1,
676,GRP003,sent4,syntax,NP complement,NP vs. new sentence,single_sentence,critical,past,yes,first_person,I,declarative,know,NP,NA,NA,grammatical,I didn't know the rumor. It was true.,npnew_past_neg_1p_variant_1,variant_1,
677,GRP003,sent5,syntax,NP complement,NP vs. new sentence,single_sentence,control,past,yes,first_person,I,declarative,start,declarative,none,NA,ungrammatical,I didn't start the rumor was true.,npnew_past_neg_1p_variant_1,variant_1,
678,GRP003,sent6,syntax,NP complement,NP vs. new sentence,single_sentence,control,past,yes,first_person,I,declarative,start,NP,NA,NA,grammatical,I didn't start the rumor. It was true.,npnew_past_neg_1p_variant_1,variant_1,
679,GRP003,sent1,syntax,NP complement,NP vs. new sentence,single_sentence,critical,past,yes,first_person,I,declarative,think,declarative,none,NA,grammatical,I didn't think the rumor was bad.,npnew_past_neg_1p_variant_2,variant_2,
680,GRP003,sent2,syntax,NP complement,NP vs. new sentence,single_sentence,critical,past,yes,first_person,I,declarative,think,NP,NA,NA,ungrammatical,I didn't think the rumor. It was bad.,npnew_past_neg_1p_variant_2,variant_2,
681,GRP003,sent3,syntax,NP complement,NP vs. new sentence,single_sentence,critical,past,yes,first_person,I,declarative,know,declarative,none,NA,grammatical,I didn't know the rumor was bad.,npnew_past_neg_1p_variant_2,variant_2,
682,GRP003,sent4,syntax,NP complement,NP vs. new sentence,single_sentence,critical,past,yes,first_person,I,declarative,know,NP,NA,NA,grammatical,I didn't know the rumor. It was bad.,npnew_past_neg_1p_variant_2,variant_2,
683,GRP003,sent5,syntax,NP complement,NP vs. new sentence,single_sentence,control,past,yes,first_person,I,declarative,start,declarative,none,NA,ungrammatical,I didn't start the rumor was bad.,npnew_past_neg_1p_variant_2,variant_2,
684,GRP003,sent6,syntax,NP complement,NP vs. new sentence,single_sentence,control,past,yes,first_person,I,declarative,start,NP,NA,NA,grammatical,I didn't start the rumor. It was bad.,npnew_past_neg_1p_variant_2,variant_2,
685,GRP004,sent1,syntax,NP complement,NP vs. PP,single_sentence,critical,present,no,third_person,John,declarative,think,PP,NA,about,grammatical,John thinks about the rumor.,nppp_pres_aff_3p_about_base,base,
686,GRP004,sent2,syntax,NP complement,NP vs. PP,single_sentence,critical,present,no,third_person,John,declarative,think,NP,NA,NA,ungrammatical,John thinks the rumor.,nppp_pres_aff_3p_about_base,base,
687,GRP004,sent3,syntax,NP complement,NP vs. PP,single_sentence,critical,present,no,third_person,John,declarative,know,PP,NA,about,grammatical,John knows about the rumor.,nppp_pres_aff_3p_about_base,base,
688,GRP004,sent4,syntax,NP complement,NP vs. PP,single_sentence,critical,present,no,third_person,John,declarative,know,NP,NA,NA,grammatical,John knows the rumor.,nppp_pres_aff_3p_about_base,base,
689,GRP004,sent5,syntax,NP complement,NP vs. PP,single_sentence,control,present,no,third_person,John,declarative,start,PP,NA,about,ungrammatical,John starts about the rumor.,nppp_pres_aff_3p_about_base,base,
690,GRP004,sent6,syntax,NP complement,NP vs. PP,single_sentence,control,present,no,third_person,John,declarative,start,NP,NA,NA,grammatical,John starts the rumor.,nppp_pres_aff_3p_about_base,base,
691,GRP004,sent1,syntax,NP complement,NP vs. PP,single_sentence,critical,present,no,third_person,he,declarative,think,PP,NA,about,grammatical,He thinks about the rumor.,nppp_pres_aff_3p_about_variant_1,variant_1,
692,GRP004,sent2,syntax,NP complement,NP vs. PP,single_sentence,critical,present,no,third_person,he,declarative,think,NP,NA,NA,ungrammatical,He thinks the rumor.,nppp_pres_aff_3p_about_variant_1,variant_1,
693,GRP004,sent3,syntax,NP complement,NP vs. PP,single_sentence,critical,present,no,third_person,he,declarative,know,PP,NA,about,grammatical,He knows about the rumor.,nppp_pres_aff_3p_about_variant_1,variant_1,
694,GRP004,sent4,syntax,NP complement,NP vs. PP,single_sentence,critical,present,no,third_person,he,declarative,know,NP,NA,NA,grammatical,He knows the rumor.,nppp_pres_aff_3p_about_variant_1,variant_1,
695,GRP004,sent5,syntax,NP complement,NP vs. PP,single_sentence,control,present,no,third_person,he,declarative,start,PP,NA,about,ungrammatical,He starts about the rumor.,nppp_pres_aff_3p_about_variant_1,variant_1,
696,GRP004,sent6,syntax,NP complement,NP vs. PP,single_sentence,control,present,no,third_person,he,declarative,start,NP,NA,NA,grammatical,He starts the rumor.,nppp_pres_aff_3p_about_variant_1,variant_1,
697,GRP004,sent1,syntax,NP complement,NP vs. PP,single_sentence,critical,present,no,third_person,the doctor,declarative,think,PP,NA,about,grammatical,The doctor thinks about the rumor.,nppp_pres_aff_3p_about_variant_2,variant_2,
698,GRP004,sent2,syntax,NP complement,NP vs. PP,single_sentence,critical,present,no,third_person,the doctor,declarative,think,NP,NA,NA,ungrammatical,The doctor thinks the rumor.,nppp_pres_aff_3p_about_variant_2,variant_2,
699,GRP004,sent3,syntax,NP complement,NP vs. PP,single_sentence,critical,present,no,third_person,the doctor,declarative,know,PP,NA,about,grammatical,The doctor knows about the rumor.,nppp_pres_aff_3p_about_variant_2,variant_2,
700,GRP004,sent4,syntax,NP complement,NP vs. PP,single_sentence,critical,present,no,third_person,the doctor,declarative,know,NP,NA,NA,grammatical,The doctor knows the rumor.,nppp_pres_aff_3p_about_variant_2,variant_2,
701,GRP004,sent5,syntax,NP complement,NP vs. PP,single_sentence,control,present,no,third_person,the doctor,declarative,start,PP,NA,about,ungrammatical,The doctor starts about the rumor.,nppp_pres_aff_3p_about_variant_2,variant_2,
702,GRP004,sent6,syntax,NP complement,NP vs. PP,single_sentence,control,present,no,third_person,the doctor,declarative,start,NP,NA,NA,grammatical,The doctor starts the rumor.,nppp_pres_aff_3p_about_variant_2,variant_2,
703,GRP004,sent1,syntax,NP complement,NP vs. PP,single_sentence,critical,present,yes,third_person,John,declarative,think,PP,NA,about,grammatical,John doesn't think about the rumor.,nppp_pres_neg_3p_about_base,base,
704,GRP004,sent2,syntax,NP complement,NP vs. PP,single_sentence,critical,present,yes,third_person,John,declarative,think,NP,NA,NA,ungrammatical,John doesn't think the rumor.,nppp_pres_neg_3p_about_base,base,
705,GRP004,sent3,syntax,NP complement,NP vs. PP,single_sentence,critical,present,yes,third_person,John,declarative,know,PP,NA,about,grammatical,John doesn't know about the rumor.,nppp_pres_neg_3p_about_base,base,
706,GRP004,sent4,syntax,NP complement,NP vs. PP,single_sentence,critical,present,yes,third_person,John,declarative,know,NP,NA,NA,grammatical,John doesn't know the rumor.,nppp_pres_neg_3p_about_base,base,
707,GRP004,sent5,syntax,NP complement,NP vs. PP,single_sentence,control,present,yes,third_person,John,declarative,start,PP,NA,about,ungrammatical,John doesn't start about the rumor.,nppp_pres_neg_3p_about_base,base,
708,GRP004,sent6,syntax,NP complement,NP vs. PP,single_sentence,control,present,yes,third_person,John,declarative,start,NP,NA,NA,grammatical,John doesn't start the rumor.,nppp_pres_neg_3p_about_base,base,
709,GRP004,sent1,syntax,NP complement,NP vs. PP,single_sentence,critical,present,yes,third_person,Mary,declarative,think,PP,NA,about,grammatical,Mary doesn't think about the rumor.,nppp_pres_neg_3p_about_variant_1,variant_1,
710,GRP004,sent2,syntax,NP complement,NP vs. PP,single_sentence,critical,present,yes,third_person,Mary,declarative,think,NP,NA,NA,ungrammatical,Mary doesn't think the rumor.,nppp_pres_neg_3p_about_variant_1,variant_1,
711,GRP004,sent3,syntax,NP complement,NP vs. PP,single_sentence,critical,present,yes,third_person,Mary,declarative,know,PP,NA,about,grammatical,Mary doesn't know about the rumor.,nppp_pres_neg_3p_about_variant_1,variant_1,
712,GRP004,sent4,syntax,NP complement,NP vs. PP,single_sentence,critical,present,yes,third_person,Mary,declarative,know,NP,NA,NA,grammatical,Mary doesn't know the rumor.,nppp_pres_neg_3p_about_variant_1,variant_1,
713,GRP004,sent5,syntax,NP complement,NP vs. PP,single_sentence,control,present,yes,third_person,Mary,declarative,start,PP,NA,about,ungrammatical,Mary doesn't start about the rumor.,nppp_pres_neg_3p_about_variant_1,variant_1,
714,GRP004,sent6,syntax,NP complement,NP vs. PP,single_sentence,control,present,yes,third_person,Mary,declarative,start,NP,NA,NA,grammatical,Mary doesn't start the rumor.,nppp_pres_neg_3p_about_variant_1,variant_1,
715,GRP004,sent1,syntax,NP complement,NP vs. PP,single_sentence,critical,present,yes,third_person,Christopher,declarative,think,PP,NA,about,grammatical,Christopher doesn't think about the rumor.,nppp_pres_neg_3p_about_variant_2,variant_2,
716,GRP004,sent2,syntax,NP complement,NP vs. PP,single_sentence,critical,present,yes,third_person,Christopher,declarative,think,NP,NA,NA,ungrammatical,Christopher doesn't think the rumor.,nppp_pres_neg_3p_about_variant_2,variant_2,
717,GRP004,sent3,syntax,NP complement,NP vs. PP,single_sentence,critical,present,yes,third_person,Christopher,declarative,know,PP,NA,about,grammatical,Christopher doesn't know about the rumor.,nppp_pres_neg_3p_about_variant_2,variant_2,
718,GRP004,sent4,syntax,NP complement,NP vs. PP,single_sentence,critical,present,yes,third_person,Christopher,declarative,know,NP,NA,NA,grammatical,Christopher doesn't know the rumor.,nppp_pres_neg_3p_about_variant_2,variant_2,
719,GRP004,sent5,syntax,NP complement,NP vs. PP,single_sentence,control,present,yes,third_person,Christopher,declarative,start,PP,NA,about,ungrammatical,Christopher doesn't start about the rumor.,nppp_pres_neg_3p_about_variant_2,variant_2,
720,GRP004,sent6,syntax,NP complement,NP vs. PP,single_sentence,control,present,yes,third_person,Christopher,declarative,start,NP,NA,NA,grammatical,Christopher doesn't start the rumor.,nppp_pres_neg_3p_about_variant_2,variant_2,
721,GRP004,sent1,syntax,NP complement,NP vs. PP,single_sentence,critical,past,no,third_person,John,declarative,think,PP,NA,about,grammatical,John thought about the rumor.,nppp_past_aff_3p_about_base,base,
722,GRP004,sent2,syntax,NP complement,NP vs. PP,single_sentence,critical,past,no,third_person,John,declarative,think,NP,NA,NA,ungrammatical,John thought the rumor.,nppp_past_aff_3p_about_base,base,
723,GRP004,sent3,syntax,NP complement,NP vs. PP,single_sentence,critical,past,no,third_person,John,declarative,know,PP,NA,about,grammatical,John knew about the rumor.,nppp_past_aff_3p_about_base,base,
724,GRP004,sent4,syntax,NP complement,NP vs. PP,single_sentence,critical,past,no,third_person,John,declarative,know,NP,NA,NA,grammatical,John knew the rumor.,nppp_past_aff_3p_about_base,base,
725,GRP004,sent5,syntax,NP complement,NP vs. PP,single_sentence,control,past,no,third_person,John,declarative,start,PP,NA,about,ungrammatical,John started about the rumor.,nppp_past_aff_3p_about_base,base,
726,GRP004,sent6,syntax,NP complement,NP vs. PP,single_sentence,control,past,no,third_person,John,declarative,start,NP,NA,NA,grammatical,John started the rumor.,nppp_past_aff_3p_about_base,base,
727,GRP004,sent1,syntax,NP complement,NP vs. PP,single_sentence,critical,past,no,third_person,Olivia,declarative,think,PP,NA,about,grammatical,Olivia thought about the rumor.,nppp_past_aff_3p_about_variant_1,variant_1,
728,GRP004,sent2,syntax,NP complement,NP vs. PP,single_sentence,critical,past,no,third_person,Olivia,declarative,think,NP,NA,NA,ungrammatical,Olivia thought the rumor.,nppp_past_aff_3p_about_variant_1,variant_1,
729,GRP004,sent3,syntax,NP complement,NP vs. PP,single_sentence,critical,past,no,third_person,Olivia,declarative,know,PP,NA,about,grammatical,Olivia knew about the rumor.,nppp_past_aff_3p_about_variant_1,variant_1,
730,GRP004,sent4,syntax,NP complement,NP vs. PP,single_sentence,critical,past,no,third_person,Olivia,declarative,know,NP,NA,NA,grammatical,Olivia knew the rumor.,nppp_past_aff_3p_about_variant_1,variant_1,
731,GRP004,sent5,syntax,NP complement,NP vs. PP,single_sentence,control,past,no,third_person,Olivia,declarative,start,PP,NA,about,ungrammatical,Olivia started about the rumor.,nppp_past_aff_3p_about_variant_1,variant_1,
732,GRP004,sent6,syntax,NP complement,NP vs. PP,single_sentence,control,past,no,third_person,Olivia,declarative,start,NP,NA,NA,grammatical,Olivia started the rumor.,nppp_past_aff_3p_about_variant_1,variant_1,
733,GRP004,sent1,syntax,NP complement,NP vs. PP,single_sentence,critical,past,no,third_person,she,declarative,think,PP,NA,about,grammatical,She thought about the rumor.,nppp_past_aff_3p_about_variant_2,variant_2,
734,GRP004,sent2,syntax,NP complement,NP vs. PP,single_sentence,critical,past,no,third_person,she,declarative,think,NP,NA,NA,ungrammatical,She thought the rumor.,nppp_past_aff_3p_about_variant_2,variant_2,
735,GRP004,sent3,syntax,NP complement,NP vs. PP,single_sentence,critical,past,no,third_person,she,declarative,know,PP,NA,about,grammatical,She knew about the rumor.,nppp_past_aff_3p_about_variant_2,variant_2,
736,GRP004,sent4,syntax,NP complement,NP vs. PP,single_sentence,critical,past,no,third_person,she,declarative,know,NP,NA,NA,grammatical,She knew the rumor.,nppp_past_aff_3p_about_variant_2,variant_2,
737,GRP004,sent5,syntax,NP complement,NP vs. PP,single_sentence,control,past,no,third_person,she,declarative,start,PP,NA,about,ungrammatical,She started about the rumor.,nppp_past_aff_3p_about_variant_2,variant_2,
738,GRP004,sent6,syntax,NP complement,NP vs. PP,single_sentence,control,past,no,third_person,she,declarative,start,NP,NA,NA,grammatical,She started the rumor.,nppp_past_aff_3p_about_variant_2,variant_2,
739,GRP004,sent1,syntax,NP complement,NP vs. PP,single_sentence,critical,past,yes,third_person,John,declarative,think,PP,NA,about,grammatical,John didn't think about the rumor.,nppp_past_neg_3p_about_base,base,
740,GRP004,sent2,syntax,NP complement,NP vs. PP,single_sentence,critical,past,yes,third_person,John,declarative,think,NP,NA,NA,ungrammatical,John didn't think the rumor.,nppp_past_neg_3p_about_base,base,
741,GRP004,sent3,syntax,NP complement,NP vs. PP,single_sentence,critical,past,yes,third_person,John,declarative,know,PP,NA,about,grammatical,John didn't know about the rumor.,nppp_past_neg_3p_about_base,base,
742,GRP004,sent4,syntax,NP complement,NP vs. PP,single_sentence,critical,past,yes,third_person,John,declarative,know,NP,NA,NA,grammatical,John didn't know the rumor.,nppp_past_neg_3p_about_base,base,
743,GRP004,sent5,syntax,NP complement,NP vs. PP,single_sentence,control,past,yes,third_person,John,declarative,start,PP,NA,about,ungrammatical,John didn't start about the rumor.,nppp_past_neg_3p_about_base,base,
744,GRP004,sent6,syntax,NP complement,NP vs. PP,single_sentence,control,past,yes,third_person,John,declarative,start,NP,NA,NA,grammatical,John didn't start the rumor.,nppp_past_neg_3p_about_base,base,
745,GRP004,sent1,syntax,NP complement,NP vs. PP,single_sentence,critical,past,yes,third_person,Sarah,declarative,think,PP,NA,about,grammatical,Sarah didn't think about the rumor.,nppp_past_neg_3p_about_variant_1,variant_1,
746,GRP004,sent2,syntax,NP complement,NP vs. PP,single_sentence,critical,past,yes,third_person,Sarah,declarative,think,NP,NA,NA,ungrammatical,Sarah didn't think the rumor.,nppp_past_neg_3p_about_variant_1,variant_1,
747,GRP004,sent3,syntax,NP complement,NP vs. PP,single_sentence,critical,past,yes,third_person,Sarah,declarative,know,PP,NA,about,grammatical,Sarah didn't know about the rumor.,nppp_past_neg_3p_about_variant_1,variant_1,
748,GRP004,sent4,syntax,NP complement,NP vs. PP,single_sentence,critical,past,yes,third_person,Sarah,declarative,know,NP,NA,NA,grammatical,Sarah didn't know the rumor.,nppp_past_neg_3p_about_variant_1,variant_1,
749,GRP004,sent5,syntax,NP complement,NP vs. PP,single_sentence,control,past,yes,third_person,Sarah,declarative,start,PP,NA,about,ungrammatical,Sarah didn't start about the rumor.,nppp_past_neg_3p_about_variant_1,variant_1,
750,GRP004,sent6,syntax,NP complement,NP vs. PP,single_sentence,control,past,yes,third_person,Sarah,declarative,start,NP,NA,NA,grammatical,Sarah didn't start the rumor.,nppp_past_neg_3p_about_variant_1,variant_1,
751,GRP004,sent1,syntax,NP complement,NP vs. PP,single_sentence,critical,past,yes,third_person,she,declarative,think,PP,NA,about,grammatical,She didn't think about the rumor.,nppp_past_neg_3p_about_variant_2,variant_2,
752,GRP004,sent2,syntax,NP complement,NP vs. PP,single_sentence,critical,past,yes,third_person,she,declarative,think,NP,NA,NA,ungrammatical,She didn't think the rumor.,nppp_past_neg_3p_about_variant_2,variant_2,
753,GRP004,sent3,syntax,NP complement,NP vs. PP,single_sentence,critical,past,yes,third_person,she,declarative,know,PP,NA,about,grammatical,She didn't know about the rumor.,nppp_past_neg_3p_about_variant_2,variant_2,
754,GRP004,sent4,syntax,NP complement,NP vs. PP,single_sentence,critical,past,yes,third_person,she,declarative,know,NP,NA,NA,grammatical,She didn't know the rumor.,nppp_past_neg_3p_about_variant_2,variant_2,
755,GRP004,sent5,syntax,NP complement,NP vs. PP,single_sentence,control,past,yes,third_person,she,declarative,start,PP,NA,about,ungrammatical,She didn't start about the rumor.,nppp_past_neg_3p_about_variant_2,variant_2,
756,GRP004,sent6,syntax,NP complement,NP vs. PP,single_sentence,control,past,yes,third_person,she,declarative,start,NP,NA,NA,grammatical,She didn't start the rumor.,nppp_past_neg_3p_about_variant_2,variant_2,
757,GRP004,sent1,syntax,NP complement,NP vs. PP,single_sentence,critical,present,no,first_person,I,declarative,think,PP,NA,about,grammatical,I think about the rumor.,nppp_pres_aff_1p_about_base,base,
758,GRP004,sent2,syntax,NP complement,NP vs. PP,single_sentence,critical,present,no,first_person,I,declarative,think,NP,NA,NA,ungrammatical,I think the rumor.,nppp_pres_aff_1p_about_base,base,
759,GRP004,sent3,syntax,NP complement,NP vs. PP,single_sentence,critical,present,no,first_person,I,declarative,know,PP,NA,about,grammatical,I know about the rumor.,nppp_pres_aff_1p_about_base,base,
760,GRP004,sent4,syntax,NP complement,NP vs. PP,single_sentence,critical,present,no,first_person,I,declarative,know,NP,NA,NA,grammatical,I know the rumor.,nppp_pres_aff_1p_about_base,base,
761,GRP004,sent5,syntax,NP complement,NP vs. PP,single_sentence,control,present,no,first_person,I,declarative,start,PP,NA,about,ungrammatical,I start about the rumor.,nppp_pres_aff_1p_about_base,base,
762,GRP004,sent6,syntax,NP complement,NP vs. PP,single_sentence,control,present,no,first_person,I,declarative,start,NP,NA,NA,grammatical,I start the rumor.,nppp_pres_aff_1p_about_base,base,
763,GRP004,sent1,syntax,NP complement,NP vs. PP,single_sentence,critical,present,yes,first_person,I,declarative,think,PP,NA,about,grammatical,I don't think about the rumor.,nppp_pres_neg_1p_about_base,base,
764,GRP004,sent2,syntax,NP complement,NP vs. PP,single_sentence,critical,present,yes,first_person,I,declarative,think,NP,NA,NA,ungrammatical,I don't think the rumor.,nppp_pres_neg_1p_about_base,base,
765,GRP004,sent3,syntax,NP complement,NP vs. PP,single_sentence,critical,present,yes,first_person,I,declarative,know,PP,NA,about,grammatical,I don't know about the rumor.,nppp_pres_neg_1p_about_base,base,
766,GRP004,sent4,syntax,NP complement,NP vs. PP,single_sentence,critical,present,yes,first_person,I,declarative,know,NP,NA,NA,grammatical,I don't know the rumor.,nppp_pres_neg_1p_about_base,base,
767,GRP004,sent5,syntax,NP complement,NP vs. PP,single_sentence,control,present,yes,first_person,I,declarative,start,PP,NA,about,ungrammatical,I don't start about the rumor.,nppp_pres_neg_1p_about_base,base,
768,GRP004,sent6,syntax,NP complement,NP vs. PP,single_sentence,control,present,yes,first_person,I,declarative,start,NP,NA,NA,grammatical,I don't start the rumor.,nppp_pres_neg_1p_about_base,base,
769,GRP004,sent1,syntax,NP complement,NP vs. PP,single_sentence,critical,past,no,first_person,I,declarative,think,PP,NA,about,grammatical,I thought about the rumor.,nppp_past_aff_1p_about_base,base,
770,GRP004,sent2,syntax,NP complement,NP vs. PP,single_sentence,critical,past,no,first_person,I,declarative,think,NP,NA,NA,ungrammatical,I thought the rumor.,nppp_past_aff_1p_about_base,base,
771,GRP004,sent3,syntax,NP complement,NP vs. PP,single_sentence,critical,past,no,first_person,I,declarative,know,PP,NA,about,grammatical,I knew about the rumor.,nppp_past_aff_1p_about_base,base,
772,GRP004,sent4,syntax,NP complement,NP vs. PP,single_sentence,critical,past,no,first_person,I,declarative,know,NP,NA,NA,grammatical,I knew the rumor.,nppp_past_aff_1p_about_base,base,
773,GRP004,sent5,syntax,NP complement,NP vs. PP,single_sentence,control,past,no,first_person,I,declarative,start,PP,NA,about,ungrammatical,I started about the rumor.,nppp_past_aff_1p_about_base,base,
774,GRP004,sent6,syntax,NP complement,NP vs. PP,single_sentence,control,past,no,first_person,I,declarative,start,NP,NA,NA,grammatical,I started the rumor.,nppp_past_aff_1p_about_base,base,
775,GRP004,sent1,syntax,NP complement,NP vs. PP,single_sentence,critical,past,yes,first_person,I,declarative,think,PP,NA,about,grammatical,I didn't think about the rumor.,nppp_past_neg_1p_about_base,base,
776,GRP004,sent2,syntax,NP complement,NP vs. PP,single_sentence,critical,past,yes,first_person,I,declarative,think,NP,NA,NA,ungrammatical,I didn't think the rumor.,nppp_past_neg_1p_about_base,base,
777,GRP004,sent3,syntax,NP complement,NP vs. PP,single_sentence,critical,past,yes,first_person,I,declarative,know,PP,NA,about,grammatical,I didn't know about the rumor.,nppp_past_neg_1p_about_base,base,
778,GRP004,sent4,syntax,NP complement,NP vs. PP,single_sentence,critical,past,yes,first_person,I,declarative,know,NP,NA,NA,grammatical,I didn't know the rumor.,nppp_past_neg_1p_about_base,base,
779,GRP004,sent5,syntax,NP complement,NP vs. PP,single_sentence,control,past,yes,first_person,I,declarative,start,PP,NA,about,ungrammatical,I didn't start about the rumor.,nppp_past_neg_1p_about_base,base,
780,GRP004,sent6,syntax,NP complement,NP vs. PP,single_sentence,control,past,yes,first_person,I,declarative,start,NP,NA,NA,grammatical,I didn't start the rumor.,nppp_past_neg_1p_about_base,base,
781,GRP004,sent1,syntax,NP complement,NP vs. PP,single_sentence,critical,present,no,third_person,John,declarative,think,PP,NA,of,grammatical,John thinks of the rumor.,nppp_pres_aff_3p_of_base,base,
782,GRP004,sent2,syntax,NP complement,NP vs. PP,single_sentence,critical,present,no,third_person,John,declarative,think,NP,NA,NA,ungrammatical,John thinks the rumor.,nppp_pres_aff_3p_of_base,base,
783,GRP004,sent3,syntax,NP complement,NP vs. PP,single_sentence,critical,present,no,third_person,John,declarative,know,PP,NA,of,grammatical,John knows of the rumor.,nppp_pres_aff_3p_of_base,base,
784,GRP004,sent4,syntax,NP complement,NP vs. PP,single_sentence,critical,present,no,third_person,John,declarative,know,NP,NA,NA,grammatical,John knows the rumor.,nppp_pres_aff_3p_of_base,base,
785,GRP004,sent5,syntax,NP complement,NP vs. PP,single_sentence,control,present,no,third_person,John,declarative,start,PP,NA,of,ungrammatical,John starts of the rumor.,nppp_pres_aff_3p_of_base,base,
786,GRP004,sent6,syntax,NP complement,NP vs. PP,single_sentence,control,present,no,third_person,John,declarative,start,NP,NA,NA,grammatical,John starts the rumor.,nppp_pres_aff_3p_of_base,base,
787,GRP004,sent1,syntax,NP complement,NP vs. PP,single_sentence,critical,present,no,third_person,Theresa,declarative,think,PP,NA,of,grammatical,Theresa thinks of the rumor.,nppp_pres_aff_3p_of_variant_1,variant_1,
788,GRP004,sent2,syntax,NP complement,NP vs. PP,single_sentence,critical,present,no,third_person,Theresa,declarative,think,NP,NA,NA,ungrammatical,Theresa thinks the rumor.,nppp_pres_aff_3p_of_variant_1,variant_1,
789,GRP004,sent3,syntax,NP complement,NP vs. PP,single_sentence,critical,present,no,third_person,Theresa,declarative,know,PP,NA,of,grammatical,Theresa knows of the rumor.,nppp_pres_aff_3p_of_variant_1,variant_1,
790,GRP004,sent4,syntax,NP complement,NP vs. PP,single_sentence,critical,present,no,third_person,Theresa,declarative,know,NP,NA,NA,grammatical,Theresa knows the rumor.,nppp_pres_aff_3p_of_variant_1,variant_1,
791,GRP004,sent5,syntax,NP complement,NP vs. PP,single_sentence,control,present,no,third_person,Theresa,declarative,start,PP,NA,of,ungrammatical,Theresa starts of the rumor.,nppp_pres_aff_3p_of_variant_1,variant_1,
792,GRP004,sent6,syntax,NP complement,NP vs. PP,single_sentence,control,present,no,third_person,Theresa,declarative,start,NP,NA,NA,grammatical,Theresa starts the rumor.,nppp_pres_aff_3p_of_variant_1,variant_1,
793,GRP004,sent1,syntax,NP complement,NP vs. PP,single_sentence,critical,present,no,third_person,she,declarative,think,PP,NA,of,grammatical,She thinks of the rumor.,nppp_pres_aff_3p_of_variant_2,variant_2,
794,GRP004,sent2,syntax,NP complement,NP vs. PP,single_sentence,critical,present,no,third_person,she,declarative,think,NP,NA,NA,ungrammatical,She thinks the rumor.,nppp_pres_aff_3p_of_variant_2,variant_2,
795,GRP004,sent3,syntax,NP complement,NP vs. PP,single_sentence,critical,present,no,third_person,she,declarative,know,PP,NA,of,grammatical,She knows of the rumor.,nppp_pres_aff_3p_of_variant_2,variant_2,
796,GRP004,sent4,syntax,NP complement,NP vs. PP,single_sentence,critical,present,no,third_person,she,declarative,know,NP,NA,NA,grammatical,She knows the rumor.,nppp_pres_aff_3p_of_variant_2,variant_2,
797,GRP004,sent5,syntax,NP complement,NP vs. PP,single_sentence,control,present,no,third_person,she,declarative,start,PP,NA,of,ungrammatical,She starts of the rumor.,nppp_pres_aff_3p_of_variant_2,variant_2,
798,GRP004,sent6,syntax,NP complement,NP vs. PP,single_sentence,control,present,no,third_person,she,declarative,start,NP,NA,NA,grammatical,She starts the rumor.,nppp_pres_aff_3p_of_variant_2,variant_2,
799,GRP004,sent1,syntax,NP complement,NP vs. PP,single_sentence,critical,present,yes,third_person,John,declarative,think,PP,NA,of,grammatical,John doesn't think of the rumor.,nppp_pres_neg_3p_of_base,base,
800,GRP004,sent2,syntax,NP complement,NP vs. PP,single_sentence,critical,present,yes,third_person,John,declarative,think,NP,NA,NA,ungrammatical,John doesn't think the rumor.,nppp_pres_neg_3p_of_base,base,
801,GRP004,sent3,syntax,NP complement,NP vs. PP,single_sentence,critical,present,yes,third_person,John,declarative,know,PP,NA,of,grammatical,John doesn't know of the rumor.,nppp_pres_neg_3p_of_base,base,
802,GRP004,sent4,syntax,NP complement,NP vs. PP,single_sentence,critical,present,yes,third_person,John,declarative,know,NP,NA,NA,grammatical,John doesn't know the rumor.,nppp_pres_neg_3p_of_base,base,
803,GRP004,sent5,syntax,NP complement,NP vs. PP,single_sentence,control,present,yes,third_person,John,declarative,start,PP,NA,of,ungrammatical,John doesn't start of the rumor.,nppp_pres_neg_3p_of_base,base,
804,GRP004,sent6,syntax,NP complement,NP vs. PP,single_sentence,control,present,yes,third_person,John,declarative,start,NP,NA,NA,grammatical,John doesn't start the rumor.,nppp_pres_neg_3p_of_base,base,
805,GRP004,sent1,syntax,NP complement,NP vs. PP,single_sentence,critical,present,yes,third_person,Theresa,declarative,think,PP,NA,of,grammatical,Theresa doesn't think of the rumor.,nppp_pres_neg_3p_of_variant_1,variant_1,
806,GRP004,sent2,syntax,NP complement,NP vs. PP,single_sentence,critical,present,yes,third_person,Theresa,declarative,think,NP,NA,NA,ungrammatical,Theresa doesn't think the rumor.,nppp_pres_neg_3p_of_variant_1,variant_1,
807,GRP004,sent3,syntax,NP complement,NP vs. PP,single_sentence,critical,present,yes,third_person,Theresa,declarative,know,PP,NA,of,grammatical,Theresa doesn't know of the rumor.,nppp_pres_neg_3p_of_variant_1,variant_1,
808,GRP004,sent4,syntax,NP complement,NP vs. PP,single_sentence,critical,present,yes,third_person,Theresa,declarative,know,NP,NA,NA,grammatical,Theresa doesn't know the rumor.,nppp_pres_neg_3p_of_variant_1,variant_1,
809,GRP004,sent5,syntax,NP complement,NP vs. PP,single_sentence,control,present,yes,third_person,Theresa,declarative,start,PP,NA,of,ungrammatical,Theresa doesn't start of the rumor.,nppp_pres_neg_3p_of_variant_1,variant_1,
810,GRP004,sent6,syntax,NP complement,NP vs. PP,single_sentence,control,present,yes,third_person,Theresa,declarative,start,NP,NA,NA,grammatical,Theresa doesn't start the rumor.,nppp_pres_neg_3p_of_variant_1,variant_1,
811,GRP004,sent1,syntax,NP complement,NP vs. PP,single_sentence,critical,present,yes,third_person,he,declarative,think,PP,NA,of,grammatical,He doesn't think of the rumor.,nppp_pres_neg_3p_of_variant_2,variant_2,
812,GRP004,sent2,syntax,NP complement,NP vs. PP,single_sentence,critical,present,yes,third_person,he,declarative,think,NP,NA,NA,ungrammatical,He doesn't think the rumor.,nppp_pres_neg_3p_of_variant_2,variant_2,
813,GRP004,sent3,syntax,NP complement,NP vs. PP,single_sentence,critical,present,yes,third_person,he,declarative,know,PP,NA,of,grammatical,He doesn't know of the rumor.,nppp_pres_neg_3p_of_variant_2,variant_2,
814,GRP004,sent4,syntax,NP complement,NP vs. PP,single_sentence,critical,present,yes,third_person,he,declarative,know,NP,NA,NA,grammatical,He doesn't know the rumor.,nppp_pres_neg_3p_of_variant_2,variant_2,
815,GRP004,sent5,syntax,NP complement,NP vs. PP,single_sentence,control,present,yes,third_person,he,declarative,start,PP,NA,of,ungrammatical,He doesn't start of the rumor.,nppp_pres_neg_3p_of_variant_2,variant_2,
816,GRP004,sent6,syntax,NP complement,NP vs. PP,single_sentence,control,present,yes,third_person,he,declarative,start,NP,NA,NA,grammatical,He doesn't start the rumor.,nppp_pres_neg_3p_of_variant_2,variant_2,
817,GRP004,sent1,syntax,NP complement,NP vs. PP,single_sentence,critical,past,no,third_person,John,declarative,think,PP,NA,of,grammatical,John thought of the rumor.,nppp_past_aff_3p_of_base,base,
818,GRP004,sent2,syntax,NP complement,NP vs. PP,single_sentence,critical,past,no,third_person,John,declarative,think,NP,NA,NA,ungrammatical,John thought the rumor.,nppp_past_aff_3p_of_base,base,
819,GRP004,sent3,syntax,NP complement,NP vs. PP,single_sentence,critical,past,no,third_person,John,declarative,know,PP,NA,of,grammatical,John knew of the rumor.,nppp_past_aff_3p_of_base,base,
820,GRP004,sent4,syntax,NP complement,NP vs. PP,single_sentence,critical,past,no,third_person,John,declarative,know,NP,NA,NA,grammatical,John knew the rumor.,nppp_past_aff_3p_of_base,base,
821,GRP004,sent5,syntax,NP complement,NP vs. PP,single_sentence,control,past,no,third_person,John,declarative,start,PP,NA,of,ungrammatical,John started of the rumor.,nppp_past_aff_3p_of_base,base,
822,GRP004,sent6,syntax,NP complement,NP vs. PP,single_sentence,control,past,no,third_person,John,declarative,start,NP,NA,NA,grammatical,John started the rumor.,nppp_past_aff_3p_of_base,base,
823,GRP004,sent1,syntax,NP complement,NP vs. PP,single_sentence,critical,past,no,third_person,they,declarative,think,PP,NA,of,grammatical,They thought of the rumor.,nppp_past_aff_3p_of_variant_1,variant_1,
824,GRP004,sent2,syntax,NP complement,NP vs. PP,single_sentence,critical,past,no,third_person,they,declarative,think,NP,NA,NA,ungrammatical,They thought the rumor.,nppp_past_aff_3p_of_variant_1,variant_1,
825,GRP004,sent3,syntax,NP complement,NP vs. PP,single_sentence,critical,past,no,third_person,they,declarative,know,PP,NA,of,grammatical,They knew of the rumor.,nppp_past_aff_3p_of_variant_1,variant_1,
826,GRP004,sent4,syntax,NP complement,NP vs. PP,single_sentence,critical,past,no,third_person,they,declarative,know,NP,NA,NA,grammatical,They knew the rumor.,nppp_past_aff_3p_of_variant_1,variant_1,
827,GRP004,sent5,syntax,NP complement,NP vs. PP,single_sentence,control,past,no,third_person,they,declarative,start,PP,NA,of,ungrammatical,They started of the rumor.,nppp_past_aff_3p_of_variant_1,variant_1,
828,GRP004,sent6,syntax,NP complement,NP vs. PP,single_sentence,control,past,no,third_person,they,declarative,start,NP,NA,NA,grammatical,They started the rumor.,nppp_past_aff_3p_of_variant_1,variant_1,
829,GRP004,sent1,syntax,NP complement,NP vs. PP,single_sentence,critical,past,no,third_person,she,declarative,think,PP,NA,of,grammatical,She thought of the rumor.,nppp_past_aff_3p_of_variant_2,variant_2,
830,GRP004,sent2,syntax,NP complement,NP vs. PP,single_sentence,critical,past,no,third_person,she,declarative,think,NP,NA,NA,ungrammatical,She thought the rumor.,nppp_past_aff_3p_of_variant_2,variant_2,
831,GRP004,sent3,syntax,NP complement,NP vs. PP,single_sentence,critical,past,no,third_person,she,declarative,know,PP,NA,of,grammatical,She knew of the rumor.,nppp_past_aff_3p_of_variant_2,variant_2,
832,GRP004,sent4,syntax,NP complement,NP vs. PP,single_sentence,critical,past,no,third_person,she,declarative,know,NP,NA,NA,grammatical,She knew the rumor.,nppp_past_aff_3p_of_variant_2,variant_2,
833,GRP004,sent5,syntax,NP complement,NP vs. PP,single_sentence,control,past,no,third_person,she,declarative,start,PP,NA,of,ungrammatical,She started of the rumor.,nppp_past_aff_3p_of_variant_2,variant_2,
834,GRP004,sent6,syntax,NP complement,NP vs. PP,single_sentence,control,past,no,third_person,she,declarative,start,NP,NA,NA,grammatical,She started the rumor.,nppp_past_aff_3p_of_variant_2,variant_2,
835,GRP004,sent1,syntax,NP complement,NP vs. PP,single_sentence,critical,past,yes,third_person,John,declarative,think,PP,NA,of,grammatical,John didn't think of the rumor.,nppp_past_neg_3p_of_base,base,
836,GRP004,sent2,syntax,NP complement,NP vs. PP,single_sentence,critical,past,yes,third_person,John,declarative,think,NP,NA,NA,ungrammatical,John didn't think the rumor.,nppp_past_neg_3p_of_base,base,
837,GRP004,sent3,syntax,NP complement,NP vs. PP,single_sentence,critical,past,yes,third_person,John,declarative,know,PP,NA,of,grammatical,John didn't know of the rumor.,nppp_past_neg_3p_of_base,base,
838,GRP004,sent4,syntax,NP complement,NP vs. PP,single_sentence,critical,past,yes,third_person,John,declarative,know,NP,NA,NA,grammatical,John didn't know the rumor.,nppp_past_neg_3p_of_base,base,
839,GRP004,sent5,syntax,NP complement,NP vs. PP,single_sentence,control,past,yes,third_person,John,declarative,start,PP,NA,of,ungrammatical,John didn't start of the rumor.,nppp_past_neg_3p_of_base,base,
840,GRP004,sent6,syntax,NP complement,NP vs. PP,single_sentence,control,past,yes,third_person,John,declarative,start,NP,NA,NA,grammatical,John didn't start the rumor.,nppp_past_neg_3p_of_base,base,
841,GRP004,sent1,syntax,NP complement,NP vs. PP,single_sentence,critical,past,yes,third_person,Sarah,declarative,think,PP,NA,of,grammatical,Sarah didn't think of the rumor.,nppp_past_neg_3p_of_variant_1,variant_1,
842,GRP004,sent2,syntax,NP complement,NP vs. PP,single_sentence,critical,past,yes,third_person,Sarah,declarative,think,NP,NA,NA,ungrammatical,Sarah didn't think the rumor.,nppp_past_neg_3p_of_variant_1,variant_1,
843,GRP004,sent3,syntax,NP complement,NP vs. PP,single_sentence,critical,past,yes,third_person,Sarah,declarative,know,PP,NA,of,grammatical,Sarah didn't know of the rumor.,nppp_past_neg_3p_of_variant_1,variant_1,
844,GRP004,sent4,syntax,NP complement,NP vs. PP,single_sentence,critical,past,yes,third_person,Sarah,declarative,know,NP,NA,NA,grammatical,Sarah didn't know the rumor.,nppp_past_neg_3p_of_variant_1,variant_1,
845,GRP004,sent5,syntax,NP complement,NP vs. PP,single_sentence,control,past,yes,third_person,Sarah,declarative,start,PP,NA,of,ungrammatical,Sarah didn't start of the rumor.,nppp_past_neg_3p_of_variant_1,variant_1,
846,GRP004,sent6,syntax,NP complement,NP vs. PP,single_sentence,control,past,yes,third_person,Sarah,declarative,start,NP,NA,NA,grammatical,Sarah didn't start the rumor.,nppp_past_neg_3p_of_variant_1,variant_1,
847,GRP004,sent1,syntax,NP complement,NP vs. PP,single_sentence,critical,past,yes,third_person,the cashier,declarative,think,PP,NA,of,grammatical,The cashier didn't think of the rumor.,nppp_past_neg_3p_of_variant_2,variant_2,
848,GRP004,sent2,syntax,NP complement,NP vs. PP,single_sentence,critical,past,yes,third_person,the cashier,declarative,think,NP,NA,NA,ungrammatical,The cashier didn't think the rumor.,nppp_past_neg_3p_of_variant_2,variant_2,
849,GRP004,sent3,syntax,NP complement,NP vs. PP,single_sentence,critical,past,yes,third_person,the cashier,declarative,know,PP,NA,of,grammatical,The cashier didn't know of the rumor.,nppp_past_neg_3p_of_variant_2,variant_2,
850,GRP004,sent4,syntax,NP complement,NP vs. PP,single_sentence,critical,past,yes,third_person,the cashier,declarative,know,NP,NA,NA,grammatical,The cashier didn't know the rumor.,nppp_past_neg_3p_of_variant_2,variant_2,
851,GRP004,sent5,syntax,NP complement,NP vs. PP,single_sentence,control,past,yes,third_person,the cashier,declarative,start,PP,NA,of,ungrammatical,The cashier didn't start of the rumor.,nppp_past_neg_3p_of_variant_2,variant_2,
852,GRP004,sent6,syntax,NP complement,NP vs. PP,single_sentence,control,past,yes,third_person,the cashier,declarative,start,NP,NA,NA,grammatical,The cashier didn't start the rumor.,nppp_past_neg_3p_of_variant_2,variant_2,
853,GRP004,sent1,syntax,NP complement,NP vs. PP,single_sentence,critical,present,no,first_person,I,declarative,think,PP,NA,of,grammatical,I think of the rumor.,nppp_pres_aff_1p_of_base,base,
854,GRP004,sent2,syntax,NP complement,NP vs. PP,single_sentence,critical,present,no,first_person,I,declarative,think,NP,NA,NA,ungrammatical,I think the rumor.,nppp_pres_aff_1p_of_base,base,
855,GRP004,sent3,syntax,NP complement,NP vs. PP,single_sentence,critical,present,no,first_person,I,declarative,know,PP,NA,of,grammatical,I know of the rumor.,nppp_pres_aff_1p_of_base,base,
856,GRP004,sent4,syntax,NP complement,NP vs. PP,single_sentence,critical,present,no,first_person,I,declarative,know,NP,NA,NA,grammatical,I know the rumor.,nppp_pres_aff_1p_of_base,base,
857,GRP004,sent5,syntax,NP complement,NP vs. PP,single_sentence,control,present,no,first_person,I,declarative,start,PP,NA,of,ungrammatical,I start of the rumor.,nppp_pres_aff_1p_of_base,base,
858,GRP004,sent6,syntax,NP complement,NP vs. PP,single_sentence,control,present,no,first_person,I,declarative,start,NP,NA,NA,grammatical,I start the rumor.,nppp_pres_aff_1p_of_base,base,
859,GRP004,sent1,syntax,NP complement,NP vs. PP,single_sentence,critical,present,yes,first_person,I,declarative,think,PP,NA,of,grammatical,I don't think of the rumor.,nppp_pres_neg_1p_of_base,base,
860,GRP004,sent2,syntax,NP complement,NP vs. PP,single_sentence,critical,present,yes,first_person,I,declarative,think,NP,NA,NA,ungrammatical,I don't think the rumor.,nppp_pres_neg_1p_of_base,base,
861,GRP004,sent3,syntax,NP complement,NP vs. PP,single_sentence,critical,present,yes,first_person,I,declarative,know,PP,NA,of,grammatical,I don't know of the rumor.,nppp_pres_neg_1p_of_base,base,
862,GRP004,sent4,syntax,NP complement,NP vs. PP,single_sentence,critical,present,yes,first_person,I,declarative,know,NP,NA,NA,grammatical,I don't know the rumor.,nppp_pres_neg_1p_of_base,base,
863,GRP004,sent5,syntax,NP complement,NP vs. PP,single_sentence,control,present,yes,first_person,I,declarative,start,PP,NA,of,ungrammatical,I don't start of the rumor.,nppp_pres_neg_1p_of_base,base,
864,GRP004,sent6,syntax,NP complement,NP vs. PP,single_sentence,control,present,yes,first_person,I,declarative,start,NP,NA,NA,grammatical,I don't start the rumor.,nppp_pres_neg_1p_of_base,base,
865,GRP004,sent1,syntax,NP complement,NP vs. PP,single_sentence,critical,past,no,first_person,I,declarative,think,PP,NA,of,grammatical,I thought of the rumor.,nppp_past_aff_1p_of_base,base,
866,GRP004,sent2,syntax,NP complement,NP vs. PP,single_sentence,critical,past,no,first_person,I,declarative,think,NP,NA,NA,ungrammatical,I thought the rumor.,nppp_past_aff_1p_of_base,base,
867,GRP004,sent3,syntax,NP complement,NP vs. PP,single_sentence,critical,past,no,first_person,I,declarative,know,PP,NA,of,grammatical,I knew of the rumor.,nppp_past_aff_1p_of_base,base,
868,GRP004,sent4,syntax,NP complement,NP vs. PP,single_sentence,critical,past,no,first_person,I,declarative,know,NP,NA,NA,grammatical,I knew the rumor.,nppp_past_aff_1p_of_base,base,
869,GRP004,sent5,syntax,NP complement,NP vs. PP,single_sentence,control,past,no,first_person,I,declarative,start,PP,NA,of,ungrammatical,I started of the rumor.,nppp_past_aff_1p_of_base,base,
870,GRP004,sent6,syntax,NP complement,NP vs. PP,single_sentence,control,past,no,first_person,I,declarative,start,NP,NA,NA,grammatical,I started the rumor.,nppp_past_aff_1p_of_base,base,
871,GRP004,sent1,syntax,NP complement,NP vs. PP,single_sentence,critical,past,yes,first_person,I,declarative,think,PP,NA,of,grammatical,I didn't think of the rumor.,nppp_past_neg_1p_of_base,base,
872,GRP004,sent2,syntax,NP complement,NP vs. PP,single_sentence,critical,past,yes,first_person,I,declarative,think,NP,NA,NA,ungrammatical,I didn't think the rumor.,nppp_past_neg_1p_of_base,base,
873,GRP004,sent3,syntax,NP complement,NP vs. PP,single_sentence,critical,past,yes,first_person,I,declarative,know,PP,NA,of,grammatical,I didn't know of the rumor.,nppp_past_neg_1p_of_base,base,
874,GRP004,sent4,syntax,NP complement,NP vs. PP,single_sentence,critical,past,yes,first_person,I,declarative,know,NP,NA,NA,grammatical,I didn't know the rumor.,nppp_past_neg_1p_of_base,base,
875,GRP004,sent5,syntax,NP complement,NP vs. PP,single_sentence,control,past,yes,first_person,I,declarative,start,PP,NA,of,ungrammatical,I didn't start of the rumor.,nppp_past_neg_1p_of_base,base,
876,GRP004,sent6,syntax,NP complement,NP vs. PP,single_sentence,control,past,yes,first_person,I,declarative,start,NP,NA,NA,grammatical,I didn't start the rumor.,nppp_past_neg_1p_of_base,base,
877,GRP005,sent1,syntax,Factive island,,single_sentence,critical,present,no,third_person,John,wh_question,know,declarative,none,NA,ungrammatical,Where does John know the keys are?,fact_pres_3p_base,base,
878,GRP005,sent2,syntax,Factive island,,single_sentence,critical,present,no,third_person,John,wh_question,think,declarative,none,NA,grammatical,Where does John think the keys are?,fact_pres_3p_base,base,
879,GRP005,sent3,syntax,Factive island,,single_sentence,critical,present,no,third_person,John,polar_question,know,interrogative,where,NA,grammatical,Does John know where the keys are?,fact_pres_3p_base,base,
880,GRP005,sent4,syntax,Factive island,,single_sentence,critical,present,no,third_person,John,polar_question,think,interrogative,where,NA,ungrammatical,Does John think where the keys are?,fact_pres_3p_base,base,
881,GRP005,sent1,syntax,Factive island,,single_sentence,critical,present,no,third_person,John,wh_question,know,declarative,none,NA,ungrammatical,Where does John know Sarah's keys are?,fact_pres_3p_variant_1,variant_1,
882,GRP005,sent2,syntax,Factive island,,single_sentence,critical,present,no,third_person,John,wh_question,think,declarative,none,NA,grammatical,Where does John think Sarah's keys are?,fact_pres_3p_variant_1,variant_1,
883,GRP005,sent3,syntax,Factive island,,single_sentence,critical,present,no,third_person,John,polar_question,know,interrogative,where,NA,grammatical,Does John know where Sarah's keys are?,fact_pres_3p_variant_1,variant_1,
884,GRP005,sent4,syntax,Factive island,,single_sentence,critical,present,no,third_person,John,polar_question,think,interrogative,where,NA,ungrammatical,Does John think where Sarah's keys are?,fact_pres_3p_variant_1,variant_1,
885,GRP005,sent1,syntax,Factive island,,single_sentence,critical,present,no,third_person,she,wh_question,know,declarative,none,NA,ungrammatical,Where does she know the keys are?,fact_pres_3p_variant_2,variant_2,
886,GRP005,sent2,syntax,Factive island,,single_sentence,critical,present,no,third_person,she,wh_question,think,declarative,none,NA,grammatical,Where does she think the keys are?,fact_pres_3p_variant_2,variant_2,
887,GRP005,sent3,syntax,Factive island,,single_sentence,critical,present,no,third_person,she,polar_question,know,interrogative,where,NA,grammatical,Does she know where the keys are?,fact_pres_3p_variant_2,variant_2,
888,GRP005,sent4,syntax,Factive island,,single_sentence,critical,present,no,third_person,she,polar_question,think,interrogative,where,NA,ungrammatical,Does she think where the keys are?,fact_pres_3p_variant_2,variant_2,
889,GRP005,sent1,syntax,Factive island,,single_sentence,critical,past,no,third_person,John,wh_question,know,declarative,none,NA,ungrammatical,Where did John know the keys were?,fact_past_3p_base,base,
890,GRP005,sent2,syntax,Factive island,,single_sentence,critical,past,no,third_person,John,wh_question,think,declarative,none,NA,grammatical,Where did John think the keys were?,fact_past_3p_base,base,
891,GRP005,sent3,syntax,Factive island,,single_sentence,critical,past,no,third_person,John,polar_question,know,interrogative,where,NA,grammatical,Did John know where the keys were?,fact_past_3p_base,base,
892,GRP005,sent4,syntax,Factive island,,single_sentence,critical,past,no,third_person,John,polar_question,think,interrogative,where,NA,ungrammatical,Did John think where the keys were?,fact_past_3p_base,base,
893,GRP005,sent1,syntax,Factive island,,single_sentence,critical,past,no,third_person,John,wh_question,know,declarative,none,NA,ungrammatical,Where did John know my keys were?,fact_past_3p_variant_1,variant_1,
894,GRP005,sent2,syntax,Factive island,,single_sentence,critical,past,no,third_person,John,wh_question,think,declarative,none,NA,grammatical,Where did John think my keys were?,fact_past_3p_variant_1,variant_1,
895,GRP005,sent3,syntax,Factive island,,single_sentence,critical,past,no,third_person,John,polar_question,know,interrogative,where,NA,grammatical,Did John know where my keys were?,fact_past_3p_variant_1,variant_1,
896,GRP005,sent4,syntax,Factive island,,single_sentence,critical,past,no,third_person,John,polar_question,think,interrogative,where,NA,ungrammatical,Did John think where my keys were?,fact_past_3p_variant_1,variant_1,
897,GRP005,sent1,syntax,Factive island,,single_sentence,critical,past,no,third_person,she,wh_question,know,declarative,none,NA,ungrammatical,Where did she know Mary hid the files?,fact_past_3p_variant_2,variant_2,
898,GRP005,sent2,syntax,Factive island,,single_sentence,critical,past,no,third_person,she,wh_question,think,declarative,none,NA,grammatical,Where did she think Mary hid the files?,fact_past_3p_variant_2,variant_2,
899,GRP005,sent3,syntax,Factive island,,single_sentence,critical,past,no,third_person,she,polar_question,know,interrogative,where,NA,grammatical,Did she know where Mary hid the files?,fact_past_3p_variant_2,variant_2,
900,GRP005,sent4,syntax,Factive island,,single_sentence,critical,past,no,third_person,she,polar_question,think,interrogative,where,NA,ungrammatical,Did she think where Mary hid the files?,fact_past_3p_variant_2,variant_2,
901,GRP005,sent1,syntax,Factive island,,single_sentence,critical,present,no,first_person,I,wh_question,know,declarative,none,NA,ungrammatical,Where do I know the keys are?,fact_pres_1p_base,base,
902,GRP005,sent2,syntax,Factive island,,single_sentence,critical,present,no,first_person,I,wh_question,think,declarative,none,NA,grammatical,Where do I think the keys are?,fact_pres_1p_base,base,
903,GRP005,sent3,syntax,Factive island,,single_sentence,critical,present,no,first_person,I,polar_question,know,interrogative,where,NA,grammatical,Do I know where the keys are?,fact_pres_1p_base,base,
904,GRP005,sent4,syntax,Factive island,,single_sentence,critical,present,no,first_person,I,polar_question,think,interrogative,where,NA,ungrammatical,Do I think where the keys are?,fact_pres_1p_base,base,
905,GRP005,sent1,syntax,Factive island,,single_sentence,critical,present,no,first_person,I,wh_question,know,declarative,none,NA,ungrammatical,Why do I know Jane ate the cookies?,fact_pres_1p_variant_1,variant_1,
906,GRP005,sent2,syntax,Factive island,,single_sentence,critical,present,no,first_person,I,wh_question,think,declarative,none,NA,grammatical,Why do I think Jane ate the cookies?,fact_pres_1p_variant_1,variant_1,
907,GRP005,sent3,syntax,Factive island,,single_sentence,critical,present,no,first_person,I,polar_question,know,interrogative,why,NA,grammatical,Do I know why Jane ate the cookies?,fact_pres_1p_variant_1,variant_1,
908,GRP005,sent4,syntax,Factive island,,single_sentence,critical,present,no,first_person,I,polar_question,think,interrogative,why,NA,ungrammatical,Do I think why Jane ate the cookies?,fact_pres_1p_variant_1,variant_1,
909,GRP005,sent1,syntax,Factive island,,single_sentence,critical,present,no,first_person,I,wh_question,know,declarative,none,NA,ungrammatical,Where do I know the files are?,fact_pres_1p_variant_2,variant_2,
910,GRP005,sent2,syntax,Factive island,,single_sentence,critical,present,no,first_person,I,wh_question,think,declarative,none,NA,grammatical,Where do I think the files are?,fact_pres_1p_variant_2,variant_2,
911,GRP005,sent3,syntax,Factive island,,single_sentence,critical,present,no,first_person,I,polar_question,know,interrogative,where,NA,grammatical,Do I know where the files are?,fact_pres_1p_variant_2,variant_2,
912,GRP005,sent4,syntax,Factive island,,single_sentence,critical,present,no,first_person,I,polar_question,think,interrogative,where,NA,ungrammatical,Do I think where the files are?,fact_pres_1p_variant_2,variant_2,
913,GRP005,sent1,syntax,Factive island,,single_sentence,critical,past,no,first_person,I,wh_question,know,declarative,none,NA,ungrammatical,Where did I know the keys were?,fact_past_1p_base,base,
914,GRP005,sent2,syntax,Factive island,,single_sentence,critical,past,no,first_person,I,wh_question,think,declarative,none,NA,grammatical,Where did I think the keys were?,fact_past_1p_base,base,
915,GRP005,sent3,syntax,Factive island,,single_sentence,critical,past,no,first_person,I,polar_question,know,interrogative,where,NA,grammatical,Did I know where the keys were?,fact_past_1p_base,base,
916,GRP005,sent4,syntax,Factive island,,single_sentence,critical,past,no,first_person,I,polar_question,think,interrogative,where,NA,ungrammatical,Did I think where the keys were?,fact_past_1p_base,base,
917,GRP005,sent1,syntax,Factive island,,single_sentence,critical,past,no,first_person,I,wh_question,know,declarative,none,NA,ungrammatical,Where did I know Mary hid the files?,fact_past_1p_variant_1,variant_1,
918,GRP005,sent2,syntax,Factive island,,single_sentence,critical,past,no,first_person,I,wh_question,think,declarative,none,NA,grammatical,Where did I think Mary hid the files?,fact_past_1p_variant_1,variant_1,
919,GRP005,sent3,syntax,Factive island,,single_sentence,critical,past,no,first_person,I,polar_question,know,interrogative,where,NA,grammatical,Did I know where Mary hid the files?,fact_past_1p_variant_1,variant_1,
920,GRP005,sent4,syntax,Factive island,,single_sentence,critical,past,no,first_person,I,polar_question,think,interrogative,where,NA,ungrammatical,Did I think where Mary hid the files?,fact_past_1p_variant_1,variant_1,
921,GRP005,sent1,syntax,Factive island,,single_sentence,critical,past,no,first_person,I,wh_question,know,declarative,none,NA,ungrammatical,When did I know Mary hid the keys?,fact_past_1p_variant_2,variant_2,
922,GRP005,sent2,syntax,Factive island,,single_sentence,critical,past,no,first_person,I,wh_question,think,declarative,none,NA,grammatical,When did I think Mary hid the keys?,fact_past_1p_variant_2,variant_2,
923,GRP005,sent3,syntax,Factive island,,single_sentence,critical,past,no,first_person,I,polar_question,know,interrogative,when,NA,grammatical,Did I know when Mary hid the keys?,fact_past_1p_variant_2,variant_2,
924,GRP005,sent4,syntax,Factive island,,single_sentence,critical,past,no,first_person,I,polar_question,think,interrogative,when,NA,ungrammatical,Did I think when Mary hid the keys?,fact_past_1p_variant_2,variant_2,
925,GRP006,sent1,syntax,Ellipsis,Standalone,single_sentence,critical,present,no,first_person,I,declarative,think,so,NA,NA,grammatical,I think so.,ellsa_pres_aff_1p_base,base,
926,GRP006,sent2,syntax,Ellipsis,Standalone,single_sentence,critical,present,no,first_person,I,declarative,think,none,NA,NA,ungrammatical,I think.,ellsa_pres_aff_1p_base,base,
927,GRP006,sent3,syntax,Ellipsis,Standalone,single_sentence,critical,present,no,first_person,I,declarative,know,none,NA,NA,grammatical,I know.,ellsa_pres_aff_1p_base,base,
928,GRP006,sent4,syntax,Ellipsis,Standalone,single_sentence,critical,present,no,first_person,I,declarative,know,so,NA,NA,ungrammatical,I know so.,ellsa_pres_aff_1p_base,base,
929,GRP006,sent5,,Ellipsis,Standalone,single_sentence,control,present,no,first_person,I,declarative,guess,none,NA,NA,grammatical,I guess.,ellsa_pres_aff_1p_base,base,
930,GRP006,sent6,,Ellipsis,Standalone,single_sentence,control,present,no,first_person,I,declarative,guess,so,NA,NA,grammatical,I guess so.,ellsa_pres_aff_1p_base,base,
931,GRP006,sent1,syntax,Ellipsis,Standalone,single_sentence,critical,present,yes,first_person,I,declarative,think,so,NA,NA,grammatical,I don't think so.,ellsa_pres_neg_1p_base,base,
932,GRP006,sent2,syntax,Ellipsis,Standalone,single_sentence,critical,present,yes,first_person,I,declarative,think,none,NA,NA,ungrammatical,I don't think.,ellsa_pres_neg_1p_base,base,
933,GRP006,sent3,syntax,Ellipsis,Standalone,single_sentence,critical,present,yes,first_person,I,declarative,know,none,NA,NA,grammatical,I don't know.,ellsa_pres_neg_1p_base,base,
934,GRP006,sent4,syntax,Ellipsis,Standalone,single_sentence,critical,present,yes,first_person,I,declarative,know,so,NA,NA,ungrammatical,I don't know so.,ellsa_pres_neg_1p_base,base,
935,GRP006,sent5,,Ellipsis,Standalone,single_sentence,control,present,yes,first_person,I,declarative,guess,none,NA,NA,grammatical,I don't guess.,ellsa_pres_neg_1p_base,base,
936,GRP006,sent6,,Ellipsis,Standalone,single_sentence,control,present,yes,first_person,I,declarative,guess,so,NA,NA,grammatical,I don't guess so.,ellsa_pres_neg_1p_base,base,
937,GRP006,sent1,syntax,Ellipsis,Standalone,single_sentence,critical,past,no,first_person,I,declarative,think,so,NA,NA,grammatical,I thought so.,ellsa_past_aff_1p_base,base,
938,GRP006,sent2,syntax,Ellipsis,Standalone,single_sentence,critical,past,no,first_person,I,declarative,think,none,NA,NA,ungrammatical,I thought.,ellsa_past_aff_1p_base,base,
939,GRP006,sent3,syntax,Ellipsis,Standalone,single_sentence,critical,past,no,first_person,I,declarative,know,none,NA,NA,grammatical,I knew.,ellsa_past_aff_1p_base,base,
940,GRP006,sent4,syntax,Ellipsis,Standalone,single_sentence,critical,past,no,first_person,I,declarative,know,so,NA,NA,ungrammatical,I knew so.,ellsa_past_aff_1p_base,base,
941,GRP006,sent5,,Ellipsis,Standalone,single_sentence,control,past,no,first_person,I,declarative,guess,none,NA,NA,grammatical,I guessed.,ellsa_past_aff_1p_base,base,
942,GRP006,sent6,,Ellipsis,Standalone,single_sentence,control,past,no,first_person,I,declarative,guess,so,NA,NA,grammatical,I guessed so.,ellsa_past_aff_1p_base,base,
943,GRP006,sent1,syntax,Ellipsis,Standalone,single_sentence,critical,past,yes,first_person,I,declarative,think,so,NA,NA,grammatical,I didn't think so.,ellsa_past_neg_1p_base,base,
944,GRP006,sent2,syntax,Ellipsis,Standalone,single_sentence,critical,past,yes,first_person,I,declarative,think,none,NA,NA,ungrammatical,I didn't think.,ellsa_past_neg_1p_base,base,
945,GRP006,sent3,syntax,Ellipsis,Standalone,single_sentence,critical,past,yes,first_person,I,declarative,know,none,NA,NA,grammatical,I didn't know.,ellsa_past_neg_1p_base,base,
946,GRP006,sent4,syntax,Ellipsis,Standalone,single_sentence,critical,past,yes,first_person,I,declarative,know,so,NA,NA,ungrammatical,I didn't know so.,ellsa_past_neg_1p_base,base,
947,GRP006,sent5,,Ellipsis,Standalone,single_sentence,control,past,yes,first_person,I,declarative,guess,none,NA,NA,grammatical,I didn't guess.,ellsa_past_neg_1p_base,base,
948,GRP006,sent6,,Ellipsis,Standalone,single_sentence,control,past,yes,first_person,I,declarative,guess,so,NA,NA,grammatical,I didn't guess so.,ellsa_past_neg_1p_base,base,
949,GRP006,sent1,syntax,Ellipsis,Standalone,single_sentence,critical,present,no,third_person,John,declarative,think,so,NA,NA,grammatical,John thinks so.,ellsa_pres_aff_3p_base,base,
950,GRP006,sent2,syntax,Ellipsis,Standalone,single_sentence,critical,present,no,third_person,John,declarative,think,none,NA,NA,ungrammatical,John thinks.,ellsa_pres_aff_3p_base,base,
951,GRP006,sent3,syntax,Ellipsis,Standalone,single_sentence,critical,present,no,third_person,John,declarative,know,none,NA,NA,grammatical,John knows.,ellsa_pres_aff_3p_base,base,
952,GRP006,sent4,syntax,Ellipsis,Standalone,single_sentence,critical,present,no,third_person,John,declarative,know,so,NA,NA,ungrammatical,John knows so.,ellsa_pres_aff_3p_base,base,
953,GRP006,sent5,,Ellipsis,Standalone,single_sentence,control,present,no,third_person,John,declarative,guess,none,NA,NA,grammatical,John guesses.,ellsa_pres_aff_3p_base,base,
954,GRP006,sent6,,Ellipsis,Standalone,single_sentence,control,present,no,third_person,John,declarative,guess,so,NA,NA,grammatical,John guesses so.,ellsa_pres_aff_3p_base,base,
955,GRP006,sent1,syntax,Ellipsis,Standalone,single_sentence,critical,present,no,third_person,they,declarative,think,so,NA,NA,grammatical,They think so.,ellsa_pres_aff_3p_variant_1,variant_1,
956,GRP006,sent2,syntax,Ellipsis,Standalone,single_sentence,critical,present,no,third_person,they,declarative,think,none,NA,NA,ungrammatical,They think.,ellsa_pres_aff_3p_variant_1,variant_1,
957,GRP006,sent3,syntax,Ellipsis,Standalone,single_sentence,critical,present,no,third_person,they,declarative,know,none,NA,NA,grammatical,They know.,ellsa_pres_aff_3p_variant_1,variant_1,
958,GRP006,sent4,syntax,Ellipsis,Standalone,single_sentence,critical,present,no,third_person,they,declarative,know,so,NA,NA,ungrammatical,They know so.,ellsa_pres_aff_3p_variant_1,variant_1,
959,GRP006,sent5,,Ellipsis,Standalone,single_sentence,control,present,no,third_person,they,declarative,guess,none,NA,NA,grammatical,They guess.,ellsa_pres_aff_3p_variant_1,variant_1,
960,GRP006,sent6,,Ellipsis,Standalone,single_sentence,control,present,no,third_person,they,declarative,guess,so,NA,NA,grammatical,They guess so.,ellsa_pres_aff_3p_variant_1,variant_1,
961,GRP006,sent1,syntax,Ellipsis,Standalone,single_sentence,critical,present,no,third_person,Sarah,declarative,think,so,NA,NA,grammatical,Sarah thinks so.,ellsa_pres_aff_3p_variant_2,variant_2,
962,GRP006,sent2,syntax,Ellipsis,Standalone,single_sentence,critical,present,no,third_person,Sarah,declarative,think,none,NA,NA,ungrammatical,Sarah thinks.,ellsa_pres_aff_3p_variant_2,variant_2,
963,GRP006,sent3,syntax,Ellipsis,Standalone,single_sentence,critical,present,no,third_person,Sarah,declarative,know,none,NA,NA,grammatical,Sarah knows.,ellsa_pres_aff_3p_variant_2,variant_2,
964,GRP006,sent4,syntax,Ellipsis,Standalone,single_sentence,critical,present,no,third_person,Sarah,declarative,know,so,NA,NA,ungrammatical,Sarah knows so.,ellsa_pres_aff_3p_variant_2,variant_2,
965,GRP006,sent5,,Ellipsis,Standalone,single_sentence,control,present,no,third_person,Sarah,declarative,guess,none,NA,NA,grammatical,Sarah guesses.,ellsa_pres_aff_3p_variant_2,variant_2,
966,GRP006,sent6,,Ellipsis,Standalone,single_sentence,control,present,no,third_person,Sarah,declarative,guess,so,NA,NA,grammatical,Sarah guesses so.,ellsa_pres_aff_3p_variant_2,variant_2,
967,GRP006,sent1,syntax,Ellipsis,Standalone,single_sentence,critical,present,yes,third_person,John,declarative,think,so,NA,NA,grammatical,John doesn't think so.,ellsa_pres_neg_3p_base,base,
968,GRP006,sent2,syntax,Ellipsis,Standalone,single_sentence,critical,present,yes,third_person,John,declarative,think,none,NA,NA,ungrammatical,John doesn't think.,ellsa_pres_neg_3p_base,base,
969,GRP006,sent3,syntax,Ellipsis,Standalone,single_sentence,critical,present,yes,third_person,John,declarative,know,none,NA,NA,grammatical,John doesn't know.,ellsa_pres_neg_3p_base,base,
970,GRP006,sent4,syntax,Ellipsis,Standalone,single_sentence,critical,present,yes,third_person,John,declarative,know,so,NA,NA,ungrammatical,John doesn't know so.,ellsa_pres_neg_3p_base,base,
971,GRP006,sent5,,Ellipsis,Standalone,single_sentence,control,present,yes,third_person,John,declarative,guess,none,NA,NA,grammatical,John doesn't guess.,ellsa_pres_neg_3p_base,base,
972,GRP006,sent6,,Ellipsis,Standalone,single_sentence,control,present,yes,third_person,John,declarative,guess,so,NA,NA,grammatical,John doesn't guess so.,ellsa_pres_neg_3p_base,base,
973,GRP006,sent1,syntax,Ellipsis,Standalone,single_sentence,critical,present,yes,third_person,Jane,declarative,think,so,NA,NA,grammatical,Jane doesn't think so.,ellsa_pres_neg_3p_variant_1,variant_1,
974,GRP006,sent2,syntax,Ellipsis,Standalone,single_sentence,critical,present,yes,third_person,Jane,declarative,think,none,NA,NA,ungrammatical,Jane doesn't think.,ellsa_pres_neg_3p_variant_1,variant_1,
975,GRP006,sent3,syntax,Ellipsis,Standalone,single_sentence,critical,present,yes,third_person,Jane,declarative,know,none,NA,NA,grammatical,Jane doesn't know.,ellsa_pres_neg_3p_variant_1,variant_1,
976,GRP006,sent4,syntax,Ellipsis,Standalone,single_sentence,critical,present,yes,third_person,Jane,declarative,know,so,NA,NA,ungrammatical,Jane doesn't know so.,ellsa_pres_neg_3p_variant_1,variant_1,
977,GRP006,sent5,,Ellipsis,Standalone,single_sentence,control,present,yes,third_person,Jane,declarative,guess,none,NA,NA,grammatical,Jane doesn't guess.,ellsa_pres_neg_3p_variant_1,variant_1,
978,GRP006,sent6,,Ellipsis,Standalone,single_sentence,control,present,yes,third_person,Jane,declarative,guess,so,NA,NA,grammatical,Jane doesn't guess so.,ellsa_pres_neg_3p_variant_1,variant_1,
979,GRP006,sent1,syntax,Ellipsis,Standalone,single_sentence,critical,present,yes,third_person,Sarah,declarative,think,so,NA,NA,grammatical,Sarah doesn't think so.,ellsa_pres_neg_3p_variant_2,variant_2,
980,GRP006,sent2,syntax,Ellipsis,Standalone,single_sentence,critical,present,yes,third_person,Sarah,declarative,think,none,NA,NA,ungrammatical,Sarah doesn't think.,ellsa_pres_neg_3p_variant_2,variant_2,
981,GRP006,sent3,syntax,Ellipsis,Standalone,single_sentence,critical,present,yes,third_person,Sarah,declarative,know,none,NA,NA,grammatical,Sarah doesn't know.,ellsa_pres_neg_3p_variant_2,variant_2,
982,GRP006,sent4,syntax,Ellipsis,Standalone,single_sentence,critical,present,yes,third_person,Sarah,declarative,know,so,NA,NA,ungrammatical,Sarah doesn't know so.,ellsa_pres_neg_3p_variant_2,variant_2,
983,GRP006,sent5,,Ellipsis,Standalone,single_sentence,control,present,yes,third_person,Sarah,declarative,guess,none,NA,NA,grammatical,Sarah doesn't guess.,ellsa_pres_neg_3p_variant_2,variant_2,
984,GRP006,sent6,,Ellipsis,Standalone,single_sentence,control,present,yes,third_person,Sarah,declarative,guess,so,NA,NA,grammatical,Sarah doesn't guess so.,ellsa_pres_neg_3p_variant_2,variant_2,
985,GRP006,sent1,syntax,Ellipsis,Standalone,single_sentence,critical,past,no,third_person,John,declarative,think,so,NA,NA,grammatical,John thought so.,ellsa_past_aff_3p_base,base,
986,GRP006,sent2,syntax,Ellipsis,Standalone,single_sentence,critical,past,no,third_person,John,declarative,think,none,NA,NA,ungrammatical,John thought.,ellsa_past_aff_3p_base,base,
987,GRP006,sent3,syntax,Ellipsis,Standalone,single_sentence,critical,past,no,third_person,John,declarative,know,none,NA,NA,grammatical,John knew.,ellsa_past_aff_3p_base,base,
988,GRP006,sent4,syntax,Ellipsis,Standalone,single_sentence,critical,past,no,third_person,John,declarative,know,so,NA,NA,ungrammatical,John knew so.,ellsa_past_aff_3p_base,base,
989,GRP006,sent5,,Ellipsis,Standalone,single_sentence,control,past,no,third_person,John,declarative,guess,none,NA,NA,grammatical,John guessed.,ellsa_past_aff_3p_base,base,
990,GRP006,sent6,,Ellipsis,Standalone,single_sentence,control,past,no,third_person,John,declarative,guess,so,NA,NA,grammatical,John guessed so.,ellsa_past_aff_3p_base,base,
991,GRP006,sent1,syntax,Ellipsis,Standalone,single_sentence,critical,past,no,third_person,she,declarative,think,so,NA,NA,grammatical,She thought so.,ellsa_past_aff_3p_variant_1,variant_1,
992,GRP006,sent2,syntax,Ellipsis,Standalone,single_sentence,critical,past,no,third_person,she,declarative,think,none,NA,NA,ungrammatical,She thought.,ellsa_past_aff_3p_variant_1,variant_1,
993,GRP006,sent3,syntax,Ellipsis,Standalone,single_sentence,critical,past,no,third_person,she,declarative,know,none,NA,NA,grammatical,She knew.,ellsa_past_aff_3p_variant_1,variant_1,
994,GRP006,sent4,syntax,Ellipsis,Standalone,single_sentence,critical,past,no,third_person,she,declarative,know,so,NA,NA,ungrammatical,She knew so.,ellsa_past_aff_3p_variant_1,variant_1,
995,GRP006,sent5,,Ellipsis,Standalone,single_sentence,control,past,no,third_person,she,declarative,guess,none,NA,NA,grammatical,She guessed.,ellsa_past_aff_3p_variant_1,variant_1,
996,GRP006,sent6,,Ellipsis,Standalone,single_sentence,control,past,no,third_person,she,declarative,guess,so,NA,NA,grammatical,She guessed so.,ellsa_past_aff_3p_variant_1,variant_1,
997,GRP006,sent1,syntax,Ellipsis,Standalone,single_sentence,critical,past,no,third_person,Olivia,declarative,think,so,NA,NA,grammatical,Olivia thought so.,ellsa_past_aff_3p_variant_2,variant_2,
998,GRP006,sent2,syntax,Ellipsis,Standalone,single_sentence,critical,past,no,third_person,Olivia,declarative,think,none,NA,NA,ungrammatical,Olivia thought.,ellsa_past_aff_3p_variant_2,variant_2,
999,GRP006,sent3,syntax,Ellipsis,Standalone,single_sentence,critical,past,no,third_person,Olivia,declarative,know,none,NA,NA,grammatical,Olivia knew.,ellsa_past_aff_3p_variant_2,variant_2,
1000,GRP006,sent4,syntax,Ellipsis,Standalone,single_sentence,critical,past,no,third_person,Olivia,declarative,know,so,NA,NA,ungrammatical,Olivia knew so.,ellsa_past_aff_3p_variant_2,variant_2,
1001,GRP006,sent5,,Ellipsis,Standalone,single_sentence,control,past,no,third_person,Olivia,declarative,guess,none,NA,NA,grammatical,Olivia guessed.,ellsa_past_aff_3p_variant_2,variant_2,
1002,GRP006,sent6,,Ellipsis,Standalone,single_sentence,control,past,no,third_person,Olivia,declarative,guess,so,NA,NA,grammatical,Olivia guessed so.,ellsa_past_aff_3p_variant_2,variant_2,
1003,GRP006,sent1,syntax,Ellipsis,Standalone,single_sentence,critical,past,yes,third_person,John,declarative,think,so,NA,NA,grammatical,John didn't think so.,ellsa_past_neg_3p_base,base,
1004,GRP006,sent2,syntax,Ellipsis,Standalone,single_sentence,critical,past,yes,third_person,John,declarative,think,none,NA,NA,ungrammatical,John didn't think.,ellsa_past_neg_3p_base,base,
1005,GRP006,sent3,syntax,Ellipsis,Standalone,single_sentence,critical,past,yes,third_person,John,declarative,know,none,NA,NA,grammatical,John didn't know.,ellsa_past_neg_3p_base,base,
1006,GRP006,sent4,syntax,Ellipsis,Standalone,single_sentence,critical,past,yes,third_person,John,declarative,know,so,NA,NA,ungrammatical,John didn't know so.,ellsa_past_neg_3p_base,base,
1007,GRP006,sent5,,Ellipsis,Standalone,single_sentence,control,past,yes,third_person,John,declarative,guess,none,NA,NA,grammatical,John didn't guess.,ellsa_past_neg_3p_base,base,
1008,GRP006,sent6,,Ellipsis,Standalone,single_sentence,control,past,yes,third_person,John,declarative,guess,so,NA,NA,grammatical,John didn't guess so.,ellsa_past_neg_3p_base,base,
1009,GRP006,sent1,syntax,Ellipsis,Standalone,single_sentence,critical,past,yes,third_person,Christopher,declarative,think,so,NA,NA,grammatical,Christopher didn't think so.,ellsa_past_neg_3p_variant_1,variant_1,
1010,GRP006,sent2,syntax,Ellipsis,Standalone,single_sentence,critical,past,yes,third_person,Christopher,declarative,think,none,NA,NA,ungrammatical,Christopher didn't think.,ellsa_past_neg_3p_variant_1,variant_1,
1011,GRP006,sent3,syntax,Ellipsis,Standalone,single_sentence,critical,past,yes,third_person,Christopher,declarative,know,none,NA,NA,grammatical,Christopher didn't know.,ellsa_past_neg_3p_variant_1,variant_1,
1012,GRP006,sent4,syntax,Ellipsis,Standalone,single_sentence,critical,past,yes,third_person,Christopher,declarative,know,so,NA,NA,ungrammatical,Christopher didn't know so.,ellsa_past_neg_3p_variant_1,variant_1,
1013,GRP006,sent5,,Ellipsis,Standalone,single_sentence,control,past,yes,third_person,Christopher,declarative,guess,none,NA,NA,grammatical,Christopher didn't guess.,ellsa_past_neg_3p_variant_1,variant_1,
1014,GRP006,sent6,,Ellipsis,Standalone,single_sentence,control,past,yes,third_person,Christopher,declarative,guess,so,NA,NA,grammatical,Christopher didn't guess so.,ellsa_past_neg_3p_variant_1,variant_1,
1015,GRP006,sent1,syntax,Ellipsis,Standalone,single_sentence,critical,past,yes,third_person,the student,declarative,think,so,NA,NA,grammatical,The student didn't think so.,ellsa_past_neg_3p_variant_2,variant_2,
1016,GRP006,sent2,syntax,Ellipsis,Standalone,single_sentence,critical,past,yes,third_person,the student,declarative,think,none,NA,NA,ungrammatical,The student didn't think.,ellsa_past_neg_3p_variant_2,variant_2,
1017,GRP006,sent3,syntax,Ellipsis,Standalone,single_sentence,critical,past,yes,third_person,the student,declarative,know,none,NA,NA,grammatical,The student didn't know.,ellsa_past_neg_3p_variant_2,variant_2,
1018,GRP006,sent4,syntax,Ellipsis,Standalone,single_sentence,critical,past,yes,third_person,the student,declarative,know,so,NA,NA,ungrammatical,The student didn't know so.,ellsa_past_neg_3p_variant_2,variant_2,
1019,GRP006,sent5,,Ellipsis,Standalone,single_sentence,control,past,yes,third_person,the student,declarative,guess,none,NA,NA,grammatical,The student didn't guess.,ellsa_past_neg_3p_variant_2,variant_2,
1020,GRP006,sent6,,Ellipsis,Standalone,single_sentence,control,past,yes,third_person,the student,declarative,guess,so,NA,NA,grammatical,The student didn't guess so.,ellsa_past_neg_3p_variant_2,variant_2,
1021,GRP007,sent1,,Ellipsis,Response to polar Q,mini-discourse,critical,present,no,first_person,I,declarative,think,so,NA,NA,grammatical,A: Is it raining outside? B: I think so.,ellpolq_base,base,
1022,GRP007,sent2,,Ellipsis,Response to polar Q,mini-discourse,critical,present,no,first_person,I,declarative,know,none,NA,NA,ungrammatical,A: Is it raining outside? B: I know.,ellpolq_base,base,
1023,GRP007,sent3,,Ellipsis,Response to polar Q,mini-discourse,control,present,no,first_person,I,declarative,guess,none,NA,NA,grammatical,A: Is it raining outside? B: I guess.,ellpolq_base,base,
1024,GRP007,sent4,,Ellipsis,Response to polar Q,mini-discourse,critical,present,yes,first_person,I,declarative,think,so,NA,NA,grammatical,A: Is it raining outside? B: I don’t think so.,ellpolq_base,base,
1025,GRP007,sent5,,Ellipsis,Response to polar Q,mini-discourse,critical,present,yes,first_person,I,declarative,know,none,NA,NA,grammatical,A: Is it raining outside? B: I don’t know.,ellpolq_base,base,
1026,GRP007,sent6,,Ellipsis,Response to polar Q,mini-discourse,control,present,yes,first_person,I,declarative,guess,so,NA,NA,ungrammatical,A: Is it raining outside? B: I don’t guess so.,ellpolq_base,base,
1027,GRP007,sent1,,Ellipsis,Response to polar Q,mini-discourse,critical,present,no,first_person,I,declarative,think,so,NA,NA,grammatical,A: Is it snowing outside? B: I think so.,ellpolq_variant_1,variant_1,
1028,GRP007,sent2,,Ellipsis,Response to polar Q,mini-discourse,critical,present,no,first_person,I,declarative,know,none,NA,NA,ungrammatical,A: Is it snowing outside? B: I know.,ellpolq_variant_1,variant_1,
1029,GRP007,sent3,,Ellipsis,Response to polar Q,mini-discourse,control,present,no,first_person,I,declarative,guess,none,NA,NA,grammatical,A: Is it snowing outside? B: I guess.,ellpolq_variant_1,variant_1,
1030,GRP007,sent4,,Ellipsis,Response to polar Q,mini-discourse,critical,present,yes,first_person,I,declarative,think,so,NA,NA,grammatical,A: Is it snowing outside? B: I don’t think so.,ellpolq_variant_1,variant_1,
1031,GRP007,sent5,,Ellipsis,Response to polar Q,mini-discourse,critical,present,yes,first_person,I,declarative,know,none,NA,NA,grammatical,A: Is it snowing outside? B: I don’t know.,ellpolq_variant_1,variant_1,
1032,GRP007,sent6,,Ellipsis,Response to polar Q,mini-discourse,control,present,yes,first_person,I,declarative,guess,so,NA,NA,ungrammatical,A: Is it snowing outside? B: I don’t guess so.,ellpolq_variant_1,variant_1,
1033,GRP007,sent1,,Ellipsis,Response to polar Q,mini-discourse,critical,present,no,first_person,I,declarative,think,so,NA,NA,grammatical,A: Is it sunny outside? B: I think so.,ellpolq_variant_2,variant_2,
1034,GRP007,sent2,,Ellipsis,Response to polar Q,mini-discourse,critical,present,no,first_person,I,declarative,know,none,NA,NA,ungrammatical,A: Is it sunny outside? B: I know.,ellpolq_variant_2,variant_2,
1035,GRP007,sent3,,Ellipsis,Response to polar Q,mini-discourse,control,present,no,first_person,I,declarative,guess,none,NA,NA,grammatical,A: Is it sunny outside? B: I guess.,ellpolq_variant_2,variant_2,
1036,GRP007,sent4,,Ellipsis,Response to polar Q,mini-discourse,critical,present,yes,first_person,I,declarative,think,so,NA,NA,grammatical,A: Is it sunny outside? B: I don’t think so.,ellpolq_variant_2,variant_2,
1037,GRP007,sent5,,Ellipsis,Response to polar Q,mini-discourse,critical,present,yes,first_person,I,declarative,know,none,NA,NA,grammatical,A: Is it sunny outside? B: I don’t know.,ellpolq_variant_2,variant_2,
1038,GRP007,sent6,,Ellipsis,Response to polar Q,mini-discourse,control,present,yes,first_person,I,declarative,guess,so,NA,NA,ungrammatical,A: Is it sunny outside? B: I don’t guess so.,ellpolq_variant_2,variant_2,
1039,GRP008,sent1,,Ellipsis,Response to wh Q,mini-discourse,critical,present,no,first_person,I,declarative,think,so,NA,NA,ungrammatical,A: Where are my keys? B: I think so.,ellwhq_base,base,
1040,GRP008,sent2,,Ellipsis,Response to wh Q,mini-discourse,critical,present,no,first_person,I,declarative,know,none,NA,NA,ungrammatical,A: Where are my keys? B: I know.,ellwhq_base,base,
1041,GRP008,sent3,,Ellipsis,Response to wh Q,mini-discourse,critical,present,yes,first_person,I,declarative,think,so,NA,NA,ungrammatical,A: Where are my keys? B: I don’t think so.,ellwhq_base,base,
1042,GRP008,sent4,,Ellipsis,Response to wh Q,mini-discourse,critical,present,yes,first_person,I,declarative,know,none,NA,NA,grammatical,A: Where are my keys? B: I don’t know.,ellwhq_base,base,
1043,GRP008,sent1,,Ellipsis,Response to wh Q,mini-discourse,critical,present,no,first_person,I,declarative,think,so,NA,NA,ungrammatical,A: Where did Mary hide Sarah's documents? B: I think so.,ellwhq_variant_1,variant_1,
1044,GRP008,sent2,,Ellipsis,Response to wh Q,mini-discourse,critical,present,no,first_person,I,declarative,know,none,NA,NA,ungrammatical,A: Where did Mary hide Sarah's documents? B: I know.,ellwhq_variant_1,variant_1,
1045,GRP008,sent3,,Ellipsis,Response to wh Q,mini-discourse,critical,present,yes,first_person,I,declarative,think,so,NA,NA,ungrammatical,A: Where did Mary hide Sarah's documents? B: I don’t think so.,ellwhq_variant_1,variant_1,
1046,GRP008,sent4,,Ellipsis,Response to wh Q,mini-discourse,critical,present,yes,first_person,I,declarative,know,none,NA,NA,grammatical,A: Where did Mary hide Sarah's documents? B: I don’t know.,ellwhq_variant_1,variant_1,
1047,GRP008,sent1,,Ellipsis,Response to wh Q,mini-discourse,critical,present,no,first_person,I,declarative,think,so,NA,NA,ungrammatical,A: Where did the woman hide the files? B: I think so.,ellwhq_variant_2,variant_2,
1048,GRP008,sent2,,Ellipsis,Response to wh Q,mini-discourse,critical,present,no,first_person,I,declarative,know,none,NA,NA,ungrammatical,A: Where did the woman hide the files? B: I know.,ellwhq_variant_2,variant_2,
1049,GRP008,sent3,,Ellipsis,Response to wh Q,mini-discourse,critical,present,yes,first_person,I,declarative,think,so,NA,NA,ungrammatical,A: Where did the woman hide the files? B: I don’t think so.,ellwhq_variant_2,variant_2,
1050,GRP008,sent4,,Ellipsis,Response to wh Q,mini-discourse,critical,present,yes,first_person,I,declarative,know,none,NA,NA,grammatical,A: Where did the woman hide the files? B: I don’t know.,ellwhq_variant_2,variant_2,
1051,GRP009,sent1,,Ellipsis,Response to declarative,mini-discourse,critical,present,no,first_person,I,declarative,think,so,NA,NA,ungrammatical,A: It is raining. B: I think so.,elldecl_base,base,
1052,GRP009,sent2,,Ellipsis,Response to declarative,mini-discourse,critical,present,no,first_person,I,declarative,know,none,NA,NA,grammatical,A: It is raining. B: I know.,elldecl_base,base,
1053,GRP009,sent3,,Ellipsis,Response to declarative,mini-discourse,critical,present,yes,first_person,I,declarative,think,so,NA,NA,grammatical,A: It is raining. B: I don't think so.,elldecl_base,base,
1054,GRP009,sent4,,Ellipsis,Response to declarative,mini-discourse,critical,present,yes,first_person,I,declarative,know,none,NA,NA,ungrammatical,A: It is raining. B: I don't know.,elldecl_base,base,
1055,GRP009,sent1,,Ellipsis,Response to declarative,mini-discourse,critical,present,no,first_person,I,declarative,think,so,NA,NA,ungrammatical,A: It is sunny. B: I think so.,elldecl_variant_1,variant_1,
1056,GRP009,sent2,,Ellipsis,Response to declarative,mini-discourse,critical,present,no,first_person,I,declarative,know,none,NA,NA,grammatical,A: It is sunny. B: I know.,elldecl_variant_1,variant_1,
1057,GRP009,sent3,,Ellipsis,Response to declarative,mini-discourse,critical,present,yes,first_person,I,declarative,think,so,NA,NA,grammatical,A: It is sunny. B: I don't think so.,elldecl_variant_1,variant_1,
1058,GRP009,sent4,,Ellipsis,Response to declarative,mini-discourse,critical,present,yes,first_person,I,declarative,know,none,NA,NA,ungrammatical,A: It is sunny. B: I don't know.,elldecl_variant_1,variant_1,
1059,GRP009,sent1,,Ellipsis,Response to declarative,mini-discourse,critical,present,no,first_person,I,declarative,think,so,NA,NA,ungrammatical,A: The message is false. B: I think so.,elldecl_variant_2,variant_2,
1060,GRP009,sent2,,Ellipsis,Response to declarative,mini-discourse,critical,present,no,first_person,I,declarative,know,none,NA,NA,grammatical,A: The message is false. B: I know.,elldecl_variant_2,variant_2,
1061,GRP009,sent3,,Ellipsis,Response to declarative,mini-discourse,critical,present,yes,first_person,I,declarative,think,so,NA,NA,grammatical,A: The message is false. B: I don't think so.,elldecl_variant_2,variant_2,
1062,GRP009,sent4,,Ellipsis,Response to declarative,mini-discourse,critical,present,yes,first_person,I,declarative,know,none,NA,NA,ungrammatical,A: The message is false. B: I don't know.,elldecl_variant_2,variant_2,
1063,GRP010,sent1,both,Parenthetical,Slifting,single_sentence,critical,present,no,first_person,I,declarative,think,none,NA,NA,grammatical,"It's raining, I think.",slift_base,base,
1064,GRP010,sent2,both,Parenthetical,Slifting,single_sentence,critical,present,no,first_person,I,declarative,know,none,NA,NA,ungrammatical,"It's raining, I know.",slift_base,base,
1065,GRP010,,both,Parenthetical,Slifting,single_sentence,critical,present,no,second_person,you,declarative,think,none,NA,NA,ungrammatical,"It's raining, you think.",slift_base,base,
1066,GRP010,,both,Parenthetical,Slifting,single_sentence,critical,present,no,second_person,you,declarative,know,none,NA,NA,grammatical,"It's raining, you know.",slift_base,base,
1067,GRP010,sent1,both,Parenthetical,Slifting,single_sentence,critical,present,no,first_person,I,declarative,think,none,NA,NA,grammatical,"It's snowing, I think.",slift_variant_1,variant_1,
1068,GRP010,sent2,both,Parenthetical,Slifting,single_sentence,critical,present,no,first_person,I,declarative,know,none,NA,NA,ungrammatical,"It's snowing, I know.",slift_variant_1,variant_1,
1069,GRP010,,both,Parenthetical,Slifting,single_sentence,critical,present,no,second_person,you,declarative,think,none,NA,NA,ungrammatical,"It's snowing, you think.",slift_variant_1,variant_1,
1070,GRP010,,both,Parenthetical,Slifting,single_sentence,critical,present,no,second_person,you,declarative,know,none,NA,NA,grammatical,"It's snowing, you know.",slift_variant_1,variant_1,
1071,GRP010,sent1,both,Parenthetical,Slifting,single_sentence,critical,present,no,first_person,I,declarative,think,none,NA,NA,grammatical,"It's sunny, I think.",slift_variant_2,variant_2,
1072,GRP010,sent2,both,Parenthetical,Slifting,single_sentence,critical,present,no,first_person,I,declarative,know,none,NA,NA,ungrammatical,"It's sunny, I know.",slift_variant_2,variant_2,
1073,GRP010,,both,Parenthetical,Slifting,single_sentence,critical,present,no,second_person,you,declarative,think,none,NA,NA,ungrammatical,"It's sunny, you think.",slift_variant_2,variant_2,
1074,GRP010,,both,Parenthetical,Slifting,single_sentence,critical,present,no,second_person,you,declarative,know,none,NA,NA,grammatical,"It's sunny, you know.",slift_variant_2,variant_2,
